occupation,monthly_income,age,preferred_brand,preferred_ram,usage_type,purchase_count,purchase_month,purchase_quarter,recommended_brand,recommended_category,recommended_ram,recommended_rom,recommended_price_range
vp_ke_toan,19.4,33,Asus,16GB,van_phong_hoc_tap,1,7,3,Asus,Office_Student,16GB,512GB,15tr_25tr
ky_su,39.8,23,Asus,32GB,do_hoa_ky_thuat,1,12,4,Asus,Workstation_Creative,16GB,1TB,40tr_60tr
giao_vien,11.5,32,Dell,32GB,van_phong_hoc_tap,1,3,1,Dell,Office_Student,16GB,512GB,15tr_25tr
lap_trinh_vien,45.1,28,Dell,8GB,do_hoa_ky_thuat,3,12,4,HP,Workstation_Creative,32GB,1TB,tren_60tr
designer,24.3,28,Apple,16GB,do_hoa_ky_thuat,1,1,1,Apple,Workstation_Creative,16GB,1TB,40tr_60tr
lap_trinh_vien,34.1,39,Apple,32GB,do_hoa_ky_thuat,3,8,3,Apple,Workstation_Creative,32GB,1TB,40tr_60tr
gamer_streamer,47.4,22,Asus,32GB,gaming,2,9,3,Dell,Gaming,16GB,1TB,tren_60tr
freelancer_creator,17.6,29,Dell,8GB,do_hoa_ky_thuat,2,3,1,Asus,Gaming,32GB,1TB,25tr_40tr
sinh_vien,7.2,21,Dell,8GB,van_phong_hoc_tap,1,3,1,Dell,Office_Student,8GB,512GB,duoi_15tr
lap_trinh_vien,28.4,36,Apple,16GB,do_hoa_ky_thuat,2,7,3,Apple,Workstation_Creative,16GB,1TB,40tr_60tr
sinh_vien,7.4,18,HP,32GB,van_phong_hoc_tap,1,11,4,HP,Office_Student,8GB,512GB,duoi_15tr
lap_trinh_vien,39.3,23,Asus,8GB,do_hoa_ky_thuat,1,12,4,Asus,Workstation_Creative,32GB,1TB,40tr_60tr
lap_trinh_vien,43.3,28,Apple,8GB,do_hoa_ky_thuat,2,9,3,Asus,Workstation_Creative,32GB,1TB,tren_60tr
lap_trinh_vien,32.0,22,Dell,8GB,do_hoa_ky_thuat,3,6,2,Dell,Workstation_Creative,16GB,1TB,40tr_60tr
sinh_vien,3.5,21,Asus,8GB,gaming,1,1,1,Lenovo,Gaming,8GB,512GB,duoi_15tr
vp_ke_toan,18.9,41,Lenovo,16GB,van_phong_hoc_tap,1,6,2,Lenovo,Office_Student,16GB,512GB,15tr_25tr
freelancer_creator,18.7,27,HP,16GB,do_hoa_ky_thuat,2,11,4,MSI,Gaming,32GB,1TB,25tr_40tr
sinh_vien,2.2,21,Dell,16GB,van_phong_hoc_tap,3,4,2,Dell,Office_Student,8GB,512GB,duoi_15tr
designer,22.8,23,Apple,16GB,do_hoa_ky_thuat,2,2,1,Asus,Workstation_Creative,32GB,1TB,25tr_40tr
sinh_vien,7.9,21,Dell,8GB,van_phong_hoc_tap,3,5,2,Dell,Office_Student,8GB,512GB,duoi_15tr
designer,35.7,25,Apple,16GB,do_hoa_ky_thuat,2,11,4,Lenovo,Workstation_Creative,32GB,1TB,40tr_60tr
sinh_vien,2.6,20,Dell,8GB,van_phong_hoc_tap,1,3,1,Dell,Office_Student,8GB,512GB,duoi_15tr
designer,18.6,26,Dell,8GB,do_hoa_ky_thuat,2,3,1,MSI,Gaming,32GB,1TB,25tr_40tr
vp_ke_toan,11.2,36,Lenovo,32GB,van_phong_hoc_tap,1,8,3,Lenovo,Office_Student,16GB,512GB,15tr_25tr
lap_trinh_vien,35.2,22,Dell,16GB,do_hoa_ky_thuat,1,3,1,Dell,Workstation_Creative,32GB,1TB,40tr_60tr
lap_trinh_vien,24.8,27,Lenovo,8GB,do_hoa_ky_thuat,3,1,1,Lenovo,Workstation_Creative,32GB,1TB,40tr_60tr
sinh_vien,3.8,18,Dell,16GB,van_phong_hoc_tap,3,10,4,HP,Office_Student,8GB,512GB,duoi_15tr
quan_ly_doanh_nhan,35.5,39,Apple,16GB,doanh_nhan_di_dong,2,11,4,Asus,Ultrabook_Business,16GB,512GB,40tr_60tr
giao_vien,11.1,35,Dell,8GB,van_phong_hoc_tap,2,4,2,Dell,Office_Student,16GB,512GB,15tr_25tr
freelancer_creator,36.9,28,Dell,16GB,do_hoa_ky_thuat,1,6,2,Dell,Workstation_Creative,16GB,1TB,40tr_60tr
gamer_streamer,53.0,18,Dell,16GB,gaming,1,12,4,Lenovo,Gaming,16GB,1TB,tren_60tr
quan_ly_doanh_nhan,59.3,35,Dell,16GB,doanh_nhan_di_dong,2,7,3,Dell,Ultrabook_Business,16GB,512GB,40tr_60tr
quan_ly_doanh_nhan,78.6,48,Apple,8GB,doanh_nhan_di_dong,1,7,3,Apple,Ultrabook_Business,16GB,512GB,tren_60tr
sinh_vien,4.6,21,Dell,8GB,van_phong_hoc_tap,1,6,2,Lenovo,Office_Student,8GB,512GB,duoi_15tr
quan_ly_doanh_nhan,80.3,34,Apple,16GB,doanh_nhan_di_dong,1,3,1,Apple,Ultrabook_Business,16GB,512GB,tren_60tr
sinh_vien,2.6,21,Dell,16GB,gaming,3,4,2,MSI,Gaming,8GB,512GB,duoi_15tr
ky_su,37.2,23,Dell,8GB,do_hoa_ky_thuat,3,1,1,Dell,Workstation_Creative,32GB,1TB,40tr_60tr
quan_ly_doanh_nhan,95.8,49,Apple,8GB,doanh_nhan_di_dong,2,1,1,HP,Ultrabook_Business,16GB,512GB,tren_60tr
vp_ke_toan,19.5,32,Dell,8GB,van_phong_hoc_tap,1,2,1,Dell,Office_Student,16GB,512GB,15tr_25tr
vp_ke_toan,15.9,32,Dell,16GB,van_phong_hoc_tap,1,4,2,Dell,Office_Student,16GB,512GB,15tr_25tr
quan_ly_doanh_nhan,27.9,54,Apple,8GB,doanh_nhan_di_dong,1,9,3,Apple,Ultrabook_Business,16GB,512GB,25tr_40tr
designer,15.6,22,Apple,8GB,do_hoa_ky_thuat,3,5,2,MSI,Gaming,16GB,1TB,25tr_40tr
sinh_vien,4.3,18,Asus,8GB,van_phong_hoc_tap,3,1,1,Asus,Office_Student,8GB,512GB,duoi_15tr
gamer_streamer,27.7,29,MSI,32GB,gaming,2,5,2,MSI,Gaming,16GB,1TB,40tr_60tr
sinh_vien,7.7,18,MSI,32GB,gaming,4,10,4,Acer,Gaming,16GB,512GB,15tr_25tr
quan_ly_doanh_nhan,76.6,41,Apple,16GB,doanh_nhan_di_dong,1,8,3,Apple,Ultrabook_Business,16GB,512GB,tren_60tr
designer,14.3,26,HP,16GB,do_hoa_ky_thuat,3,6,2,MSI,Gaming,32GB,1TB,25tr_40tr
vp_ke_toan,16.5,41,Asus,16GB,van_phong_hoc_tap,1,10,4,Asus,Office_Student,16GB,512GB,15tr_25tr
vp_ke_toan,12.9,42,Dell,8GB,van_phong_hoc_tap,2,1,1,Dell,Office_Student,16GB,512GB,15tr_25tr
giao_vien,13.7,23,Dell,32GB,van_phong_hoc_tap,1,5,2,Dell,Office_Student,16GB,512GB,15tr_25tr
quan_ly_doanh_nhan,44.0,48,Samsung,16GB,doanh_nhan_di_dong,2,1,1,Asus,Ultrabook_Business,16GB,512GB,40tr_60tr
vp_ke_toan,16.8,33,Dell,32GB,van_phong_hoc_tap,3,12,4,Dell,Office_Student,16GB,512GB,15tr_25tr
sinh_vien,5.9,19,Lenovo,8GB,gaming,1,11,4,Lenovo,Gaming,16GB,512GB,duoi_15tr
gamer_streamer,44.2,20,MSI,32GB,gaming,2,9,3,Asus,Gaming,32GB,1TB,tren_60tr
sinh_vien,4.5,18,Acer,8GB,van_phong_hoc_tap,2,9,3,Asus,Office_Student,8GB,512GB,duoi_15tr
sinh_vien,2.2,18,Dell,16GB,gaming,2,5,2,MSI,Gaming,16GB,512GB,duoi_15tr
quan_ly_doanh_nhan,88.7,46,HP,8GB,doanh_nhan_di_dong,1,4,2,HP,Ultrabook_Business,16GB,512GB,tren_60tr
ky_su,27.5,29,Dell,16GB,do_hoa_ky_thuat,1,3,1,Dell,Workstation_Creative,32GB,1TB,40tr_60tr
sinh_vien,6.8,18,Dell,16GB,gaming,2,2,1,Lenovo,Gaming,16GB,512GB,15tr_25tr
quan_ly_doanh_nhan,70.6,47,Lenovo,16GB,doanh_nhan_di_dong,3,4,2,Lenovo,Ultrabook_Business,16GB,512GB,tren_60tr
quan_ly_doanh_nhan,47.3,39,Apple,32GB,doanh_nhan_di_dong,1,8,3,Apple,Ultrabook_Business,16GB,512GB,40tr_60tr
lap_trinh_vien,49.3,23,HP,16GB,do_hoa_ky_thuat,1,3,1,Asus,Workstation_Creative,32GB,1TB,tren_60tr
sinh_vien,2.8,21,Lenovo,16GB,gaming,1,2,1,Lenovo,Gaming,16GB,512GB,duoi_15tr
vp_ke_toan,12.2,44,Dell,8GB,van_phong_hoc_tap,1,10,4,Dell,Office_Student,16GB,512GB,15tr_25tr
designer,13.1,30,Asus,16GB,do_hoa_ky_thuat,2,11,4,Asus,Gaming,16GB,512GB,15tr_25tr
gamer_streamer,47.4,21,Lenovo,8GB,gaming,1,10,4,Lenovo,Gaming,32GB,1TB,tren_60tr
sinh_vien,2.9,20,Asus,16GB,van_phong_hoc_tap,2,2,1,Asus,Office_Student,8GB,512GB,duoi_15tr
sinh_vien,3.6,22,Asus,16GB,gaming,1,12,4,Asus,Gaming,8GB,512GB,duoi_15tr
vp_ke_toan,15.8,40,Dell,16GB,van_phong_hoc_tap,2,8,3,Dell,Office_Student,16GB,512GB,15tr_25tr
vp_ke_toan,12.0,42,Lenovo,16GB,van_phong_hoc_tap,1,6,2,Lenovo,Office_Student,16GB,512GB,15tr_25tr
sinh_vien,2.9,21,Dell,16GB,van_phong_hoc_tap,1,9,3,Dell,Office_Student,8GB,512GB,duoi_15tr
giao_vien,19.8,28,HP,32GB,van_phong_hoc_tap,3,6,2,Asus,Office_Student,16GB,512GB,15tr_25tr
designer,27.0,31,HP,16GB,do_hoa_ky_thuat,1,6,2,Lenovo,Workstation_Creative,32GB,1TB,40tr_60tr
sinh_vien,2.7,19,Dell,16GB,van_phong_hoc_tap,3,11,4,Dell,Office_Student,8GB,512GB,duoi_15tr
lap_trinh_vien,34.2,31,Acer,8GB,do_hoa_ky_thuat,3,1,1,Apple,Workstation_Creative,16GB,1TB,40tr_60tr
lap_trinh_vien,31.5,24,HP,32GB,do_hoa_ky_thuat,3,12,4,Apple,Workstation_Creative,32GB,1TB,40tr_60tr
quan_ly_doanh_nhan,38.6,32,Acer,16GB,doanh_nhan_di_dong,1,8,3,HP,Ultrabook_Business,16GB,512GB,40tr_60tr
sinh_vien,3.0,22,Lenovo,16GB,gaming,3,9,3,Lenovo,Gaming,16GB,512GB,duoi_15tr
giao_vien,12.5,41,Lenovo,16GB,van_phong_hoc_tap,1,1,1,Lenovo,Office_Student,16GB,512GB,15tr_25tr
vp_ke_toan,14.5,30,Dell,16GB,van_phong_hoc_tap,1,3,1,Dell,Office_Student,16GB,512GB,15tr_25tr
sinh_vien,6.8,22,Asus,16GB,van_phong_hoc_tap,4,9,3,Asus,Office_Student,8GB,512GB,duoi_15tr
designer,12.9,27,Apple,16GB,do_hoa_ky_thuat,2,6,2,Asus,Gaming,16GB,512GB,15tr_25tr
sinh_vien,4.4,22,HP,16GB,van_phong_hoc_tap,2,11,4,HP,Office_Student,8GB,512GB,duoi_15tr
lap_trinh_vien,23.8,26,Apple,32GB,do_hoa_ky_thuat,1,6,2,Apple,Workstation_Creative,32GB,1TB,40tr_60tr
sinh_vien,5.5,19,Dell,16GB,van_phong_hoc_tap,3,4,2,Lenovo,Office_Student,8GB,512GB,duoi_15tr
designer,16.3,33,Lenovo,8GB,do_hoa_ky_thuat,1,8,3,MSI,Gaming,32GB,1TB,25tr_40tr
quan_ly_doanh_nhan,87.9,51,Apple,8GB,doanh_nhan_di_dong,1,3,1,Apple,Ultrabook_Business,16GB,512GB,tren_60tr
sinh_vien,4.0,21,Lenovo,8GB,van_phong_hoc_tap,1,10,4,HP,Office_Student,8GB,512GB,duoi_15tr
lap_trinh_vien,47.1,32,Dell,32GB,do_hoa_ky_thuat,1,9,3,Dell,Workstation_Creative,32GB,1TB,tren_60tr
vp_ke_toan,15.0,44,Dell,8GB,van_phong_hoc_tap,2,1,1,Dell,Office_Student,16GB,512GB,15tr_25tr
gamer_streamer,36.8,25,Asus,16GB,gaming,1,7,3,HP,Gaming,32GB,1TB,40tr_60tr
vp_ke_toan,18.0,41,Dell,16GB,van_phong_hoc_tap,1,2,1,Dell,Office_Student,16GB,512GB,15tr_25tr
lap_trinh_vien,41.8,25,Dell,16GB,do_hoa_ky_thuat,3,10,4,Dell,Workstation_Creative,16GB,1TB,tren_60tr
sinh_vien,2.9,19,HP,16GB,van_phong_hoc_tap,1,7,3,Acer,Office_Student,8GB,512GB,duoi_15tr
vp_ke_toan,14.8,41,Lenovo,8GB,van_phong_hoc_tap,1,8,3,Asus,Office_Student,16GB,512GB,15tr_25tr
quan_ly_doanh_nhan,35.6,43,HP,16GB,doanh_nhan_di_dong,1,7,3,Apple,Ultrabook_Business,16GB,512GB,40tr_60tr
gamer_streamer,42.1,19,MSI,16GB,gaming,1,10,4,Asus,Gaming,32GB,1TB,tren_60tr
ky_su,29.3,30,HP,8GB,do_hoa_ky_thuat,3,6,2,Apple,Workstation_Creative,32GB,1TB,40tr_60tr
lap_trinh_vien,46.3,38,Lenovo,16GB,do_hoa_ky_thuat,2,2,1,Lenovo,Workstation_Creative,32GB,1TB,tren_60tr
gamer_streamer,59.2,27,MSI,16GB,gaming,2,6,2,MSI,Gaming,32GB,1TB,tren_60tr
vp_ke_toan,14.7,28,Asus,8GB,van_phong_hoc_tap,1,5,2,Asus,Office_Student,16GB,512GB,15tr_25tr
designer,19.0,34,Apple,8GB,do_hoa_ky_thuat,3,10,4,Lenovo,Gaming,32GB,1TB,25tr_40tr
vp_ke_toan,19.5,23,Dell,16GB,van_phong_hoc_tap,1,5,2,Asus,Office_Student,16GB,512GB,15tr_25tr
designer,20.3,24,Acer,8GB,do_hoa_ky_thuat,4,6,2,Apple,Workstation_Creative,32GB,1TB,25tr_40tr
lap_trinh_vien,20.7,32,Apple,32GB,do_hoa_ky_thuat,1,9,3,Apple,Workstation_Creative,32GB,1TB,25tr_40tr
designer,25.9,32,Apple,16GB,do_hoa_ky_thuat,1,2,1,Apple,Workstation_Creative,32GB,1TB,40tr_60tr
lap_trinh_vien,27.6,33,Apple,32GB,do_hoa_ky_thuat,2,9,3,Apple,Workstation_Creative,32GB,1TB,40tr_60tr
gamer_streamer,46.6,22,Acer,16GB,gaming,2,8,3,Acer,Gaming,16GB,1TB,tren_60tr
quan_ly_doanh_nhan,95.8,44,Dell,16GB,doanh_nhan_di_dong,4,10,4,Dell,Ultrabook_Business,16GB,512GB,tren_60tr
sinh_vien,6.2,18,HP,16GB,gaming,2,4,2,HP,Gaming,16GB,512GB,duoi_15tr
sinh_vien,5.6,20,HP,16GB,van_phong_hoc_tap,2,10,4,Acer,Office_Student,8GB,512GB,duoi_15tr
gamer_streamer,36.9,23,Lenovo,16GB,gaming,3,10,4,Lenovo,Gaming,32GB,1TB,40tr_60tr
quan_ly_doanh_nhan,25.0,42,Asus,32GB,doanh_nhan_di_dong,2,7,3,Asus,Ultrabook_Business,16GB,512GB,25tr_40tr
sinh_vien,2.2,21,Asus,32GB,van_phong_hoc_tap,2,9,3,Asus,Office_Student,8GB,512GB,duoi_15tr
designer,12.1,34,Lenovo,8GB,do_hoa_ky_thuat,1,5,2,Lenovo,Gaming,8GB,512GB,15tr_25tr
giao_vien,12.6,26,Dell,32GB,van_phong_hoc_tap,2,11,4,Dell,Office_Student,16GB,512GB,15tr_25tr
gamer_streamer,40.0,19,HP,32GB,gaming,1,4,2,HP,Gaming,32GB,1TB,tren_60tr
sinh_vien,2.3,18,HP,16GB,gaming,1,5,2,HP,Gaming,16GB,512GB,duoi_15tr
lap_trinh_vien,33.4,31,Lenovo,16GB,do_hoa_ky_thuat,4,3,1,Lenovo,Workstation_Creative,32GB,1TB,40tr_60tr
lap_trinh_vien,35.8,35,Apple,16GB,do_hoa_ky_thuat,1,11,4,Apple,Workstation_Creative,16GB,1TB,40tr_60tr
sinh_vien,4.0,18,Dell,16GB,van_phong_hoc_tap,1,8,3,HP,Office_Student,8GB,512GB,duoi_15tr
sinh_vien,3.3,22,Acer,8GB,van_phong_hoc_tap,3,3,1,HP,Office_Student,8GB,512GB,duoi_15tr
gamer_streamer,46.7,25,Acer,16GB,gaming,3,11,4,Acer,Gaming,16GB,1TB,tren_60tr
quan_ly_doanh_nhan,32.9,35,Dell,16GB,doanh_nhan_di_dong,4,9,3,Dell,Ultrabook_Business,16GB,512GB,25tr_40tr
sinh_vien,4.0,19,Asus,16GB,van_phong_hoc_tap,1,11,4,Dell,Office_Student,8GB,512GB,duoi_15tr
vp_ke_toan,8.1,35,Asus,8GB,van_phong_hoc_tap,2,10,4,Asus,Office_Student,8GB,512GB,duoi_15tr
vp_ke_toan,10.2,27,Dell,32GB,van_phong_hoc_tap,2,2,1,Dell,Office_Student,16GB,512GB,15tr_25tr
designer,25.3,27,Apple,8GB,do_hoa_ky_thuat,3,12,4,Apple,Workstation_Creative,32GB,1TB,40tr_60tr
sinh_vien,2.1,20,Dell,8GB,gaming,1,4,2,MSI,Gaming,16GB,512GB,duoi_15tr
freelancer_creator,31.4,25,Asus,16GB,do_hoa_ky_thuat,1,11,4,Apple,Workstation_Creative,16GB,1TB,40tr_60tr
quan_ly_doanh_nhan,56.5,49,Lenovo,8GB,doanh_nhan_di_dong,4,1,1,Lenovo,Ultrabook_Business,16GB,512GB,40tr_60tr
designer,17.6,22,Apple,8GB,do_hoa_ky_thuat,3,11,4,Asus,Gaming,32GB,1TB,25tr_40tr
freelancer_creator,33.6,23,Asus,16GB,do_hoa_ky_thuat,1,5,2,Lenovo,Workstation_Creative,32GB,1TB,40tr_60tr
lap_trinh_vien,19.1,38,Asus,8GB,do_hoa_ky_thuat,2,9,3,Asus,Gaming,16GB,1TB,25tr_40tr
lap_trinh_vien,30.2,34,Dell,16GB,do_hoa_ky_thuat,2,2,1,Dell,Workstation_Creative,32GB,1TB,40tr_60tr
designer,36.1,27,Acer,16GB,do_hoa_ky_thuat,2,9,3,Apple,Workstation_Creative,16GB,1TB,40tr_60tr
sinh_vien,4.9,21,Lenovo,8GB,van_phong_hoc_tap,1,2,1,Lenovo,Office_Student,8GB,512GB,duoi_15tr
sinh_vien,6.9,19,Dell,16GB,van_phong_hoc_tap,2,2,1,HP,Office_Student,8GB,512GB,duoi_15tr
sinh_vien,5.8,20,Lenovo,16GB,van_phong_hoc_tap,2,9,3,HP,Office_Student,8GB,512GB,duoi_15tr
freelancer_creator,29.1,28,Lenovo,16GB,do_hoa_ky_thuat,2,6,2,Lenovo,Workstation_Creative,32GB,1TB,40tr_60tr
designer,14.3,27,Apple,16GB,do_hoa_ky_thuat,1,3,1,Lenovo,Gaming,16GB,1TB,25tr_40tr
sinh_vien,6.7,20,Dell,16GB,gaming,1,8,3,MSI,Gaming,16GB,512GB,15tr_25tr
designer,14.0,22,Apple,8GB,do_hoa_ky_thuat,4,10,4,MSI,Gaming,32GB,1TB,25tr_40tr
vp_ke_toan,19.9,40,Asus,16GB,van_phong_hoc_tap,1,5,2,Asus,Office_Student,16GB,512GB,15tr_25tr
lap_trinh_vien,42.8,28,HP,16GB,do_hoa_ky_thuat,3,12,4,Dell,Workstation_Creative,16GB,1TB,tren_60tr
designer,15.7,29,Lenovo,16GB,do_hoa_ky_thuat,2,2,1,HP,Gaming,16GB,1TB,25tr_40tr
sinh_vien,4.4,18,Dell,16GB,van_phong_hoc_tap,1,12,4,Dell,Office_Student,8GB,512GB,duoi_15tr
vp_ke_toan,17.3,26,Acer,16GB,van_phong_hoc_tap,1,3,1,Acer,Office_Student,16GB,512GB,15tr_25tr
giao_vien,16.0,31,HP,8GB,van_phong_hoc_tap,2,1,1,HP,Office_Student,16GB,512GB,15tr_25tr
vp_ke_toan,15.3,37,Lenovo,16GB,van_phong_hoc_tap,3,12,4,Lenovo,Office_Student,16GB,512GB,15tr_25tr
lap_trinh_vien,33.9,39,Acer,8GB,do_hoa_ky_thuat,1,10,4,Asus,Workstation_Creative,16GB,1TB,40tr_60tr
sinh_vien,2.5,18,Dell,8GB,van_phong_hoc_tap,4,8,3,Dell,Office_Student,8GB,512GB,duoi_15tr
ky_su,45.4,36,HP,8GB,do_hoa_ky_thuat,2,7,3,Apple,Workstation_Creative,16GB,1TB,tren_60tr
quan_ly_doanh_nhan,80.0,37,Samsung,8GB,doanh_nhan_di_dong,2,6,2,Asus,Ultrabook_Business,16GB,512GB,tren_60tr
vp_ke_toan,15.9,33,Lenovo,16GB,van_phong_hoc_tap,2,8,3,Samsung,Office_Student,16GB,512GB,15tr_25tr
freelancer_creator,37.7,22,Dell,16GB,do_hoa_ky_thuat,1,5,2,Dell,Workstation_Creative,32GB,1TB,40tr_60tr
ky_su,26.1,22,HP,16GB,do_hoa_ky_thuat,2,9,3,Dell,Workstation_Creative,16GB,1TB,40tr_60tr
vp_ke_toan,16.0,28,Apple,16GB,van_phong_hoc_tap,1,11,4,HP,Office_Student,16GB,512GB,15tr_25tr
ky_su,26.5,22,HP,8GB,do_hoa_ky_thuat,2,12,4,Apple,Workstation_Creative,32GB,1TB,40tr_60tr
vp_ke_toan,10.7,33,Lenovo,16GB,van_phong_hoc_tap,2,9,3,Lenovo,Office_Student,16GB,512GB,15tr_25tr
lap_trinh_vien,31.8,33,Dell,16GB,do_hoa_ky_thuat,1,4,2,Dell,Workstation_Creative,32GB,1TB,40tr_60tr
designer,26.6,26,Dell,8GB,do_hoa_ky_thuat,2,12,4,Dell,Workstation_Creative,32GB,1TB,40tr_60tr
sinh_vien,4.9,20,Asus,8GB,gaming,1,11,4,Asus,Gaming,16GB,512GB,duoi_15tr
sinh_vien,6.3,19,Asus,8GB,gaming,1,12,4,Asus,Gaming,8GB,512GB,duoi_15tr
sinh_vien,5.4,19,HP,8GB,van_phong_hoc_tap,3,12,4,HP,Office_Student,8GB,512GB,duoi_15tr
quan_ly_doanh_nhan,70.1,51,Asus,16GB,doanh_nhan_di_dong,2,10,4,Asus,Ultrabook_Business,16GB,512GB,tren_60tr
quan_ly_doanh_nhan,82.7,46,HP,16GB,doanh_nhan_di_dong,1,3,1,Dell,Ultrabook_Business,16GB,512GB,tren_60tr
freelancer_creator,16.2,28,Lenovo,8GB,do_hoa_ky_thuat,2,2,1,Lenovo,Gaming,32GB,1TB,25tr_40tr
vp_ke_toan,10.8,29,HP,8GB,van_phong_hoc_tap,1,9,3,HP,Office_Student,16GB,512GB,15tr_25tr
sinh_vien,6.2,20,HP,16GB,van_phong_hoc_tap,1,8,3,HP,Office_Student,8GB,512GB,duoi_15tr
designer,28.2,28,Apple,8GB,do_hoa_ky_thuat,2,4,2,Apple,Workstation_Creative,16GB,1TB,40tr_60tr
vp_ke_toan,8.8,39,Asus,16GB,van_phong_hoc_tap,1,5,2,Asus,Office_Student,8GB,512GB,duoi_15tr
designer,18.5,31,HP,16GB,do_hoa_ky_thuat,4,2,1,Lenovo,Gaming,16GB,1TB,25tr_40tr
lap_trinh_vien,48.5,34,Asus,16GB,do_hoa_ky_thuat,1,10,4,Asus,Workstation_Creative,16GB,1TB,tren_60tr
vp_ke_toan,16.0,42,HP,8GB,van_phong_hoc_tap,1,3,1,HP,Office_Student,16GB,512GB,15tr_25tr
quan_ly_doanh_nhan,65.5,54,Apple,8GB,doanh_nhan_di_dong,1,8,3,Apple,Ultrabook_Business,16GB,512GB,tren_60tr
lap_trinh_vien,20.6,35,Dell,8GB,do_hoa_ky_thuat,1,9,3,Apple,Workstation_Creative,16GB,1TB,25tr_40tr
gamer_streamer,24.0,27,Acer,16GB,gaming,3,11,4,Acer,Gaming,32GB,1TB,40tr_60tr
lap_trinh_vien,28.9,27,Apple,8GB,do_hoa_ky_thuat,3,6,2,Apple,Workstation_Creative,16GB,1TB,40tr_60tr
vp_ke_toan,8.3,24,Dell,32GB,van_phong_hoc_tap,2,10,4,Dell,Office_Student,8GB,512GB,duoi_15tr
vp_ke_toan,15.3,23,Lenovo,16GB,van_phong_hoc_tap,1,3,1,Dell,Office_Student,16GB,512GB,15tr_25tr
sinh_vien,4.9,21,MSI,16GB,gaming,4,12,4,MSI,Gaming,16GB,512GB,duoi_15tr
sinh_vien,5.8,22,Acer,8GB,gaming,1,5,2,Acer,Gaming,16GB,512GB,duoi_15tr
quan_ly_doanh_nhan,29.3,53,HP,16GB,doanh_nhan_di_dong,1,5,2,HP,Ultrabook_Business,16GB,512GB,25tr_40tr
sinh_vien,6.2,21,Lenovo,8GB,van_phong_hoc_tap,1,12,4,Lenovo,Office_Student,8GB,512GB,duoi_15tr
lap_trinh_vien,29.9,26,Apple,16GB,do_hoa_ky_thuat,1,7,3,Apple,Workstation_Creative,32GB,1TB,40tr_60tr
vp_ke_toan,19.6,24,Dell,16GB,van_phong_hoc_tap,2,5,2,HP,Office_Student,16GB,512GB,15tr_25tr
ky_su,26.3,39,Lenovo,8GB,do_hoa_ky_thuat,1,4,2,Lenovo,Workstation_Creative,16GB,1TB,40tr_60tr
lap_trinh_vien,24.3,25,Apple,8GB,do_hoa_ky_thuat,2,3,1,Apple,Workstation_Creative,16GB,1TB,40tr_60tr
freelancer_creator,37.0,30,Dell,16GB,do_hoa_ky_thuat,3,2,1,Dell,Workstation_Creative,32GB,1TB,40tr_60tr
sinh_vien,7.4,22,HP,8GB,van_phong_hoc_tap,1,1,1,HP,Office_Student,8GB,512GB,duoi_15tr
lap_trinh_vien,20.3,33,Lenovo,16GB,do_hoa_ky_thuat,1,9,3,Lenovo,Workstation_Creative,32GB,1TB,25tr_40tr
sinh_vien,2.2,21,HP,8GB,van_phong_hoc_tap,1,3,1,HP,Office_Student,8GB,512GB,duoi_15tr
sinh_vien,2.6,19,Dell,32GB,gaming,1,8,3,Asus,Gaming,16GB,512GB,duoi_15tr
sinh_vien,5.7,18,HP,8GB,van_phong_hoc_tap,4,5,2,HP,Office_Student,8GB,512GB,duoi_15tr
sinh_vien,4.9,21,Dell,8GB,gaming,2,9,3,MSI,Gaming,16GB,512GB,duoi_15tr
ky_su,48.0,33,Dell,16GB,do_hoa_ky_thuat,2,3,1,Dell,Workstation_Creative,32GB,1TB,tren_60tr
vp_ke_toan,14.5,43,Asus,16GB,van_phong_hoc_tap,3,8,3,Asus,Office_Student,16GB,512GB,15tr_25tr
sinh_vien,3.9,20,Asus,16GB,gaming,1,5,2,Acer,Gaming,16GB,512GB,duoi_15tr
vp_ke_toan,13.0,27,Lenovo,16GB,van_phong_hoc_tap,1,3,1,Lenovo,Office_Student,16GB,512GB,15tr_25tr
lap_trinh_vien,45.7,26,Dell,16GB,do_hoa_ky_thuat,1,1,1,Lenovo,Workstation_Creative,32GB,1TB,tren_60tr
giao_vien,17.6,33,HP,16GB,van_phong_hoc_tap,3,11,4,HP,Office_Student,16GB,512GB,15tr_25tr
freelancer_creator,27.5,27,Asus,16GB,do_hoa_ky_thuat,3,9,3,Asus,Workstation_Creative,32GB,1TB,40tr_60tr
sinh_vien,3.8,20,HP,16GB,van_phong_hoc_tap,2,8,3,HP,Office_Student,8GB,512GB,duoi_15tr
designer,12.1,28,Dell,16GB,do_hoa_ky_thuat,1,9,3,MSI,Gaming,16GB,512GB,15tr_25tr
lap_trinh_vien,40.3,26,Lenovo,16GB,do_hoa_ky_thuat,2,8,3,Lenovo,Workstation_Creative,32GB,1TB,tren_60tr
lap_trinh_vien,17.7,34,Apple,32GB,do_hoa_ky_thuat,1,4,2,MSI,Gaming,32GB,1TB,25tr_40tr
vp_ke_toan,13.2,40,HP,8GB,van_phong_hoc_tap,3,11,4,Lenovo,Office_Student,16GB,512GB,15tr_25tr
ky_su,32.4,36,Dell,16GB,do_hoa_ky_thuat,3,11,4,Apple,Workstation_Creative,32GB,1TB,40tr_60tr
vp_ke_toan,12.0,35,Asus,16GB,van_phong_hoc_tap,2,6,2,Asus,Office_Student,16GB,512GB,15tr_25tr
quan_ly_doanh_nhan,44.4,43,HP,8GB,doanh_nhan_di_dong,1,4,2,Dell,Ultrabook_Business,16GB,512GB,40tr_60tr
designer,29.7,28,Acer,32GB,do_hoa_ky_thuat,2,4,2,Dell,Workstation_Creative,32GB,1TB,40tr_60tr
sinh_vien,4.4,21,Acer,8GB,van_phong_hoc_tap,1,6,2,Acer,Office_Student,8GB,512GB,duoi_15tr
quan_ly_doanh_nhan,43.7,45,Lenovo,16GB,doanh_nhan_di_dong,3,6,2,Lenovo,Ultrabook_Business,16GB,512GB,40tr_60tr
sinh_vien,2.4,19,HP,8GB,van_phong_hoc_tap,2,6,2,HP,Office_Student,8GB,512GB,duoi_15tr
lap_trinh_vien,19.5,37,Apple,8GB,do_hoa_ky_thuat,1,9,3,Lenovo,Gaming,32GB,1TB,25tr_40tr
designer,17.4,22,Asus,32GB,do_hoa_ky_thuat,2,9,3,Asus,Gaming,16GB,1TB,25tr_40tr
giao_vien,9.1,44,Lenovo,16GB,van_phong_hoc_tap,1,2,1,Lenovo,Office_Student,8GB,512GB,duoi_15tr
freelancer_creator,27.4,23,Dell,16GB,do_hoa_ky_thuat,1,5,2,Dell,Workstation_Creative,16GB,1TB,40tr_60tr
sinh_vien,7.2,20,HP,8GB,van_phong_hoc_tap,2,12,4,HP,Office_Student,8GB,512GB,duoi_15tr
freelancer_creator,25.9,28,Asus,16GB,do_hoa_ky_thuat,2,4,2,Asus,Workstation_Creative,32GB,1TB,40tr_60tr
gamer_streamer,53.5,28,MSI,16GB,gaming,2,1,1,MSI,Gaming,16GB,1TB,tren_60tr
quan_ly_doanh_nhan,65.4,49,Apple,8GB,doanh_nhan_di_dong,1,11,4,Apple,Ultrabook_Business,16GB,512GB,tren_60tr
quan_ly_doanh_nhan,40.3,39,Dell,8GB,doanh_nhan_di_dong,2,5,2,Dell,Ultrabook_Business,16GB,512GB,40tr_60tr
vp_ke_toan,19.0,30,HP,16GB,van_phong_hoc_tap,2,2,1,HP,Office_Student,16GB,512GB,15tr_25tr
quan_ly_doanh_nhan,45.8,37,Asus,16GB,doanh_nhan_di_dong,1,8,3,Lenovo,Ultrabook_Business,16GB,512GB,40tr_60tr
vp_ke_toan,17.6,36,Dell,16GB,van_phong_hoc_tap,3,7,3,Lenovo,Office_Student,16GB,512GB,15tr_25tr
designer,29.8,25,Samsung,32GB,do_hoa_ky_thuat,2,11,4,Asus,Workstation_Creative,32GB,1TB,40tr_60tr
designer,36.9,26,Samsung,8GB,do_hoa_ky_thuat,1,6,2,Asus,Workstation_Creative,32GB,1TB,40tr_60tr
quan_ly_doanh_nhan,92.6,41,Asus,8GB,doanh_nhan_di_dong,1,3,1,Dell,Ultrabook_Business,16GB,512GB,tren_60tr
sinh_vien,2.5,18,HP,8GB,gaming,1,10,4,HP,Gaming,16GB,512GB,duoi_15tr
designer,34.6,32,Apple,8GB,do_hoa_ky_thuat,2,2,1,Apple,Workstation_Creative,16GB,1TB,40tr_60tr
sinh_vien,5.9,18,Dell,16GB,van_phong_hoc_tap,2,9,3,Dell,Office_Student,8GB,512GB,duoi_15tr
sinh_vien,6.6,22,Apple,16GB,van_phong_hoc_tap,2,3,1,Dell,Office_Student,8GB,512GB,duoi_15tr
designer,36.5,32,Apple,8GB,do_hoa_ky_thuat,1,6,2,Apple,Workstation_Creative,16GB,1TB,40tr_60tr
giao_vien,17.6,42,Dell,16GB,van_phong_hoc_tap,1,6,2,Dell,Office_Student,16GB,512GB,15tr_25tr
vp_ke_toan,18.9,32,Lenovo,16GB,van_phong_hoc_tap,4,9,3,Lenovo,Office_Student,16GB,512GB,15tr_25tr
vp_ke_toan,18.5,36,Dell,8GB,van_phong_hoc_tap,1,1,1,Samsung,Office_Student,16GB,512GB,15tr_25tr
vp_ke_toan,17.9,43,Dell,8GB,van_phong_hoc_tap,2,4,2,Dell,Office_Student,16GB,512GB,15tr_25tr
gamer_streamer,26.5,23,MSI,8GB,gaming,1,1,1,MSI,Gaming,16GB,1TB,40tr_60tr
freelancer_creator,28.1,26,Dell,16GB,do_hoa_ky_thuat,2,1,1,Lenovo,Workstation_Creative,32GB,1TB,40tr_60tr
gamer_streamer,53.9,18,Dell,16GB,gaming,1,6,2,Lenovo,Gaming,32GB,1TB,tren_60tr
gamer_streamer,32.2,25,MSI,16GB,gaming,2,3,1,MSI,Gaming,16GB,1TB,40tr_60tr
vp_ke_toan,13.9,44,Dell,8GB,van_phong_hoc_tap,1,9,3,Dell,Office_Student,16GB,512GB,15tr_25tr
sinh_vien,3.5,18,Acer,32GB,gaming,1,10,4,Acer,Gaming,16GB,512GB,duoi_15tr
sinh_vien,5.7,22,Lenovo,16GB,van_phong_hoc_tap,3,1,1,Asus,Office_Student,8GB,512GB,duoi_15tr
vp_ke_toan,13.6,43,Lenovo,16GB,van_phong_hoc_tap,1,9,3,Lenovo,Office_Student,16GB,512GB,15tr_25tr
ky_su,19.0,28,Lenovo,8GB,do_hoa_ky_thuat,2,3,1,HP,Gaming,32GB,1TB,25tr_40tr
giao_vien,12.9,30,Lenovo,8GB,van_phong_hoc_tap,2,1,1,Acer,Office_Student,16GB,512GB,15tr_25tr
sinh_vien,5.8,22,Dell,16GB,van_phong_hoc_tap,1,4,2,Dell,Office_Student,8GB,512GB,duoi_15tr
vp_ke_toan,9.5,30,Asus,8GB,van_phong_hoc_tap,1,9,3,Lenovo,Office_Student,8GB,512GB,duoi_15tr
vp_ke_toan,15.1,32,HP,8GB,van_phong_hoc_tap,1,7,3,Acer,Office_Student,16GB,512GB,15tr_25tr
designer,26.8,24,Asus,8GB,do_hoa_ky_thuat,1,12,4,Asus,Workstation_Creative,16GB,1TB,40tr_60tr
sinh_vien,2.7,18,Asus,16GB,gaming,1,5,2,Asus,Gaming,16GB,512GB,duoi_15tr
vp_ke_toan,11.7,34,Asus,16GB,van_phong_hoc_tap,3,9,3,Asus,Office_Student,16GB,512GB,15tr_25tr
lap_trinh_vien,28.0,25,Lenovo,16GB,do_hoa_ky_thuat,2,12,4,Lenovo,Workstation_Creative,32GB,1TB,40tr_60tr
vp_ke_toan,9.9,32,Lenovo,16GB,van_phong_hoc_tap,1,11,4,Lenovo,Office_Student,8GB,512GB,duoi_15tr
designer,29.0,23,Apple,16GB,do_hoa_ky_thuat,2,4,2,Lenovo,Workstation_Creative,16GB,1TB,40tr_60tr
lap_trinh_vien,19.8,35,Dell,8GB,do_hoa_ky_thuat,1,2,1,Asus,Gaming,16GB,1TB,25tr_40tr
sinh_vien,7.0,22,HP,16GB,van_phong_hoc_tap,2,12,4,HP,Office_Student,8GB,512GB,duoi_15tr
ky_su,20.3,38,HP,8GB,do_hoa_ky_thuat,2,5,2,Apple,Workstation_Creative,32GB,1TB,25tr_40tr
freelancer_creator,35.3,24,HP,16GB,do_hoa_ky_thuat,2,10,4,Dell,Workstation_Creative,16GB,1TB,40tr_60tr
sinh_vien,7.0,21,Lenovo,8GB,van_phong_hoc_tap,1,2,1,Lenovo,Office_Student,8GB,512GB,duoi_15tr
quan_ly_doanh_nhan,91.0,37,HP,16GB,doanh_nhan_di_dong,1,7,3,Dell,Ultrabook_Business,16GB,512GB,tren_60tr
designer,37.4,32,Acer,16GB,do_hoa_ky_thuat,2,12,4,Dell,Workstation_Creative,16GB,1TB,40tr_60tr
sinh_vien,6.8,21,Dell,32GB,van_phong_hoc_tap,3,10,4,Acer,Office_Student,8GB,512GB,duoi_15tr
lap_trinh_vien,25.6,25,HP,8GB,do_hoa_ky_thuat,2,11,4,Apple,Workstation_Creative,32GB,1TB,40tr_60tr
designer,37.0,32,Lenovo,16GB,do_hoa_ky_thuat,2,4,2,Lenovo,Workstation_Creative,32GB,1TB,40tr_60tr
sinh_vien,2.0,18,Asus,8GB,van_phong_hoc_tap,3,11,4,Asus,Office_Student,8GB,512GB,duoi_15tr
sinh_vien,6.4,19,Lenovo,16GB,van_phong_hoc_tap,2,10,4,Lenovo,Office_Student,8GB,512GB,duoi_15tr
gamer_streamer,26.7,20,Lenovo,32GB,gaming,1,3,1,Acer,Gaming,16GB,1TB,40tr_60tr
gamer_streamer,47.0,22,Dell,32GB,gaming,3,9,3,Lenovo,Gaming,32GB,1TB,tren_60tr
sinh_vien,4.9,21,Dell,8GB,van_phong_hoc_tap,1,12,4,Dell,Office_Student,8GB,512GB,duoi_15tr
sinh_vien,2.6,19,Asus,16GB,gaming,2,12,4,Lenovo,Gaming,8GB,512GB,duoi_15tr
giao_vien,11.5,44,HP,16GB,van_phong_hoc_tap,1,9,3,Lenovo,Office_Student,16GB,512GB,15tr_25tr
vp_ke_toan,15.8,44,Dell,16GB,van_phong_hoc_tap,3,10,4,Dell,Office_Student,16GB,512GB,15tr_25tr
sinh_vien,6.1,19,Asus,16GB,van_phong_hoc_tap,2,4,2,Asus,Office_Student,8GB,512GB,duoi_15tr
vp_ke_toan,14.0,36,Asus,16GB,van_phong_hoc_tap,2,9,3,HP,Office_Student,16GB,512GB,15tr_25tr
freelancer_creator,32.0,27,Asus,8GB,do_hoa_ky_thuat,3,9,3,Lenovo,Workstation_Creative,16GB,1TB,40tr_60tr
sinh_vien,4.2,20,Asus,16GB,van_phong_hoc_tap,3,3,1,Asus,Office_Student,8GB,512GB,duoi_15tr
vp_ke_toan,19.6,27,Dell,8GB,van_phong_hoc_tap,2,12,4,Dell,Office_Student,16GB,512GB,15tr_25tr
sinh_vien,3.0,22,Dell,8GB,van_phong_hoc_tap,1,4,2,Dell,Office_Student,8GB,512GB,duoi_15tr
freelancer_creator,30.0,31,Dell,16GB,do_hoa_ky_thuat,1,9,3,Dell,Workstation_Creative,32GB,1TB,40tr_60tr
freelancer_creator,12.1,28,Asus,16GB,do_hoa_ky_thuat,3,2,1,Asus,Gaming,8GB,512GB,15tr_25tr
gamer_streamer,20.8,24,Acer,8GB,gaming,1,7,3,Lenovo,Gaming,16GB,1TB,25tr_40tr
designer,25.1,22,Apple,8GB,do_hoa_ky_thuat,1,9,3,Apple,Workstation_Creative,32GB,1TB,40tr_60tr
gamer_streamer,10.7,22,MSI,16GB,gaming,2,10,4,MSI,Gaming,8GB,512GB,15tr_25tr
vp_ke_toan,16.7,26,Dell,8GB,van_phong_hoc_tap,2,7,3,Dell,Office_Student,16GB,512GB,15tr_25tr
quan_ly_doanh_nhan,34.4,50,Dell,8GB,doanh_nhan_di_dong,1,5,2,Apple,Ultrabook_Business,16GB,512GB,25tr_40tr
vp_ke_toan,16.9,29,HP,8GB,van_phong_hoc_tap,1,11,4,HP,Office_Student,16GB,512GB,15tr_25tr
gamer_streamer,43.8,28,MSI,16GB,gaming,1,6,2,HP,Gaming,16GB,1TB,tren_60tr
sinh_vien,4.9,21,Dell,32GB,van_phong_hoc_tap,3,5,2,Dell,Office_Student,8GB,512GB,duoi_15tr
ky_su,34.6,30,Dell,16GB,do_hoa_ky_thuat,2,9,3,Apple,Workstation_Creative,32GB,1TB,40tr_60tr
quan_ly_doanh_nhan,64.5,33,Lenovo,16GB,doanh_nhan_di_dong,1,1,1,Lenovo,Ultrabook_Business,16GB,512GB,tren_60tr
sinh_vien,6.1,19,Dell,16GB,gaming,1,6,2,Asus,Gaming,16GB,512GB,duoi_15tr
vp_ke_toan,19.4,36,Dell,8GB,van_phong_hoc_tap,3,2,1,Dell,Office_Student,16GB,512GB,15tr_25tr
lap_trinh_vien,34.6,27,Lenovo,8GB,do_hoa_ky_thuat,1,1,1,Dell,Workstation_Creative,16GB,1TB,40tr_60tr
sinh_vien,7.8,21,Acer,16GB,van_phong_hoc_tap,4,9,3,Acer,Office_Student,8GB,512GB,duoi_15tr
quan_ly_doanh_nhan,38.2,35,Apple,32GB,doanh_nhan_di_dong,1,3,1,Asus,Ultrabook_Business,16GB,512GB,40tr_60tr
quan_ly_doanh_nhan,64.1,31,Samsung,8GB,doanh_nhan_di_dong,3,4,2,Apple,Ultrabook_Business,16GB,512GB,tren_60tr
freelancer_creator,38.9,23,Asus,16GB,do_hoa_ky_thuat,1,10,4,Asus,Workstation_Creative,32GB,1TB,40tr_60tr
gamer_streamer,12.3,27,Lenovo,16GB,gaming,2,11,4,Lenovo,Gaming,8GB,512GB,15tr_25tr
gamer_streamer,10.0,21,Lenovo,8GB,gaming,3,3,1,Lenovo,Gaming,16GB,512GB,15tr_25tr
ky_su,18.2,24,Dell,16GB,do_hoa_ky_thuat,1,1,1,Asus,Gaming,32GB,1TB,25tr_40tr
vp_ke_toan,15.9,40,Apple,16GB,van_phong_hoc_tap,4,7,3,HP,Office_Student,16GB,512GB,15tr_25tr
sinh_vien,2.2,18,Acer,8GB,gaming,1,11,4,Acer,Gaming,16GB,512GB,duoi_15tr
gamer_streamer,17.2,24,MSI,32GB,gaming,3,5,2,Lenovo,Gaming,32GB,1TB,25tr_40tr
sinh_vien,5.5,18,Asus,8GB,gaming,2,11,4,HP,Gaming,8GB,512GB,duoi_15tr
sinh_vien,7.0,22,Asus,8GB,van_phong_hoc_tap,3,2,1,Lenovo,Office_Student,8GB,512GB,duoi_15tr
giao_vien,8.5,43,Asus,8GB,van_phong_hoc_tap,1,6,2,Asus,Office_Student,8GB,512GB,duoi_15tr
sinh_vien,3.2,22,Dell,8GB,van_phong_hoc_tap,2,12,4,Dell,Office_Student,8GB,512GB,duoi_15tr
ky_su,29.6,34,HP,8GB,do_hoa_ky_thuat,1,9,3,Asus,Workstation_Creative,16GB,1TB,40tr_60tr
vp_ke_toan,18.8,44,HP,8GB,van_phong_hoc_tap,2,6,2,HP,Office_Student,16GB,512GB,15tr_25tr
sinh_vien,5.3,19,Lenovo,16GB,gaming,1,10,4,Lenovo,Gaming,16GB,512GB,duoi_15tr
ky_su,19.5,26,Dell,16GB,do_hoa_ky_thuat,2,4,2,MSI,Gaming,32GB,1TB,25tr_40tr
sinh_vien,2.6,18,HP,16GB,gaming,1,2,1,HP,Gaming,16GB,512GB,duoi_15tr
vp_ke_toan,19.7,25,Dell,16GB,van_phong_hoc_tap,2,7,3,Dell,Office_Student,16GB,512GB,15tr_25tr
lap_trinh_vien,32.7,25,Lenovo,8GB,do_hoa_ky_thuat,3,8,3,Lenovo,Workstation_Creative,32GB,1TB,40tr_60tr
sinh_vien,5.4,22,HP,32GB,van_phong_hoc_tap,1,1,1,HP,Office_Student,8GB,512GB,duoi_15tr
sinh_vien,7.8,20,Dell,16GB,van_phong_hoc_tap,3,4,2,Dell,Office_Student,8GB,512GB,duoi_15tr
gamer_streamer,35.1,25,Lenovo,16GB,gaming,2,7,3,Lenovo,Gaming,32GB,1TB,40tr_60tr
sinh_vien,5.3,22,HP,16GB,van_phong_hoc_tap,1,9,3,Lenovo,Office_Student,8GB,512GB,duoi_15tr
freelancer_creator,20.0,30,Lenovo,8GB,do_hoa_ky_thuat,1,7,3,Lenovo,Gaming,32GB,1TB,25tr_40tr
ky_su,22.0,39,Apple,32GB,do_hoa_ky_thuat,1,10,4,Apple,Workstation_Creative,16GB,1TB,25tr_40tr
lap_trinh_vien,21.6,30,Dell,16GB,do_hoa_ky_thuat,1,3,1,Dell,Workstation_Creative,16GB,1TB,25tr_40tr
vp_ke_toan,15.9,44,Dell,16GB,van_phong_hoc_tap,1,6,2,Dell,Office_Student,16GB,512GB,15tr_25tr
designer,24.8,24,Apple,8GB,do_hoa_ky_thuat,1,3,1,Apple,Workstation_Creative,16GB,1TB,40tr_60tr
designer,28.3,32,HP,16GB,do_hoa_ky_thuat,3,1,1,Apple,Workstation_Creative,16GB,1TB,40tr_60tr
quan_ly_doanh_nhan,80.2,45,Dell,16GB,doanh_nhan_di_dong,2,9,3,Dell,Ultrabook_Business,16GB,512GB,tren_60tr
vp_ke_toan,19.2,31,HP,32GB,van_phong_hoc_tap,1,10,4,Dell,Office_Student,16GB,512GB,15tr_25tr
designer,21.2,25,Apple,32GB,do_hoa_ky_thuat,1,4,2,Dell,Workstation_Creative,32GB,1TB,25tr_40tr
sinh_vien,5.3,18,Acer,8GB,gaming,1,7,3,MSI,Gaming,8GB,512GB,duoi_15tr
vp_ke_toan,11.0,30,HP,16GB,van_phong_hoc_tap,1,1,1,HP,Office_Student,16GB,512GB,15tr_25tr
quan_ly_doanh_nhan,87.9,35,Lenovo,16GB,doanh_nhan_di_dong,1,8,3,Lenovo,Ultrabook_Business,16GB,512GB,tren_60tr
designer,32.7,29,Dell,8GB,do_hoa_ky_thuat,3,6,2,Dell,Workstation_Creative,32GB,1TB,40tr_60tr
quan_ly_doanh_nhan,89.5,47,Apple,16GB,doanh_nhan_di_dong,2,11,4,Apple,Ultrabook_Business,16GB,512GB,tren_60tr
lap_trinh_vien,33.7,32,Apple,8GB,do_hoa_ky_thuat,3,6,2,Apple,Workstation_Creative,32GB,1TB,40tr_60tr
lap_trinh_vien,29.3,32,Lenovo,32GB,do_hoa_ky_thuat,1,7,3,Lenovo,Workstation_Creative,32GB,1TB,40tr_60tr
quan_ly_doanh_nhan,33.4,34,Apple,32GB,doanh_nhan_di_dong,2,3,1,Lenovo,Ultrabook_Business,16GB,512GB,25tr_40tr
gamer_streamer,10.4,29,Lenovo,16GB,gaming,2,5,2,Lenovo,Gaming,16GB,512GB,15tr_25tr
gamer_streamer,20.8,24,MSI,8GB,gaming,1,10,4,MSI,Gaming,16GB,1TB,25tr_40tr
quan_ly_doanh_nhan,30.8,42,Asus,8GB,doanh_nhan_di_dong,3,10,4,Lenovo,Ultrabook_Business,16GB,512GB,25tr_40tr
designer,24.3,27,HP,16GB,do_hoa_ky_thuat,1,4,2,Asus,Workstation_Creative,16GB,1TB,40tr_60tr
designer,36.2,26,Apple,16GB,do_hoa_ky_thuat,1,1,1,Apple,Workstation_Creative,16GB,1TB,40tr_60tr
gamer_streamer,16.1,29,Asus,8GB,gaming,1,11,4,Asus,Gaming,16GB,1TB,25tr_40tr
sinh_vien,3.3,21,Acer,16GB,van_phong_hoc_tap,2,1,1,Acer,Office_Student,8GB,512GB,duoi_15tr
designer,16.8,23,HP,16GB,do_hoa_ky_thuat,2,1,1,Asus,Gaming,32GB,1TB,25tr_40tr
sinh_vien,6.6,20,Asus,16GB,gaming,1,1,1,Asus,Gaming,16GB,512GB,duoi_15tr
gamer_streamer,21.1,27,Lenovo,8GB,gaming,2,8,3,Lenovo,Gaming,32GB,1TB,25tr_40tr
sinh_vien,2.8,18,HP,16GB,van_phong_hoc_tap,1,3,1,HP,Office_Student,8GB,512GB,duoi_15tr
ky_su,15.5,37,Dell,8GB,do_hoa_ky_thuat,1,9,3,Lenovo,Gaming,32GB,1TB,25tr_40tr
quan_ly_doanh_nhan,58.8,42,Apple,16GB,doanh_nhan_di_dong,4,11,4,Apple,Ultrabook_Business,16GB,512GB,40tr_60tr
sinh_vien,6.4,20,HP,8GB,van_phong_hoc_tap,1,11,4,Asus,Office_Student,8GB,512GB,duoi_15tr
gamer_streamer,28.7,29,Dell,8GB,gaming,1,4,2,MSI,Gaming,32GB,1TB,40tr_60tr
freelancer_creator,34.5,31,Asus,8GB,do_hoa_ky_thuat,1,12,4,Asus,Workstation_Creative,32GB,1TB,40tr_60tr
gamer_streamer,47.5,18,Lenovo,16GB,gaming,1,10,4,Lenovo,Gaming,32GB,1TB,tren_60tr
sinh_vien,4.8,22,HP,16GB,van_phong_hoc_tap,1,11,4,Acer,Office_Student,8GB,512GB,duoi_15tr
designer,27.6,31,Apple,8GB,do_hoa_ky_thuat,3,2,1,Apple,Workstation_Creative,32GB,1TB,40tr_60tr
lap_trinh_vien,37.3,24,Asus,8GB,do_hoa_ky_thuat,1,12,4,Asus,Workstation_Creative,32GB,1TB,40tr_60tr
gamer_streamer,13.2,22,MSI,16GB,gaming,2,6,2,Lenovo,Gaming,16GB,512GB,15tr_25tr
giao_vien,8.4,44,Dell,16GB,van_phong_hoc_tap,1,5,2,Dell,Office_Student,8GB,512GB,duoi_15tr
freelancer_creator,24.0,32,HP,16GB,do_hoa_ky_thuat,1,6,2,Lenovo,Workstation_Creative,16GB,1TB,40tr_60tr
lap_trinh_vien,17.4,37,Apple,32GB,do_hoa_ky_thuat,3,11,4,Lenovo,Gaming,32GB,1TB,25tr_40tr
sinh_vien,2.2,22,Acer,16GB,van_phong_hoc_tap,3,6,2,Acer,Office_Student,8GB,512GB,duoi_15tr
designer,18.5,27,Dell,32GB,do_hoa_ky_thuat,2,4,2,Lenovo,Gaming,16GB,1TB,25tr_40tr
lap_trinh_vien,36.9,31,Lenovo,8GB,do_hoa_ky_thuat,2,3,1,Asus,Workstation_Creative,32GB,1TB,40tr_60tr
lap_trinh_vien,45.4,32,Apple,8GB,do_hoa_ky_thuat,2,11,4,Apple,Workstation_Creative,32GB,1TB,tren_60tr
gamer_streamer,33.1,23,Asus,8GB,gaming,1,2,1,Acer,Gaming,16GB,1TB,40tr_60tr
lap_trinh_vien,39.2,30,Dell,16GB,do_hoa_ky_thuat,2,7,3,Dell,Workstation_Creative,32GB,1TB,40tr_60tr
lap_trinh_vien,38.4,35,Dell,8GB,do_hoa_ky_thuat,2,7,3,Dell,Workstation_Creative,16GB,1TB,40tr_60tr
designer,37.5,33,Asus,16GB,do_hoa_ky_thuat,1,5,2,Asus,Workstation_Creative,32GB,1TB,40tr_60tr
designer,14.7,32,Dell,8GB,do_hoa_ky_thuat,1,1,1,Lenovo,Gaming,32GB,1TB,25tr_40tr
designer,17.9,34,Samsung,16GB,do_hoa_ky_thuat,1,7,3,Lenovo,Gaming,16GB,1TB,25tr_40tr
sinh_vien,7.4,18,Asus,8GB,van_phong_hoc_tap,1,7,3,Asus,Office_Student,8GB,512GB,duoi_15tr
designer,37.0,34,Dell,8GB,do_hoa_ky_thuat,1,12,4,Dell,Workstation_Creative,16GB,1TB,40tr_60tr
quan_ly_doanh_nhan,30.6,44,Dell,32GB,doanh_nhan_di_dong,2,8,3,MSI,Ultrabook_Business,16GB,512GB,25tr_40tr
freelancer_creator,21.1,29,Dell,8GB,do_hoa_ky_thuat,3,12,4,Dell,Workstation_Creative,16GB,1TB,25tr_40tr
sinh_vien,6.9,19,Asus,8GB,van_phong_hoc_tap,1,2,1,Asus,Office_Student,8GB,512GB,duoi_15tr
gamer_streamer,16.9,23,Acer,8GB,gaming,1,12,4,Acer,Gaming,16GB,1TB,25tr_40tr
lap_trinh_vien,25.7,31,HP,8GB,do_hoa_ky_thuat,1,9,3,Asus,Workstation_Creative,32GB,1TB,40tr_60tr
designer,17.6,28,Apple,32GB,do_hoa_ky_thuat,3,4,2,MSI,Gaming,16GB,1TB,25tr_40tr
designer,27.7,27,Apple,8GB,do_hoa_ky_thuat,3,2,1,Apple,Workstation_Creative,16GB,1TB,40tr_60tr
lap_trinh_vien,46.6,34,Acer,8GB,do_hoa_ky_thuat,2,9,3,Dell,Workstation_Creative,32GB,1TB,tren_60tr
sinh_vien,5.3,18,Dell,8GB,van_phong_hoc_tap,3,5,2,Dell,Office_Student,8GB,512GB,duoi_15tr
sinh_vien,7.0,22,Lenovo,8GB,van_phong_hoc_tap,2,3,1,Asus,Office_Student,8GB,512GB,duoi_15tr
designer,28.1,26,Dell,16GB,do_hoa_ky_thuat,1,5,2,Dell,Workstation_Creative,32GB,1TB,40tr_60tr
sinh_vien,7.2,19,Asus,8GB,gaming,1,1,1,Asus,Gaming,16GB,512GB,15tr_25tr
quan_ly_doanh_nhan,28.0,43,Apple,32GB,doanh_nhan_di_dong,2,7,3,Apple,Ultrabook_Business,16GB,512GB,25tr_40tr
designer,29.2,27,Lenovo,16GB,do_hoa_ky_thuat,4,2,1,Apple,Workstation_Creative,16GB,1TB,40tr_60tr
freelancer_creator,13.3,22,HP,16GB,do_hoa_ky_thuat,3,10,4,HP,Gaming,16GB,512GB,15tr_25tr
vp_ke_toan,18.2,31,Asus,8GB,van_phong_hoc_tap,1,2,1,Asus,Office_Student,16GB,512GB,15tr_25tr
lap_trinh_vien,42.1,29,HP,8GB,do_hoa_ky_thuat,1,8,3,Asus,Workstation_Creative,16GB,1TB,tren_60tr
sinh_vien,6.6,19,Lenovo,32GB,van_phong_hoc_tap,1,2,1,Lenovo,Office_Student,8GB,512GB,duoi_15tr
giao_vien,9.1,39,Dell,8GB,van_phong_hoc_tap,1,3,1,MSI,Office_Student,8GB,512GB,duoi_15tr
vp_ke_toan,15.3,41,Dell,8GB,van_phong_hoc_tap,2,5,2,Acer,Office_Student,16GB,512GB,15tr_25tr
quan_ly_doanh_nhan,50.5,42,Dell,16GB,doanh_nhan_di_dong,2,7,3,Dell,Ultrabook_Business,16GB,512GB,40tr_60tr
vp_ke_toan,9.7,23,Dell,32GB,van_phong_hoc_tap,2,12,4,Dell,Office_Student,8GB,512GB,duoi_15tr
quan_ly_doanh_nhan,29.6,38,HP,16GB,doanh_nhan_di_dong,1,7,3,Apple,Ultrabook_Business,16GB,512GB,25tr_40tr
sinh_vien,2.0,19,Lenovo,8GB,van_phong_hoc_tap,1,8,3,HP,Office_Student,8GB,512GB,duoi_15tr
freelancer_creator,24.9,30,Lenovo,16GB,do_hoa_ky_thuat,1,2,1,Asus,Workstation_Creative,32GB,1TB,40tr_60tr
sinh_vien,4.6,19,Lenovo,16GB,gaming,3,6,2,Lenovo,Gaming,8GB,512GB,duoi_15tr
designer,38.6,25,Apple,16GB,do_hoa_ky_thuat,2,10,4,Lenovo,Workstation_Creative,32GB,1TB,40tr_60tr
sinh_vien,5.5,22,Lenovo,16GB,van_phong_hoc_tap,3,2,1,Lenovo,Office_Student,8GB,512GB,duoi_15tr
sinh_vien,3.5,22,Dell,8GB,gaming,1,6,2,Asus,Gaming,8GB,512GB,duoi_15tr
designer,12.9,32,Asus,8GB,do_hoa_ky_thuat,1,11,4,Asus,Gaming,16GB,512GB,15tr_25tr
giao_vien,17.5,29,Acer,16GB,van_phong_hoc_tap,1,7,3,Dell,Office_Student,16GB,512GB,15tr_25tr
lap_trinh_vien,22.9,36,Lenovo,8GB,do_hoa_ky_thuat,2,10,4,Dell,Workstation_Creative,32GB,1TB,25tr_40tr
freelancer_creator,16.4,22,HP,8GB,do_hoa_ky_thuat,1,1,1,Acer,Gaming,16GB,1TB,25tr_40tr
vp_ke_toan,17.7,44,Asus,16GB,van_phong_hoc_tap,1,8,3,Lenovo,Office_Student,16GB,512GB,15tr_25tr
designer,26.9,31,Acer,8GB,do_hoa_ky_thuat,1,11,4,Dell,Workstation_Creative,32GB,1TB,40tr_60tr
quan_ly_doanh_nhan,88.4,36,Lenovo,8GB,doanh_nhan_di_dong,2,11,4,Lenovo,Ultrabook_Business,16GB,512GB,tren_60tr
ky_su,23.1,24,HP,16GB,do_hoa_ky_thuat,3,1,1,Dell,Workstation_Creative,32GB,1TB,25tr_40tr
vp_ke_toan,13.0,36,Dell,8GB,van_phong_hoc_tap,1,8,3,Dell,Office_Student,16GB,512GB,15tr_25tr
sinh_vien,4.5,21,Asus,8GB,van_phong_hoc_tap,1,11,4,Asus,Office_Student,8GB,512GB,duoi_15tr
gamer_streamer,12.5,29,MSI,16GB,gaming,2,3,1,Apple,Gaming,8GB,512GB,15tr_25tr
giao_vien,16.8,33,Asus,16GB,van_phong_hoc_tap,1,8,3,Acer,Office_Student,16GB,512GB,15tr_25tr
quan_ly_doanh_nhan,43.8,47,HP,16GB,doanh_nhan_di_dong,1,10,4,HP,Ultrabook_Business,16GB,512GB,40tr_60tr
sinh_vien,3.6,20,Lenovo,8GB,van_phong_hoc_tap,1,3,1,Lenovo,Office_Student,8GB,512GB,duoi_15tr
gamer_streamer,57.3,21,Asus,16GB,gaming,1,10,4,Asus,Gaming,16GB,1TB,tren_60tr
designer,15.4,30,Dell,8GB,do_hoa_ky_thuat,3,5,2,MSI,Gaming,16GB,1TB,25tr_40tr
sinh_vien,3.0,18,Asus,16GB,van_phong_hoc_tap,1,9,3,Asus,Office_Student,8GB,512GB,duoi_15tr
vp_ke_toan,8.9,33,Dell,16GB,van_phong_hoc_tap,4,7,3,Dell,Office_Student,8GB,512GB,duoi_15tr
vp_ke_toan,8.4,40,Dell,8GB,van_phong_hoc_tap,2,2,1,Asus,Office_Student,8GB,512GB,duoi_15tr
sinh_vien,6.7,19,HP,32GB,van_phong_hoc_tap,2,11,4,HP,Office_Student,8GB,512GB,duoi_15tr
freelancer_creator,15.7,28,HP,8GB,do_hoa_ky_thuat,1,11,4,HP,Gaming,32GB,1TB,25tr_40tr
gamer_streamer,56.5,21,Asus,8GB,gaming,3,7,3,HP,Gaming,16GB,1TB,tren_60tr
freelancer_creator,32.4,25,Lenovo,16GB,do_hoa_ky_thuat,1,5,2,Lenovo,Workstation_Creative,32GB,1TB,40tr_60tr
designer,21.7,23,Lenovo,16GB,do_hoa_ky_thuat,1,4,2,Lenovo,Workstation_Creative,32GB,1TB,25tr_40tr
sinh_vien,7.9,21,Asus,8GB,van_phong_hoc_tap,1,3,1,Asus,Office_Student,8GB,512GB,duoi_15tr
freelancer_creator,16.0,25,Dell,8GB,do_hoa_ky_thuat,2,11,4,MSI,Gaming,16GB,1TB,25tr_40tr
sinh_vien,8.0,19,Dell,8GB,van_phong_hoc_tap,1,3,1,Dell,Office_Student,8GB,512GB,duoi_15tr
vp_ke_toan,13.6,24,HP,16GB,van_phong_hoc_tap,2,8,3,HP,Office_Student,16GB,512GB,15tr_25tr
sinh_vien,7.6,20,HP,8GB,gaming,2,2,1,HP,Gaming,8GB,512GB,15tr_25tr
sinh_vien,5.9,22,Dell,16GB,van_phong_hoc_tap,1,10,4,Dell,Office_Student,8GB,512GB,duoi_15tr
quan_ly_doanh_nhan,35.1,32,Apple,16GB,doanh_nhan_di_dong,2,2,1,Apple,Ultrabook_Business,16GB,512GB,40tr_60tr
vp_ke_toan,17.2,32,Lenovo,8GB,van_phong_hoc_tap,2,9,3,Lenovo,Office_Student,16GB,512GB,15tr_25tr
designer,17.9,30,Apple,8GB,do_hoa_ky_thuat,2,2,1,MSI,Gaming,16GB,1TB,25tr_40tr
sinh_vien,2.2,19,Lenovo,8GB,gaming,2,1,1,Acer,Gaming,16GB,512GB,duoi_15tr
gamer_streamer,29.9,29,Asus,8GB,gaming,1,5,2,Asus,Gaming,16GB,1TB,40tr_60tr
vp_ke_toan,19.0,34,Dell,16GB,van_phong_hoc_tap,4,6,2,Dell,Office_Student,16GB,512GB,15tr_25tr
quan_ly_doanh_nhan,84.4,30,Apple,16GB,doanh_nhan_di_dong,2,7,3,Apple,Ultrabook_Business,16GB,512GB,tren_60tr
sinh_vien,6.0,20,Dell,16GB,van_phong_hoc_tap,1,7,3,Dell,Office_Student,8GB,512GB,duoi_15tr
sinh_vien,2.6,18,HP,8GB,van_phong_hoc_tap,3,7,3,Asus,Office_Student,8GB,512GB,duoi_15tr
gamer_streamer,10.7,20,Asus,8GB,gaming,1,7,3,Lenovo,Gaming,16GB,512GB,15tr_25tr
lap_trinh_vien,18.0,23,Asus,8GB,do_hoa_ky_thuat,1,7,3,Asus,Gaming,32GB,1TB,25tr_40tr
gamer_streamer,58.8,28,Asus,16GB,gaming,4,3,1,Asus,Gaming,32GB,1TB,tren_60tr
giao_vien,16.1,28,Lenovo,16GB,van_phong_hoc_tap,1,12,4,Lenovo,Office_Student,16GB,512GB,15tr_25tr
designer,31.6,30,Apple,16GB,do_hoa_ky_thuat,4,11,4,Acer,Workstation_Creative,32GB,1TB,40tr_60tr
vp_ke_toan,13.9,35,Asus,8GB,van_phong_hoc_tap,1,10,4,Asus,Office_Student,16GB,512GB,15tr_25tr
vp_ke_toan,11.3,31,Dell,8GB,van_phong_hoc_tap,1,12,4,Dell,Office_Student,16GB,512GB,15tr_25tr
sinh_vien,3.8,20,Asus,16GB,gaming,1,6,2,Asus,Gaming,16GB,512GB,duoi_15tr
lap_trinh_vien,19.7,36,Lenovo,16GB,do_hoa_ky_thuat,1,9,3,Lenovo,Gaming,32GB,1TB,25tr_40tr
quan_ly_doanh_nhan,26.6,53,Acer,32GB,doanh_nhan_di_dong,3,6,2,Apple,Ultrabook_Business,16GB,512GB,25tr_40tr
ky_su,47.6,28,HP,16GB,do_hoa_ky_thuat,3,7,3,Dell,Workstation_Creative,32GB,1TB,tren_60tr
quan_ly_doanh_nhan,53.3,51,Asus,8GB,doanh_nhan_di_dong,1,3,1,Asus,Ultrabook_Business,16GB,512GB,40tr_60tr
lap_trinh_vien,27.4,34,Dell,16GB,do_hoa_ky_thuat,1,10,4,Dell,Workstation_Creative,32GB,1TB,40tr_60tr
vp_ke_toan,13.5,32,Asus,8GB,van_phong_hoc_tap,1,10,4,Asus,Office_Student,16GB,512GB,15tr_25tr
lap_trinh_vien,29.1,22,Dell,8GB,do_hoa_ky_thuat,1,1,1,Dell,Workstation_Creative,32GB,1TB,40tr_60tr
sinh_vien,4.2,22,HP,16GB,van_phong_hoc_tap,2,11,4,HP,Office_Student,8GB,512GB,duoi_15tr
sinh_vien,3.0,22,HP,16GB,gaming,2,1,1,HP,Gaming,16GB,512GB,duoi_15tr
lap_trinh_vien,22.0,32,Apple,32GB,do_hoa_ky_thuat,1,10,4,Apple,Workstation_Creative,16GB,1TB,25tr_40tr
quan_ly_doanh_nhan,49.4,35,Apple,8GB,doanh_nhan_di_dong,1,5,2,Apple,Ultrabook_Business,16GB,512GB,40tr_60tr
sinh_vien,7.4,19,Acer,8GB,van_phong_hoc_tap,4,5,2,Acer,Office_Student,8GB,512GB,duoi_15tr
lap_trinh_vien,27.3,23,Asus,8GB,do_hoa_ky_thuat,1,3,1,Asus,Workstation_Creative,16GB,1TB,40tr_60tr
quan_ly_doanh_nhan,87.7,40,Apple,16GB,doanh_nhan_di_dong,1,8,3,Apple,Ultrabook_Business,16GB,512GB,tren_60tr
ky_su,42.5,37,Asus,8GB,do_hoa_ky_thuat,1,3,1,Asus,Workstation_Creative,32GB,1TB,tren_60tr
sinh_vien,5.6,19,MSI,16GB,gaming,1,7,3,MSI,Gaming,16GB,512GB,duoi_15tr
sinh_vien,4.3,21,HP,16GB,van_phong_hoc_tap,1,7,3,HP,Office_Student,8GB,512GB,duoi_15tr
sinh_vien,2.2,22,Dell,8GB,van_phong_hoc_tap,1,7,3,Dell,Office_Student,8GB,512GB,duoi_15tr
quan_ly_doanh_nhan,64.4,41,Dell,32GB,doanh_nhan_di_dong,3,8,3,Dell,Ultrabook_Business,16GB,512GB,tren_60tr
quan_ly_doanh_nhan,84.7,43,Asus,8GB,doanh_nhan_di_dong,1,11,4,Asus,Ultrabook_Business,16GB,512GB,tren_60tr
sinh_vien,7.6,20,Dell,8GB,van_phong_hoc_tap,2,3,1,Dell,Office_Student,8GB,512GB,duoi_15tr
giao_vien,15.8,23,Dell,32GB,van_phong_hoc_tap,1,10,4,Dell,Office_Student,16GB,512GB,15tr_25tr
vp_ke_toan,12.7,35,Dell,8GB,van_phong_hoc_tap,2,2,1,Dell,Office_Student,16GB,512GB,15tr_25tr
lap_trinh_vien,47.3,36,Lenovo,16GB,do_hoa_ky_thuat,2,3,1,Lenovo,Workstation_Creative,32GB,1TB,tren_60tr
gamer_streamer,21.2,26,Acer,16GB,gaming,2,8,3,Acer,Gaming,32GB,1TB,25tr_40tr
giao_vien,14.9,41,HP,8GB,van_phong_hoc_tap,1,5,2,HP,Office_Student,16GB,512GB,15tr_25tr
giao_vien,14.6,35,Lenovo,16GB,van_phong_hoc_tap,1,12,4,Lenovo,Office_Student,16GB,512GB,15tr_25tr
sinh_vien,3.0,22,Dell,16GB,van_phong_hoc_tap,1,3,1,Dell,Office_Student,8GB,512GB,duoi_15tr
giao_vien,12.3,33,HP,8GB,van_phong_hoc_tap,2,7,3,HP,Office_Student,16GB,512GB,15tr_25tr
sinh_vien,6.5,20,Asus,16GB,van_phong_hoc_tap,1,9,3,Dell,Office_Student,8GB,512GB,duoi_15tr
designer,29.1,34,Lenovo,8GB,do_hoa_ky_thuat,3,12,4,Lenovo,Workstation_Creative,32GB,1TB,40tr_60tr
sinh_vien,5.0,18,Dell,8GB,gaming,1,3,1,MSI,Gaming,8GB,512GB,duoi_15tr
ky_su,34.3,34,Dell,16GB,do_hoa_ky_thuat,1,1,1,Dell,Workstation_Creative,32GB,1TB,40tr_60tr
lap_trinh_vien,43.4,37,HP,8GB,do_hoa_ky_thuat,1,1,1,Lenovo,Workstation_Creative,16GB,1TB,tren_60tr
vp_ke_toan,13.2,35,Lenovo,16GB,van_phong_hoc_tap,2,11,4,Lenovo,Office_Student,16GB,512GB,15tr_25tr
lap_trinh_vien,22.5,30,Asus,8GB,do_hoa_ky_thuat,3,9,3,Asus,Workstation_Creative,16GB,1TB,25tr_40tr
lap_trinh_vien,39.7,26,Lenovo,16GB,do_hoa_ky_thuat,2,4,2,Asus,Workstation_Creative,32GB,1TB,40tr_60tr
ky_su,26.2,30,Dell,8GB,do_hoa_ky_thuat,3,10,4,Dell,Workstation_Creative,32GB,1TB,40tr_60tr
sinh_vien,6.5,21,Lenovo,32GB,van_phong_hoc_tap,2,7,3,Lenovo,Office_Student,8GB,512GB,duoi_15tr
vp_ke_toan,18.6,40,HP,8GB,van_phong_hoc_tap,1,9,3,Acer,Office_Student,16GB,512GB,15tr_25tr
lap_trinh_vien,25.9,39,Dell,8GB,do_hoa_ky_thuat,2,6,2,Dell,Workstation_Creative,32GB,1TB,40tr_60tr
freelancer_creator,37.5,25,Asus,8GB,do_hoa_ky_thuat,2,1,1,Dell,Workstation_Creative,32GB,1TB,40tr_60tr
sinh_vien,4.9,20,Lenovo,16GB,gaming,3,7,3,MSI,Gaming,16GB,512GB,duoi_15tr
sinh_vien,7.1,18,Acer,8GB,gaming,1,2,1,Lenovo,Gaming,8GB,512GB,15tr_25tr
quan_ly_doanh_nhan,49.7,53,HP,32GB,doanh_nhan_di_dong,3,6,2,Apple,Ultrabook_Business,16GB,512GB,40tr_60tr
lap_trinh_vien,17.9,25,Asus,16GB,do_hoa_ky_thuat,1,7,3,Asus,Gaming,32GB,1TB,25tr_40tr
vp_ke_toan,10.0,33,Lenovo,16GB,van_phong_hoc_tap,1,5,2,Lenovo,Office_Student,16GB,512GB,15tr_25tr
lap_trinh_vien,44.0,24,Apple,8GB,do_hoa_ky_thuat,3,1,1,Apple,Workstation_Creative,16GB,1TB,tren_60tr
vp_ke_toan,11.9,37,Acer,16GB,van_phong_hoc_tap,2,8,3,Acer,Office_Student,16GB,512GB,15tr_25tr
gamer_streamer,16.6,25,Asus,8GB,gaming,1,1,1,Asus,Gaming,16GB,1TB,25tr_40tr
lap_trinh_vien,21.0,39,Lenovo,16GB,do_hoa_ky_thuat,2,9,3,Dell,Workstation_Creative,16GB,1TB,25tr_40tr
lap_trinh_vien,45.4,24,Apple,16GB,do_hoa_ky_thuat,2,11,4,Apple,Workstation_Creative,32GB,1TB,tren_60tr
lap_trinh_vien,26.2,27,HP,16GB,do_hoa_ky_thuat,1,3,1,Lenovo,Workstation_Creative,16GB,1TB,40tr_60tr
gamer_streamer,15.3,28,MSI,16GB,gaming,2,7,3,MSI,Gaming,32GB,1TB,25tr_40tr
quan_ly_doanh_nhan,57.3,53,HP,8GB,doanh_nhan_di_dong,1,11,4,HP,Ultrabook_Business,16GB,512GB,40tr_60tr
sinh_vien,2.2,19,HP,8GB,gaming,1,2,1,Acer,Gaming,16GB,512GB,duoi_15tr
lap_trinh_vien,45.2,23,Lenovo,32GB,do_hoa_ky_thuat,1,10,4,Lenovo,Workstation_Creative,32GB,1TB,tren_60tr
gamer_streamer,29.9,19,Dell,16GB,gaming,1,11,4,Lenovo,Gaming,16GB,1TB,40tr_60tr
sinh_vien,7.4,20,Lenovo,8GB,gaming,1,7,3,Lenovo,Gaming,8GB,512GB,15tr_25tr
giao_vien,12.5,44,Acer,16GB,van_phong_hoc_tap,2,10,4,Acer,Office_Student,16GB,512GB,15tr_25tr
sinh_vien,3.8,18,Lenovo,16GB,van_phong_hoc_tap,3,3,1,Lenovo,Office_Student,8GB,512GB,duoi_15tr
sinh_vien,7.5,22,MSI,8GB,gaming,1,1,1,Lenovo,Gaming,8GB,512GB,15tr_25tr
lap_trinh_vien,22.4,22,Apple,16GB,do_hoa_ky_thuat,1,11,4,Apple,Workstation_Creative,32GB,1TB,25tr_40tr
vp_ke_toan,12.5,26,Asus,16GB,van_phong_hoc_tap,2,2,1,Asus,Office_Student,16GB,512GB,15tr_25tr
lap_trinh_vien,42.9,30,Asus,8GB,do_hoa_ky_thuat,2,6,2,Asus,Workstation_Creative,32GB,1TB,tren_60tr
quan_ly_doanh_nhan,40.7,44,Samsung,8GB,doanh_nhan_di_dong,1,7,3,HP,Ultrabook_Business,16GB,512GB,40tr_60tr
sinh_vien,6.6,18,Lenovo,16GB,van_phong_hoc_tap,1,3,1,Lenovo,Office_Student,8GB,512GB,duoi_15tr
sinh_vien,7.6,20,Lenovo,32GB,van_phong_hoc_tap,3,4,2,Lenovo,Office_Student,8GB,512GB,duoi_15tr
sinh_vien,5.6,21,Dell,16GB,van_phong_hoc_tap,4,10,4,Dell,Office_Student,8GB,512GB,duoi_15tr
lap_trinh_vien,33.4,38,Dell,16GB,do_hoa_ky_thuat,1,4,2,Dell,Workstation_Creative,32GB,1TB,40tr_60tr
giao_vien,8.9,23,Asus,16GB,van_phong_hoc_tap,1,5,2,Asus,Office_Student,8GB,512GB,duoi_15tr
sinh_vien,3.8,18,MSI,8GB,gaming,1,8,3,HP,Gaming,16GB,512GB,duoi_15tr
lap_trinh_vien,40.0,39,Apple,16GB,do_hoa_ky_thuat,2,2,1,Apple,Workstation_Creative,32GB,1TB,tren_60tr
sinh_vien,7.3,22,Acer,16GB,van_phong_hoc_tap,2,11,4,Acer,Office_Student,8GB,512GB,duoi_15tr
lap_trinh_vien,22.6,35,Acer,16GB,do_hoa_ky_thuat,1,2,1,Asus,Workstation_Creative,32GB,1TB,25tr_40tr
freelancer_creator,34.7,24,HP,16GB,do_hoa_ky_thuat,1,4,2,Dell,Workstation_Creative,32GB,1TB,40tr_60tr
designer,34.5,34,Apple,16GB,do_hoa_ky_thuat,1,6,2,Apple,Workstation_Creative,32GB,1TB,40tr_60tr
vp_ke_toan,15.6,38,Lenovo,8GB,van_phong_hoc_tap,1,7,3,Asus,Office_Student,16GB,512GB,15tr_25tr
sinh_vien,7.8,22,Lenovo,16GB,van_phong_hoc_tap,1,10,4,Lenovo,Office_Student,8GB,512GB,duoi_15tr
vp_ke_toan,13.4,43,Dell,8GB,van_phong_hoc_tap,1,9,3,Dell,Office_Student,16GB,512GB,15tr_25tr
vp_ke_toan,9.7,24,Dell,16GB,van_phong_hoc_tap,2,12,4,Acer,Office_Student,8GB,512GB,duoi_15tr
vp_ke_toan,19.2,36,Dell,16GB,van_phong_hoc_tap,1,12,4,Lenovo,Office_Student,16GB,512GB,15tr_25tr
lap_trinh_vien,44.9,27,Dell,16GB,do_hoa_ky_thuat,1,7,3,Dell,Workstation_Creative,32GB,1TB,tren_60tr
sinh_vien,6.2,22,HP,8GB,gaming,2,8,3,HP,Gaming,16GB,512GB,duoi_15tr
designer,24.2,28,Apple,32GB,do_hoa_ky_thuat,2,2,1,Apple,Workstation_Creative,16GB,1TB,40tr_60tr
gamer_streamer,34.1,24,Acer,8GB,gaming,1,6,2,Acer,Gaming,32GB,1TB,40tr_60tr
sinh_vien,6.3,22,Lenovo,16GB,van_phong_hoc_tap,1,8,3,Lenovo,Office_Student,8GB,512GB,duoi_15tr
designer,34.8,29,Apple,8GB,do_hoa_ky_thuat,2,6,2,Lenovo,Workstation_Creative,32GB,1TB,40tr_60tr
quan_ly_doanh_nhan,94.2,36,HP,16GB,doanh_nhan_di_dong,3,12,4,HP,Ultrabook_Business,16GB,512GB,tren_60tr
sinh_vien,2.3,20,HP,8GB,van_phong_hoc_tap,4,8,3,HP,Office_Student,8GB,512GB,duoi_15tr
lap_trinh_vien,31.6,39,Dell,8GB,do_hoa_ky_thuat,3,10,4,Dell,Workstation_Creative,16GB,1TB,40tr_60tr
sinh_vien,5.5,20,HP,16GB,van_phong_hoc_tap,1,7,3,HP,Office_Student,8GB,512GB,duoi_15tr
vp_ke_toan,13.1,24,Lenovo,16GB,van_phong_hoc_tap,1,2,1,Lenovo,Office_Student,16GB,512GB,15tr_25tr
sinh_vien,4.2,19,Acer,16GB,van_phong_hoc_tap,2,1,1,Acer,Office_Student,8GB,512GB,duoi_15tr
vp_ke_toan,15.6,27,Dell,8GB,van_phong_hoc_tap,1,1,1,Dell,Office_Student,16GB,512GB,15tr_25tr
sinh_vien,3.0,22,Dell,8GB,gaming,1,8,3,MSI,Gaming,16GB,512GB,duoi_15tr
sinh_vien,7.8,22,Lenovo,8GB,van_phong_hoc_tap,1,10,4,Lenovo,Office_Student,8GB,512GB,duoi_15tr
lap_trinh_vien,41.8,36,Apple,16GB,do_hoa_ky_thuat,3,9,3,Apple,Workstation_Creative,16GB,1TB,tren_60tr
quan_ly_doanh_nhan,82.0,32,HP,8GB,doanh_nhan_di_dong,2,1,1,HP,Ultrabook_Business,16GB,512GB,tren_60tr
quan_ly_doanh_nhan,99.7,50,Asus,8GB,doanh_nhan_di_dong,4,8,3,Asus,Ultrabook_Business,16GB,512GB,tren_60tr
vp_ke_toan,19.8,30,Lenovo,8GB,van_phong_hoc_tap,1,12,4,Lenovo,Office_Student,16GB,512GB,15tr_25tr
sinh_vien,5.0,22,HP,16GB,van_phong_hoc_tap,1,2,1,HP,Office_Student,8GB,512GB,duoi_15tr
gamer_streamer,15.0,23,Lenovo,8GB,gaming,2,8,3,Acer,Gaming,32GB,1TB,25tr_40tr
designer,13.8,24,HP,8GB,do_hoa_ky_thuat,4,2,1,HP,Gaming,16GB,1TB,25tr_40tr
sinh_vien,5.8,18,Dell,32GB,van_phong_hoc_tap,1,7,3,Dell,Office_Student,8GB,512GB,duoi_15tr
lap_trinh_vien,19.7,39,Apple,8GB,do_hoa_ky_thuat,1,5,2,Asus,Gaming,16GB,1TB,25tr_40tr
sinh_vien,7.7,20,Lenovo,8GB,van_phong_hoc_tap,1,7,3,Lenovo,Office_Student,8GB,512GB,duoi_15tr
giao_vien,14.1,24,Apple,8GB,van_phong_hoc_tap,2,8,3,Dell,Office_Student,16GB,512GB,15tr_25tr
gamer_streamer,33.3,27,Asus,16GB,gaming,3,4,2,Asus,Gaming,32GB,1TB,40tr_60tr
freelancer_creator,31.3,23,Asus,16GB,do_hoa_ky_thuat,1,7,3,Lenovo,Workstation_Creative,16GB,1TB,40tr_60tr
gamer_streamer,37.9,24,MSI,16GB,gaming,1,2,1,MSI,Gaming,32GB,1TB,40tr_60tr
sinh_vien,5.1,21,HP,8GB,van_phong_hoc_tap,1,4,2,HP,Office_Student,8GB,512GB,duoi_15tr
sinh_vien,4.7,18,MSI,16GB,gaming,2,12,4,MSI,Gaming,16GB,512GB,duoi_15tr
quan_ly_doanh_nhan,72.7,50,Dell,8GB,doanh_nhan_di_dong,1,4,2,Dell,Ultrabook_Business,16GB,512GB,tren_60tr
sinh_vien,6.7,18,Acer,16GB,gaming,2,4,2,Acer,Gaming,16GB,512GB,15tr_25tr
gamer_streamer,26.8,22,MSI,8GB,gaming,3,4,2,MSI,Gaming,32GB,1TB,40tr_60tr
sinh_vien,5.5,18,Asus,32GB,gaming,1,5,2,Asus,Gaming,16GB,512GB,duoi_15tr
vp_ke_toan,8.8,42,HP,8GB,van_phong_hoc_tap,1,7,3,Asus,Office_Student,8GB,512GB,duoi_15tr
vp_ke_toan,17.5,24,Apple,16GB,van_phong_hoc_tap,2,10,4,Asus,Office_Student,16GB,512GB,15tr_25tr
sinh_vien,3.5,21,Dell,16GB,van_phong_hoc_tap,4,7,3,Dell,Office_Student,8GB,512GB,duoi_15tr
sinh_vien,7.9,22,MSI,8GB,gaming,1,8,3,MSI,Gaming,16GB,512GB,15tr_25tr
ky_su,28.0,32,Dell,8GB,do_hoa_ky_thuat,1,12,4,Dell,Workstation_Creative,16GB,1TB,40tr_60tr
lap_trinh_vien,42.9,34,Apple,8GB,do_hoa_ky_thuat,1,1,1,Apple,Workstation_Creative,16GB,1TB,tren_60tr
sinh_vien,5.1,20,Lenovo,16GB,van_phong_hoc_tap,1,8,3,Lenovo,Office_Student,8GB,512GB,duoi_15tr
vp_ke_toan,9.1,28,Dell,16GB,van_phong_hoc_tap,2,8,3,Asus,Office_Student,8GB,512GB,duoi_15tr
lap_trinh_vien,39.2,28,Acer,16GB,do_hoa_ky_thuat,1,11,4,Asus,Workstation_Creative,16GB,1TB,40tr_60tr
designer,13.4,25,Apple,8GB,do_hoa_ky_thuat,2,12,4,Asus,Gaming,32GB,1TB,25tr_40tr
quan_ly_doanh_nhan,55.8,39,Asus,16GB,doanh_nhan_di_dong,2,7,3,Asus,Ultrabook_Business,16GB,512GB,40tr_60tr
ky_su,18.1,23,Dell,16GB,do_hoa_ky_thuat,2,2,1,Asus,Gaming,32GB,1TB,25tr_40tr
lap_trinh_vien,22.6,31,Dell,8GB,do_hoa_ky_thuat,1,1,1,Dell,Workstation_Creative,32GB,1TB,25tr_40tr
vp_ke_toan,10.9,28,Asus,16GB,van_phong_hoc_tap,1,3,1,Asus,Office_Student,16GB,512GB,15tr_25tr
gamer_streamer,30.9,21,Lenovo,8GB,gaming,1,8,3,Lenovo,Gaming,32GB,1TB,40tr_60tr
sinh_vien,5.9,21,Dell,16GB,van_phong_hoc_tap,1,4,2,Dell,Office_Student,8GB,512GB,duoi_15tr
gamer_streamer,32.2,28,MSI,8GB,gaming,1,8,3,HP,Gaming,32GB,1TB,40tr_60tr
designer,29.1,29,Asus,8GB,do_hoa_ky_thuat,1,3,1,Asus,Workstation_Creative,32GB,1TB,40tr_60tr
gamer_streamer,38.5,27,Acer,16GB,gaming,1,7,3,Lenovo,Gaming,16GB,1TB,40tr_60tr
vp_ke_toan,13.6,29,Dell,16GB,van_phong_hoc_tap,1,7,3,Dell,Office_Student,16GB,512GB,15tr_25tr
gamer_streamer,48.4,26,Asus,8GB,gaming,1,1,1,Asus,Gaming,32GB,1TB,tren_60tr
sinh_vien,5.8,22,HP,8GB,van_phong_hoc_tap,1,11,4,HP,Office_Student,8GB,512GB,duoi_15tr
sinh_vien,2.6,20,HP,16GB,van_phong_hoc_tap,1,5,2,HP,Office_Student,8GB,512GB,duoi_15tr
gamer_streamer,41.3,28,Lenovo,16GB,gaming,1,7,3,Lenovo,Gaming,16GB,1TB,tren_60tr
quan_ly_doanh_nhan,70.8,44,Asus,16GB,doanh_nhan_di_dong,2,6,2,Asus,Ultrabook_Business,16GB,512GB,tren_60tr
quan_ly_doanh_nhan,44.8,49,Apple,32GB,doanh_nhan_di_dong,1,1,1,Dell,Ultrabook_Business,16GB,512GB,40tr_60tr
gamer_streamer,42.3,18,Asus,16GB,gaming,1,1,1,Lenovo,Gaming,32GB,1TB,tren_60tr
sinh_vien,2.4,22,Dell,16GB,van_phong_hoc_tap,1,10,4,Dell,Office_Student,8GB,512GB,duoi_15tr
quan_ly_doanh_nhan,50.4,45,Lenovo,16GB,doanh_nhan_di_dong,1,5,2,Lenovo,Ultrabook_Business,16GB,512GB,40tr_60tr
vp_ke_toan,11.8,37,Lenovo,8GB,van_phong_hoc_tap,2,4,2,Lenovo,Office_Student,16GB,512GB,15tr_25tr
lap_trinh_vien,17.7,27,Lenovo,16GB,do_hoa_ky_thuat,1,9,3,Lenovo,Gaming,32GB,1TB,25tr_40tr
sinh_vien,2.6,20,Dell,16GB,van_phong_hoc_tap,2,2,1,Dell,Office_Student,8GB,512GB,duoi_15tr
sinh_vien,6.5,22,Asus,8GB,van_phong_hoc_tap,1,7,3,Asus,Office_Student,8GB,512GB,duoi_15tr
sinh_vien,2.3,22,HP,16GB,van_phong_hoc_tap,1,10,4,HP,Office_Student,8GB,512GB,duoi_15tr
gamer_streamer,45.8,22,MSI,16GB,gaming,1,10,4,MSI,Gaming,16GB,1TB,tren_60tr
quan_ly_doanh_nhan,72.1,49,HP,8GB,doanh_nhan_di_dong,2,10,4,HP,Ultrabook_Business,16GB,512GB,tren_60tr
designer,35.4,33,Apple,16GB,do_hoa_ky_thuat,4,4,2,Apple,Workstation_Creative,32GB,1TB,40tr_60tr
sinh_vien,5.5,20,Dell,8GB,van_phong_hoc_tap,1,10,4,HP,Office_Student,8GB,512GB,duoi_15tr
freelancer_creator,26.0,29,Dell,16GB,do_hoa_ky_thuat,1,9,3,Dell,Workstation_Creative,16GB,1TB,40tr_60tr
giao_vien,12.9,32,Dell,32GB,van_phong_hoc_tap,3,2,1,Dell,Office_Student,16GB,512GB,15tr_25tr
quan_ly_doanh_nhan,44.9,30,Dell,16GB,doanh_nhan_di_dong,3,7,3,Dell,Ultrabook_Business,16GB,512GB,40tr_60tr
designer,17.3,34,HP,8GB,do_hoa_ky_thuat,1,6,2,HP,Gaming,16GB,1TB,25tr_40tr
lap_trinh_vien,18.8,32,Apple,16GB,do_hoa_ky_thuat,2,4,2,Lenovo,Gaming,32GB,1TB,25tr_40tr
designer,27.0,26,HP,8GB,do_hoa_ky_thuat,1,6,2,Apple,Workstation_Creative,16GB,1TB,40tr_60tr
lap_trinh_vien,44.1,35,HP,8GB,do_hoa_ky_thuat,1,11,4,Dell,Workstation_Creative,32GB,1TB,tren_60tr
sinh_vien,6.8,20,MSI,16GB,gaming,1,7,3,MSI,Gaming,8GB,512GB,15tr_25tr
sinh_vien,4.7,20,MSI,16GB,gaming,1,4,2,HP,Gaming,16GB,512GB,duoi_15tr
designer,19.2,29,Apple,16GB,do_hoa_ky_thuat,1,2,1,Lenovo,Gaming,16GB,1TB,25tr_40tr
designer,23.3,31,Dell,8GB,do_hoa_ky_thuat,3,4,2,Dell,Workstation_Creative,32GB,1TB,25tr_40tr
giao_vien,16.1,42,Apple,16GB,van_phong_hoc_tap,2,6,2,Asus,Office_Student,16GB,512GB,15tr_25tr
sinh_vien,6.4,20,Lenovo,16GB,gaming,1,9,3,Lenovo,Gaming,16GB,512GB,duoi_15tr
sinh_vien,7.9,18,HP,16GB,gaming,2,2,1,HP,Gaming,8GB,512GB,15tr_25tr
sinh_vien,5.7,20,Asus,16GB,van_phong_hoc_tap,1,6,2,Asus,Office_Student,8GB,512GB,duoi_15tr
lap_trinh_vien,43.6,27,Apple,16GB,do_hoa_ky_thuat,3,1,1,Apple,Workstation_Creative,32GB,1TB,tren_60tr
sinh_vien,5.8,21,MSI,8GB,gaming,1,12,4,MSI,Gaming,16GB,512GB,duoi_15tr
designer,30.6,32,Apple,8GB,do_hoa_ky_thuat,1,8,3,Apple,Workstation_Creative,32GB,1TB,40tr_60tr
sinh_vien,6.5,21,HP,16GB,van_phong_hoc_tap,1,7,3,HP,Office_Student,8GB,512GB,duoi_15tr
vp_ke_toan,13.3,43,Asus,16GB,van_phong_hoc_tap,1,12,4,Asus,Office_Student,16GB,512GB,15tr_25tr
lap_trinh_vien,22.1,37,Apple,16GB,do_hoa_ky_thuat,1,1,1,Dell,Workstation_Creative,32GB,1TB,25tr_40tr
sinh_vien,5.6,18,Dell,16GB,van_phong_hoc_tap,1,6,2,HP,Office_Student,8GB,512GB,duoi_15tr
ky_su,34.0,37,HP,8GB,do_hoa_ky_thuat,2,9,3,Asus,Workstation_Creative,16GB,1TB,40tr_60tr
sinh_vien,4.4,22,Apple,8GB,van_phong_hoc_tap,1,10,4,Asus,Office_Student,8GB,512GB,duoi_15tr
vp_ke_toan,15.0,25,HP,8GB,van_phong_hoc_tap,4,3,1,HP,Office_Student,16GB,512GB,15tr_25tr
freelancer_creator,30.9,34,Asus,8GB,do_hoa_ky_thuat,1,8,3,Asus,Workstation_Creative,16GB,1TB,40tr_60tr
gamer_streamer,41.8,29,Lenovo,32GB,gaming,1,1,1,Lenovo,Gaming,32GB,1TB,tren_60tr
sinh_vien,6.1,20,Acer,16GB,van_phong_hoc_tap,2,1,1,Acer,Office_Student,8GB,512GB,duoi_15tr
gamer_streamer,41.2,22,MSI,16GB,gaming,3,6,2,MSI,Gaming,32GB,1TB,tren_60tr
designer,31.3,31,Acer,16GB,do_hoa_ky_thuat,2,8,3,Asus,Workstation_Creative,32GB,1TB,40tr_60tr
vp_ke_toan,19.4,25,Lenovo,8GB,van_phong_hoc_tap,4,7,3,Asus,Office_Student,16GB,512GB,15tr_25tr
lap_trinh_vien,32.6,23,Apple,8GB,do_hoa_ky_thuat,1,5,2,Apple,Workstation_Creative,32GB,1TB,40tr_60tr
lap_trinh_vien,32.5,27,Asus,8GB,do_hoa_ky_thuat,2,10,4,Asus,Workstation_Creative,32GB,1TB,40tr_60tr
sinh_vien,7.2,21,Dell,16GB,van_phong_hoc_tap,2,2,1,Dell,Office_Student,8GB,512GB,duoi_15tr
gamer_streamer,50.9,22,MSI,8GB,gaming,2,1,1,MSI,Gaming,16GB,1TB,tren_60tr
sinh_vien,4.5,22,MSI,32GB,gaming,2,12,4,Asus,Gaming,8GB,512GB,duoi_15tr
vp_ke_toan,17.5,26,Dell,8GB,van_phong_hoc_tap,1,10,4,Dell,Office_Student,16GB,512GB,15tr_25tr
giao_vien,8.5,38,HP,8GB,van_phong_hoc_tap,1,5,2,HP,Office_Student,8GB,512GB,duoi_15tr
gamer_streamer,56.8,26,Asus,8GB,gaming,2,3,1,Asus,Gaming,32GB,1TB,tren_60tr
vp_ke_toan,8.7,30,HP,8GB,van_phong_hoc_tap,1,1,1,Asus,Office_Student,8GB,512GB,duoi_15tr
lap_trinh_vien,34.5,31,Dell,32GB,do_hoa_ky_thuat,1,10,4,Dell,Workstation_Creative,16GB,1TB,40tr_60tr
designer,36.6,29,Dell,8GB,do_hoa_ky_thuat,2,11,4,Dell,Workstation_Creative,16GB,1TB,40tr_60tr
lap_trinh_vien,41.6,23,Dell,16GB,do_hoa_ky_thuat,1,4,2,Dell,Workstation_Creative,32GB,1TB,tren_60tr
sinh_vien,6.5,22,Dell,16GB,van_phong_hoc_tap,1,10,4,Dell,Office_Student,8GB,512GB,duoi_15tr
vp_ke_toan,11.2,36,HP,8GB,van_phong_hoc_tap,1,6,2,Asus,Office_Student,16GB,512GB,15tr_25tr
lap_trinh_vien,24.4,30,Asus,32GB,do_hoa_ky_thuat,1,10,4,Asus,Workstation_Creative,32GB,1TB,40tr_60tr
vp_ke_toan,18.0,39,Asus,16GB,van_phong_hoc_tap,1,12,4,Asus,Office_Student,16GB,512GB,15tr_25tr
sinh_vien,7.3,20,Dell,8GB,gaming,1,2,1,Lenovo,Gaming,8GB,512GB,15tr_25tr
lap_trinh_vien,49.3,29,Apple,16GB,do_hoa_ky_thuat,1,2,1,Apple,Workstation_Creative,16GB,1TB,tren_60tr
sinh_vien,6.0,20,Dell,8GB,gaming,1,5,2,Lenovo,Gaming,16GB,512GB,duoi_15tr
lap_trinh_vien,47.3,39,Apple,16GB,do_hoa_ky_thuat,1,8,3,Apple,Workstation_Creative,32GB,1TB,tren_60tr
vp_ke_toan,13.5,39,Dell,16GB,van_phong_hoc_tap,2,6,2,Dell,Office_Student,16GB,512GB,15tr_25tr
lap_trinh_vien,26.6,36,Lenovo,8GB,do_hoa_ky_thuat,1,12,4,Acer,Workstation_Creative,16GB,1TB,40tr_60tr
vp_ke_toan,9.6,40,Dell,8GB,van_phong_hoc_tap,1,8,3,Asus,Office_Student,8GB,512GB,duoi_15tr
sinh_vien,7.5,21,Dell,16GB,gaming,1,2,1,Asus,Gaming,16GB,512GB,15tr_25tr
quan_ly_doanh_nhan,61.3,43,Lenovo,8GB,doanh_nhan_di_dong,1,5,2,Lenovo,Ultrabook_Business,16GB,512GB,tren_60tr
freelancer_creator,34.5,29,HP,8GB,do_hoa_ky_thuat,1,2,1,Lenovo,Workstation_Creative,16GB,1TB,40tr_60tr
vp_ke_toan,9.3,36,Dell,32GB,van_phong_hoc_tap,1,12,4,Dell,Office_Student,8GB,512GB,duoi_15tr
quan_ly_doanh_nhan,66.6,44,Lenovo,16GB,doanh_nhan_di_dong,2,11,4,Lenovo,Ultrabook_Business,16GB,512GB,tren_60tr
designer,18.0,23,Asus,16GB,do_hoa_ky_thuat,2,2,1,Acer,Gaming,16GB,1TB,25tr_40tr
sinh_vien,4.8,20,Asus,16GB,gaming,2,5,2,Asus,Gaming,16GB,512GB,duoi_15tr
lap_trinh_vien,21.7,39,Apple,16GB,do_hoa_ky_thuat,4,11,4,Asus,Workstation_Creative,16GB,1TB,25tr_40tr
quan_ly_doanh_nhan,29.9,30,Apple,32GB,doanh_nhan_di_dong,2,6,2,Apple,Ultrabook_Business,16GB,512GB,25tr_40tr
sinh_vien,7.0,20,Dell,8GB,van_phong_hoc_tap,1,5,2,Dell,Office_Student,8GB,512GB,duoi_15tr
sinh_vien,3.8,20,Asus,32GB,van_phong_hoc_tap,2,3,1,Asus,Office_Student,8GB,512GB,duoi_15tr
designer,20.7,32,Apple,8GB,do_hoa_ky_thuat,2,6,2,HP,Workstation_Creative,32GB,1TB,25tr_40tr
lap_trinh_vien,43.3,38,Apple,16GB,do_hoa_ky_thuat,2,9,3,Apple,Workstation_Creative,16GB,1TB,tren_60tr
vp_ke_toan,9.0,28,Lenovo,16GB,van_phong_hoc_tap,2,9,3,Lenovo,Office_Student,8GB,512GB,duoi_15tr
designer,20.8,32,Asus,8GB,do_hoa_ky_thuat,1,11,4,Asus,Workstation_Creative,16GB,1TB,25tr_40tr
sinh_vien,2.8,18,Asus,8GB,gaming,1,4,2,Lenovo,Gaming,16GB,512GB,duoi_15tr
gamer_streamer,30.7,25,Asus,16GB,gaming,1,12,4,Asus,Gaming,16GB,1TB,40tr_60tr
giao_vien,13.4,31,HP,32GB,van_phong_hoc_tap,2,4,2,Acer,Office_Student,16GB,512GB,15tr_25tr
lap_trinh_vien,30.9,36,Dell,16GB,do_hoa_ky_thuat,3,12,4,Dell,Workstation_Creative,32GB,1TB,40tr_60tr
designer,26.7,28,Apple,16GB,do_hoa_ky_thuat,4,11,4,Apple,Workstation_Creative,16GB,1TB,40tr_60tr
ky_su,46.2,28,Lenovo,16GB,do_hoa_ky_thuat,2,5,2,Lenovo,Workstation_Creative,32GB,1TB,tren_60tr
designer,29.7,22,Samsung,8GB,do_hoa_ky_thuat,1,8,3,Dell,Workstation_Creative,32GB,1TB,40tr_60tr
lap_trinh_vien,42.9,39,Apple,8GB,do_hoa_ky_thuat,3,8,3,Apple,Workstation_Creative,16GB,1TB,tren_60tr
designer,17.8,33,Apple,8GB,do_hoa_ky_thuat,1,10,4,Lenovo,Gaming,32GB,1TB,25tr_40tr
freelancer_creator,19.5,33,HP,8GB,do_hoa_ky_thuat,1,6,2,MSI,Gaming,16GB,1TB,25tr_40tr
lap_trinh_vien,40.3,32,HP,16GB,do_hoa_ky_thuat,1,6,2,Apple,Workstation_Creative,32GB,1TB,tren_60tr
quan_ly_doanh_nhan,90.6,51,HP,8GB,doanh_nhan_di_dong,2,3,1,HP,Ultrabook_Business,16GB,512GB,tren_60tr
quan_ly_doanh_nhan,71.7,30,Dell,16GB,doanh_nhan_di_dong,3,7,3,MSI,Ultrabook_Business,16GB,512GB,tren_60tr
quan_ly_doanh_nhan,39.3,54,Apple,8GB,doanh_nhan_di_dong,2,1,1,Apple,Ultrabook_Business,16GB,512GB,40tr_60tr
quan_ly_doanh_nhan,45.1,49,Apple,16GB,doanh_nhan_di_dong,1,11,4,Dell,Ultrabook_Business,16GB,512GB,40tr_60tr
freelancer_creator,27.3,23,Asus,16GB,do_hoa_ky_thuat,2,12,4,Asus,Workstation_Creative,16GB,1TB,40tr_60tr
ky_su,15.4,27,Dell,8GB,do_hoa_ky_thuat,1,11,4,Lenovo,Gaming,32GB,1TB,25tr_40tr
vp_ke_toan,12.9,23,HP,16GB,van_phong_hoc_tap,3,7,3,HP,Office_Student,16GB,512GB,15tr_25tr
freelancer_creator,17.6,22,Acer,16GB,do_hoa_ky_thuat,1,3,1,MSI,Gaming,32GB,1TB,25tr_40tr
vp_ke_toan,19.1,38,Asus,8GB,van_phong_hoc_tap,1,2,1,Asus,Office_Student,16GB,512GB,15tr_25tr
designer,29.6,34,Apple,8GB,do_hoa_ky_thuat,1,1,1,Asus,Workstation_Creative,32GB,1TB,40tr_60tr
gamer_streamer,37.7,28,MSI,8GB,gaming,1,7,3,MSI,Gaming,32GB,1TB,40tr_60tr
designer,29.5,27,Apple,32GB,do_hoa_ky_thuat,1,7,3,Apple,Workstation_Creative,32GB,1TB,40tr_60tr
sinh_vien,6.5,20,HP,16GB,van_phong_hoc_tap,1,2,1,HP,Office_Student,8GB,512GB,duoi_15tr
lap_trinh_vien,15.1,25,Acer,8GB,do_hoa_ky_thuat,1,9,3,Acer,Gaming,32GB,1TB,25tr_40tr
gamer_streamer,15.8,23,Asus,16GB,gaming,2,4,2,Asus,Gaming,32GB,1TB,25tr_40tr
quan_ly_doanh_nhan,86.9,53,HP,8GB,doanh_nhan_di_dong,2,9,3,HP,Ultrabook_Business,16GB,512GB,tren_60tr
gamer_streamer,35.1,23,Asus,16GB,gaming,1,10,4,Asus,Gaming,16GB,1TB,40tr_60tr
designer,29.3,22,Apple,8GB,do_hoa_ky_thuat,1,12,4,Lenovo,Workstation_Creative,32GB,1TB,40tr_60tr
lap_trinh_vien,27.8,32,Lenovo,16GB,do_hoa_ky_thuat,1,12,4,Asus,Workstation_Creative,32GB,1TB,40tr_60tr
sinh_vien,5.6,22,HP,16GB,gaming,1,10,4,HP,Gaming,8GB,512GB,duoi_15tr
designer,33.8,22,Apple,8GB,do_hoa_ky_thuat,3,11,4,Asus,Workstation_Creative,16GB,1TB,40tr_60tr
sinh_vien,6.0,19,Dell,16GB,van_phong_hoc_tap,2,9,3,Dell,Office_Student,8GB,512GB,duoi_15tr
sinh_vien,5.6,20,Asus,8GB,gaming,2,6,2,Asus,Gaming,16GB,512GB,duoi_15tr
giao_vien,13.1,42,HP,8GB,van_phong_hoc_tap,1,10,4,Dell,Office_Student,16GB,512GB,15tr_25tr
giao_vien,12.2,42,Asus,8GB,van_phong_hoc_tap,1,12,4,HP,Office_Student,16GB,512GB,15tr_25tr
vp_ke_toan,15.8,26,Dell,8GB,van_phong_hoc_tap,1,8,3,Dell,Office_Student,16GB,512GB,15tr_25tr
sinh_vien,3.6,18,MSI,8GB,gaming,2,10,4,MSI,Gaming,16GB,512GB,duoi_15tr
sinh_vien,6.8,19,Acer,16GB,gaming,2,10,4,Acer,Gaming,16GB,512GB,15tr_25tr
vp_ke_toan,14.9,29,Dell,8GB,van_phong_hoc_tap,1,1,1,Acer,Office_Student,16GB,512GB,15tr_25tr
designer,37.3,25,Asus,16GB,do_hoa_ky_thuat,1,10,4,Asus,Workstation_Creative,32GB,1TB,40tr_60tr
giao_vien,10.8,27,Lenovo,16GB,van_phong_hoc_tap,3,6,2,Lenovo,Office_Student,16GB,512GB,15tr_25tr
sinh_vien,4.0,22,Asus,16GB,van_phong_hoc_tap,1,11,4,Acer,Office_Student,8GB,512GB,duoi_15tr
designer,17.0,34,HP,32GB,do_hoa_ky_thuat,1,3,1,HP,Gaming,32GB,1TB,25tr_40tr
designer,36.7,30,Dell,32GB,do_hoa_ky_thuat,1,9,3,Dell,Workstation_Creative,16GB,1TB,40tr_60tr
sinh_vien,7.8,20,Lenovo,32GB,van_phong_hoc_tap,1,1,1,Lenovo,Office_Student,8GB,512GB,duoi_15tr
sinh_vien,7.8,22,HP,16GB,van_phong_hoc_tap,1,4,2,HP,Office_Student,8GB,512GB,duoi_15tr
ky_su,20.8,37,Asus,8GB,do_hoa_ky_thuat,1,2,1,Asus,Workstation_Creative,32GB,1TB,25tr_40tr
lap_trinh_vien,36.0,31,Apple,32GB,do_hoa_ky_thuat,3,1,1,Dell,Workstation_Creative,32GB,1TB,40tr_60tr
sinh_vien,6.1,18,MSI,8GB,gaming,1,2,1,MSI,Gaming,8GB,512GB,duoi_15tr
lap_trinh_vien,30.2,38,Apple,16GB,do_hoa_ky_thuat,1,11,4,Apple,Workstation_Creative,16GB,1TB,40tr_60tr
designer,34.6,23,Dell,8GB,do_hoa_ky_thuat,3,9,3,Lenovo,Workstation_Creative,32GB,1TB,40tr_60tr
quan_ly_doanh_nhan,97.4,35,HP,8GB,doanh_nhan_di_dong,2,12,4,Dell,Ultrabook_Business,16GB,512GB,tren_60tr
lap_trinh_vien,47.1,35,Lenovo,8GB,do_hoa_ky_thuat,1,11,4,Apple,Workstation_Creative,16GB,1TB,tren_60tr
designer,32.9,30,HP,16GB,do_hoa_ky_thuat,1,6,2,Dell,Workstation_Creative,16GB,1TB,40tr_60tr
vp_ke_toan,16.3,41,Dell,8GB,van_phong_hoc_tap,2,9,3,HP,Office_Student,16GB,512GB,15tr_25tr
gamer_streamer,50.7,27,Asus,8GB,gaming,1,2,1,Asus,Gaming,16GB,1TB,tren_60tr
giao_vien,16.8,44,HP,8GB,van_phong_hoc_tap,1,6,2,HP,Office_Student,16GB,512GB,15tr_25tr
vp_ke_toan,17.2,31,Dell,16GB,van_phong_hoc_tap,3,11,4,Acer,Office_Student,16GB,512GB,15tr_25tr
sinh_vien,5.1,22,HP,16GB,van_phong_hoc_tap,2,1,1,HP,Office_Student,8GB,512GB,duoi_15tr
gamer_streamer,36.5,26,Lenovo,8GB,gaming,1,3,1,Lenovo,Gaming,16GB,1TB,40tr_60tr
gamer_streamer,52.6,22,Dell,8GB,gaming,3,5,2,Asus,Gaming,16GB,1TB,tren_60tr
quan_ly_doanh_nhan,71.2,44,Apple,16GB,doanh_nhan_di_dong,1,4,2,Apple,Ultrabook_Business,16GB,512GB,tren_60tr
sinh_vien,4.4,21,Acer,16GB,gaming,2,7,3,Acer,Gaming,16GB,512GB,duoi_15tr
lap_trinh_vien,26.1,23,Lenovo,8GB,do_hoa_ky_thuat,3,1,1,Lenovo,Workstation_Creative,32GB,1TB,40tr_60tr
vp_ke_toan,18.6,35,Asus,32GB,van_phong_hoc_tap,2,1,1,Asus,Office_Student,16GB,512GB,15tr_25tr
sinh_vien,6.9,20,Asus,32GB,van_phong_hoc_tap,2,1,1,Acer,Office_Student,8GB,512GB,duoi_15tr
vp_ke_toan,9.5,36,Apple,16GB,van_phong_hoc_tap,1,4,2,Dell,Office_Student,8GB,512GB,duoi_15tr
ky_su,44.7,33,HP,16GB,do_hoa_ky_thuat,3,6,2,Asus,Workstation_Creative,16GB,1TB,tren_60tr
lap_trinh_vien,47.7,35,HP,16GB,do_hoa_ky_thuat,3,9,3,Asus,Workstation_Creative,32GB,1TB,tren_60tr
gamer_streamer,27.4,20,Dell,32GB,gaming,2,9,3,Lenovo,Gaming,32GB,1TB,40tr_60tr
sinh_vien,6.0,20,Asus,8GB,van_phong_hoc_tap,1,3,1,Acer,Office_Student,8GB,512GB,duoi_15tr
sinh_vien,2.1,18,HP,16GB,gaming,3,9,3,HP,Gaming,16GB,512GB,duoi_15tr
sinh_vien,6.4,19,Asus,16GB,van_phong_hoc_tap,1,11,4,Acer,Office_Student,8GB,512GB,duoi_15tr
sinh_vien,6.0,19,Acer,16GB,gaming,3,2,1,Acer,Gaming,16GB,512GB,duoi_15tr
vp_ke_toan,15.1,33,Lenovo,8GB,van_phong_hoc_tap,3,9,3,Lenovo,Office_Student,16GB,512GB,15tr_25tr
freelancer_creator,15.8,32,Asus,16GB,do_hoa_ky_thuat,3,7,3,Asus,Gaming,16GB,1TB,25tr_40tr
lap_trinh_vien,34.5,37,Dell,8GB,do_hoa_ky_thuat,1,8,3,Dell,Workstation_Creative,32GB,1TB,40tr_60tr
sinh_vien,7.5,18,Dell,32GB,gaming,1,1,1,Lenovo,Gaming,8GB,512GB,15tr_25tr
lap_trinh_vien,15.3,36,Lenovo,8GB,do_hoa_ky_thuat,1,8,3,Lenovo,Gaming,32GB,1TB,25tr_40tr
sinh_vien,7.5,21,Dell,8GB,van_phong_hoc_tap,1,2,1,Dell,Office_Student,8GB,512GB,duoi_15tr
quan_ly_doanh_nhan,49.1,43,Samsung,16GB,doanh_nhan_di_dong,1,7,3,Dell,Ultrabook_Business,16GB,512GB,40tr_60tr
lap_trinh_vien,48.9,26,Apple,16GB,do_hoa_ky_thuat,1,4,2,Apple,Workstation_Creative,32GB,1TB,tren_60tr
sinh_vien,6.2,22,Asus,16GB,gaming,1,1,1,Asus,Gaming,8GB,512GB,duoi_15tr
quan_ly_doanh_nhan,46.2,37,Apple,8GB,doanh_nhan_di_dong,1,10,4,Asus,Ultrabook_Business,16GB,512GB,40tr_60tr
designer,15.5,24,Apple,16GB,do_hoa_ky_thuat,2,2,1,Lenovo,Gaming,32GB,1TB,25tr_40tr
sinh_vien,4.7,18,Lenovo,8GB,van_phong_hoc_tap,1,2,1,Lenovo,Office_Student,8GB,512GB,duoi_15tr
lap_trinh_vien,31.2,30,Lenovo,16GB,do_hoa_ky_thuat,1,12,4,Lenovo,Workstation_Creative,32GB,1TB,40tr_60tr
ky_su,19.6,35,Dell,8GB,do_hoa_ky_thuat,1,12,4,Lenovo,Gaming,16GB,1TB,25tr_40tr
sinh_vien,7.8,19,Asus,8GB,gaming,1,11,4,Asus,Gaming,16GB,512GB,15tr_25tr
lap_trinh_vien,28.3,38,HP,32GB,do_hoa_ky_thuat,1,2,1,Apple,Workstation_Creative,32GB,1TB,40tr_60tr
gamer_streamer,23.2,22,Acer,32GB,gaming,3,8,3,MSI,Gaming,32GB,1TB,25tr_40tr
sinh_vien,3.5,20,Asus,16GB,van_phong_hoc_tap,1,8,3,Dell,Office_Student,8GB,512GB,duoi_15tr
lap_trinh_vien,40.0,28,Apple,32GB,do_hoa_ky_thuat,1,11,4,Lenovo,Workstation_Creative,32GB,1TB,tren_60tr
gamer_streamer,15.5,25,Asus,8GB,gaming,1,12,4,Lenovo,Gaming,16GB,1TB,25tr_40tr
ky_su,45.4,36,Acer,16GB,do_hoa_ky_thuat,1,4,2,Asus,Workstation_Creative,32GB,1TB,tren_60tr
sinh_vien,4.9,19,Lenovo,16GB,gaming,3,6,2,Lenovo,Gaming,16GB,512GB,duoi_15tr
quan_ly_doanh_nhan,98.7,50,Lenovo,8GB,doanh_nhan_di_dong,1,6,2,Lenovo,Ultrabook_Business,16GB,512GB,tren_60tr
designer,14.2,32,Lenovo,16GB,do_hoa_ky_thuat,1,5,2,Lenovo,Gaming,16GB,1TB,25tr_40tr
sinh_vien,2.4,18,Dell,16GB,van_phong_hoc_tap,2,6,2,Dell,Office_Student,8GB,512GB,duoi_15tr
gamer_streamer,36.4,26,Asus,16GB,gaming,1,8,3,MSI,Gaming,32GB,1TB,40tr_60tr
ky_su,35.6,24,Dell,16GB,do_hoa_ky_thuat,1,2,1,Dell,Workstation_Creative,32GB,1TB,40tr_60tr
vp_ke_toan,16.0,42,Dell,16GB,van_phong_hoc_tap,1,1,1,Dell,Office_Student,16GB,512GB,15tr_25tr
lap_trinh_vien,25.6,27,Asus,32GB,do_hoa_ky_thuat,2,2,1,Dell,Workstation_Creative,32GB,1TB,40tr_60tr
ky_su,29.1,36,Dell,8GB,do_hoa_ky_thuat,1,10,4,Dell,Workstation_Creative,16GB,1TB,40tr_60tr
lap_trinh_vien,21.6,24,Lenovo,8GB,do_hoa_ky_thuat,1,7,3,Lenovo,Workstation_Creative,32GB,1TB,25tr_40tr
sinh_vien,5.1,18,Dell,16GB,van_phong_hoc_tap,1,11,4,Asus,Office_Student,8GB,512GB,duoi_15tr
sinh_vien,5.0,22,Acer,32GB,gaming,3,6,2,Acer,Gaming,16GB,512GB,duoi_15tr
designer,22.9,23,Asus,8GB,do_hoa_ky_thuat,1,11,4,Dell,Workstation_Creative,16GB,1TB,25tr_40tr
vp_ke_toan,13.1,35,Dell,8GB,van_phong_hoc_tap,2,4,2,Dell,Office_Student,16GB,512GB,15tr_25tr
designer,26.1,27,Samsung,16GB,do_hoa_ky_thuat,2,11,4,Dell,Workstation_Creative,16GB,1TB,40tr_60tr
vp_ke_toan,13.1,38,Asus,16GB,van_phong_hoc_tap,1,11,4,Dell,Office_Student,16GB,512GB,15tr_25tr
designer,19.0,23,Apple,8GB,do_hoa_ky_thuat,1,5,2,MSI,Gaming,32GB,1TB,25tr_40tr
vp_ke_toan,8.9,29,HP,16GB,van_phong_hoc_tap,1,5,2,HP,Office_Student,8GB,512GB,duoi_15tr
gamer_streamer,24.9,18,Dell,16GB,gaming,1,5,2,MSI,Gaming,16GB,1TB,40tr_60tr
lap_trinh_vien,33.5,33,HP,16GB,do_hoa_ky_thuat,2,2,1,Lenovo,Workstation_Creative,16GB,1TB,40tr_60tr
sinh_vien,2.1,20,Asus,8GB,van_phong_hoc_tap,1,10,4,Dell,Office_Student,8GB,512GB,duoi_15tr
ky_su,26.9,24,Asus,16GB,do_hoa_ky_thuat,1,5,2,Asus,Workstation_Creative,16GB,1TB,40tr_60tr
vp_ke_toan,15.2,31,Dell,8GB,van_phong_hoc_tap,4,4,2,Dell,Office_Student,16GB,512GB,15tr_25tr
lap_trinh_vien,27.9,35,Apple,16GB,do_hoa_ky_thuat,3,12,4,Apple,Workstation_Creative,32GB,1TB,40tr_60tr
gamer_streamer,11.9,26,Asus,16GB,gaming,3,8,3,Acer,Gaming,8GB,512GB,15tr_25tr
sinh_vien,6.4,20,HP,16GB,van_phong_hoc_tap,1,5,2,Lenovo,Office_Student,8GB,512GB,duoi_15tr
sinh_vien,4.4,22,Lenovo,8GB,gaming,2,1,1,Lenovo,Gaming,16GB,512GB,duoi_15tr
lap_trinh_vien,44.2,22,HP,16GB,do_hoa_ky_thuat,1,1,1,Dell,Workstation_Creative,32GB,1TB,tren_60tr
lap_trinh_vien,21.5,37,Acer,8GB,do_hoa_ky_thuat,1,7,3,Asus,Workstation_Creative,32GB,1TB,25tr_40tr
sinh_vien,6.7,20,Asus,16GB,van_phong_hoc_tap,4,2,1,Asus,Office_Student,8GB,512GB,duoi_15tr
lap_trinh_vien,34.2,34,Lenovo,8GB,do_hoa_ky_thuat,1,9,3,Lenovo,Workstation_Creative,16GB,1TB,40tr_60tr
designer,34.1,25,Apple,16GB,do_hoa_ky_thuat,1,1,1,Apple,Workstation_Creative,16GB,1TB,40tr_60tr
sinh_vien,2.3,21,MSI,16GB,gaming,1,2,1,MSI,Gaming,16GB,512GB,duoi_15tr
ky_su,30.7,22,HP,8GB,do_hoa_ky_thuat,2,8,3,Apple,Workstation_Creative,16GB,1TB,40tr_60tr
designer,26.0,33,HP,16GB,do_hoa_ky_thuat,1,12,4,Asus,Workstation_Creative,16GB,1TB,40tr_60tr
ky_su,39.7,37,Dell,8GB,do_hoa_ky_thuat,2,11,4,Lenovo,Workstation_Creative,32GB,1TB,40tr_60tr
designer,30.9,32,Asus,16GB,do_hoa_ky_thuat,1,2,1,Asus,Workstation_Creative,32GB,1TB,40tr_60tr
quan_ly_doanh_nhan,28.6,45,Apple,8GB,doanh_nhan_di_dong,4,8,3,Apple,Ultrabook_Business,16GB,512GB,25tr_40tr
vp_ke_toan,16.0,40,Asus,8GB,van_phong_hoc_tap,3,9,3,Dell,Office_Student,16GB,512GB,15tr_25tr
vp_ke_toan,10.1,28,HP,8GB,van_phong_hoc_tap,2,12,4,Asus,Office_Student,16GB,512GB,15tr_25tr
gamer_streamer,38.3,26,Acer,8GB,gaming,2,8,3,Acer,Gaming,32GB,1TB,40tr_60tr
freelancer_creator,25.7,22,HP,16GB,do_hoa_ky_thuat,3,3,1,Dell,Workstation_Creative,16GB,1TB,40tr_60tr
sinh_vien,5.3,19,HP,16GB,van_phong_hoc_tap,1,6,2,HP,Office_Student,8GB,512GB,duoi_15tr
sinh_vien,3.9,19,Dell,16GB,van_phong_hoc_tap,2,8,3,Dell,Office_Student,8GB,512GB,duoi_15tr
sinh_vien,6.3,18,Dell,16GB,van_phong_hoc_tap,2,1,1,Dell,Office_Student,8GB,512GB,duoi_15tr
sinh_vien,6.4,19,HP,16GB,van_phong_hoc_tap,2,8,3,HP,Office_Student,8GB,512GB,duoi_15tr
lap_trinh_vien,41.2,26,Dell,8GB,do_hoa_ky_thuat,3,7,3,Dell,Workstation_Creative,32GB,1TB,tren_60tr
lap_trinh_vien,24.5,32,HP,8GB,do_hoa_ky_thuat,3,10,4,Asus,Workstation_Creative,32GB,1TB,40tr_60tr
lap_trinh_vien,47.8,30,Lenovo,16GB,do_hoa_ky_thuat,3,1,1,MSI,Workstation_Creative,16GB,1TB,tren_60tr
vp_ke_toan,8.6,42,HP,8GB,van_phong_hoc_tap,1,9,3,HP,Office_Student,8GB,512GB,duoi_15tr
sinh_vien,4.7,22,Acer,8GB,gaming,2,3,1,HP,Gaming,16GB,512GB,duoi_15tr
sinh_vien,4.5,18,HP,16GB,van_phong_hoc_tap,1,8,3,HP,Office_Student,8GB,512GB,duoi_15tr
gamer_streamer,38.2,27,Lenovo,16GB,gaming,1,12,4,Acer,Gaming,16GB,1TB,40tr_60tr
lap_trinh_vien,21.0,33,Dell,32GB,do_hoa_ky_thuat,1,12,4,Dell,Workstation_Creative,32GB,1TB,25tr_40tr
sinh_vien,6.5,18,Asus,8GB,van_phong_hoc_tap,2,8,3,Asus,Office_Student,8GB,512GB,duoi_15tr
gamer_streamer,59.1,19,Lenovo,8GB,gaming,1,7,3,MSI,Gaming,32GB,1TB,tren_60tr
quan_ly_doanh_nhan,42.2,39,HP,16GB,doanh_nhan_di_dong,3,10,4,Dell,Ultrabook_Business,16GB,512GB,40tr_60tr
ky_su,25.0,28,HP,8GB,do_hoa_ky_thuat,3,5,2,Asus,Workstation_Creative,32GB,1TB,40tr_60tr
quan_ly_doanh_nhan,70.3,49,HP,8GB,doanh_nhan_di_dong,3,9,3,HP,Ultrabook_Business,16GB,512GB,tren_60tr
sinh_vien,2.7,18,HP,8GB,van_phong_hoc_tap,4,12,4,Acer,Office_Student,8GB,512GB,duoi_15tr
sinh_vien,4.5,20,Asus,8GB,gaming,2,12,4,Asus,Gaming,16GB,512GB,duoi_15tr
ky_su,48.4,23,HP,16GB,do_hoa_ky_thuat,1,12,4,Apple,Workstation_Creative,32GB,1TB,tren_60tr
vp_ke_toan,12.9,42,HP,8GB,van_phong_hoc_tap,3,1,1,HP,Office_Student,16GB,512GB,15tr_25tr
gamer_streamer,33.6,26,Asus,16GB,gaming,1,2,1,Acer,Gaming,32GB,1TB,40tr_60tr
sinh_vien,7.5,18,Lenovo,16GB,van_phong_hoc_tap,1,11,4,Lenovo,Office_Student,8GB,512GB,duoi_15tr
giao_vien,15.9,33,Dell,8GB,van_phong_hoc_tap,1,8,3,Dell,Office_Student,16GB,512GB,15tr_25tr
quan_ly_doanh_nhan,39.5,47,Samsung,8GB,doanh_nhan_di_dong,2,11,4,Apple,Ultrabook_Business,16GB,512GB,40tr_60tr
ky_su,45.5,39,HP,8GB,do_hoa_ky_thuat,1,6,2,Asus,Workstation_Creative,16GB,1TB,tren_60tr
lap_trinh_vien,34.7,34,Apple,8GB,do_hoa_ky_thuat,1,5,2,Apple,Workstation_Creative,32GB,1TB,40tr_60tr
gamer_streamer,32.1,23,Asus,16GB,gaming,4,12,4,Asus,Gaming,16GB,1TB,40tr_60tr
freelancer_creator,33.3,33,Dell,8GB,do_hoa_ky_thuat,1,7,3,Dell,Workstation_Creative,16GB,1TB,40tr_60tr
giao_vien,14.4,23,Lenovo,16GB,van_phong_hoc_tap,2,10,4,Lenovo,Office_Student,16GB,512GB,15tr_25tr
giao_vien,15.8,34,Acer,8GB,van_phong_hoc_tap,1,1,1,Acer,Office_Student,16GB,512GB,15tr_25tr
gamer_streamer,48.6,18,Dell,16GB,gaming,1,12,4,Asus,Gaming,16GB,1TB,tren_60tr
lap_trinh_vien,35.5,27,Apple,8GB,do_hoa_ky_thuat,2,6,2,Apple,Workstation_Creative,32GB,1TB,40tr_60tr
sinh_vien,5.7,19,Dell,32GB,van_phong_hoc_tap,1,8,3,HP,Office_Student,8GB,512GB,duoi_15tr
quan_ly_doanh_nhan,43.3,36,Apple,8GB,doanh_nhan_di_dong,4,12,4,Apple,Ultrabook_Business,16GB,512GB,40tr_60tr
sinh_vien,4.5,19,Dell,8GB,gaming,1,10,4,Asus,Gaming,16GB,512GB,duoi_15tr
freelancer_creator,32.5,27,Dell,8GB,do_hoa_ky_thuat,2,8,3,Dell,Workstation_Creative,16GB,1TB,40tr_60tr
gamer_streamer,24.9,25,MSI,16GB,gaming,1,12,4,MSI,Gaming,32GB,1TB,40tr_60tr
ky_su,24.1,39,Dell,16GB,do_hoa_ky_thuat,2,1,1,Dell,Workstation_Creative,32GB,1TB,40tr_60tr
freelancer_creator,19.2,29,Lenovo,8GB,do_hoa_ky_thuat,2,1,1,Lenovo,Gaming,32GB,1TB,25tr_40tr
freelancer_creator,25.2,27,HP,16GB,do_hoa_ky_thuat,1,3,1,Dell,Workstation_Creative,16GB,1TB,40tr_60tr
sinh_vien,4.4,22,Acer,16GB,gaming,1,12,4,Acer,Gaming,16GB,512GB,duoi_15tr
freelancer_creator,14.8,23,Dell,16GB,do_hoa_ky_thuat,2,7,3,MSI,Gaming,32GB,1TB,25tr_40tr
sinh_vien,6.5,22,Dell,16GB,van_phong_hoc_tap,1,9,3,Dell,Office_Student,8GB,512GB,duoi_15tr
quan_ly_doanh_nhan,73.9,30,Lenovo,8GB,doanh_nhan_di_dong,2,6,2,Lenovo,Ultrabook_Business,16GB,512GB,tren_60tr
vp_ke_toan,19.4,43,Acer,8GB,van_phong_hoc_tap,1,1,1,Acer,Office_Student,16GB,512GB,15tr_25tr
giao_vien,13.0,24,Lenovo,16GB,van_phong_hoc_tap,1,2,1,HP,Office_Student,16GB,512GB,15tr_25tr
lap_trinh_vien,26.0,38,Apple,16GB,do_hoa_ky_thuat,3,4,2,Asus,Workstation_Creative,32GB,1TB,40tr_60tr
sinh_vien,3.4,22,Lenovo,32GB,van_phong_hoc_tap,2,3,1,Lenovo,Office_Student,8GB,512GB,duoi_15tr
giao_vien,15.0,33,Asus,16GB,van_phong_hoc_tap,1,11,4,HP,Office_Student,16GB,512GB,15tr_25tr
lap_trinh_vien,41.0,39,Lenovo,8GB,do_hoa_ky_thuat,4,1,1,Lenovo,Workstation_Creative,32GB,1TB,tren_60tr
vp_ke_toan,17.9,44,HP,8GB,van_phong_hoc_tap,2,11,4,Acer,Office_Student,16GB,512GB,15tr_25tr
sinh_vien,2.8,19,Dell,16GB,van_phong_hoc_tap,2,6,2,Lenovo,Office_Student,8GB,512GB,duoi_15tr
sinh_vien,3.9,22,HP,8GB,van_phong_hoc_tap,1,10,4,Acer,Office_Student,8GB,512GB,duoi_15tr
quan_ly_doanh_nhan,26.7,53,Apple,8GB,doanh_nhan_di_dong,1,2,1,HP,Ultrabook_Business,16GB,512GB,25tr_40tr
freelancer_creator,17.1,31,Asus,8GB,do_hoa_ky_thuat,2,11,4,Asus,Gaming,32GB,1TB,25tr_40tr
lap_trinh_vien,28.2,28,Dell,16GB,do_hoa_ky_thuat,1,11,4,Dell,Workstation_Creative,32GB,1TB,40tr_60tr
sinh_vien,6.0,18,Lenovo,16GB,gaming,1,9,3,Apple,Gaming,16GB,512GB,duoi_15tr
quan_ly_doanh_nhan,46.7,30,Asus,8GB,doanh_nhan_di_dong,1,12,4,Asus,Ultrabook_Business,16GB,512GB,40tr_60tr
vp_ke_toan,12.0,39,HP,16GB,van_phong_hoc_tap,2,8,3,HP,Office_Student,16GB,512GB,15tr_25tr
sinh_vien,7.6,22,Lenovo,8GB,van_phong_hoc_tap,1,9,3,Lenovo,Office_Student,8GB,512GB,duoi_15tr
sinh_vien,6.6,22,Asus,8GB,van_phong_hoc_tap,1,3,1,Asus,Office_Student,8GB,512GB,duoi_15tr
designer,36.4,27,Dell,8GB,do_hoa_ky_thuat,1,10,4,Dell,Workstation_Creative,32GB,1TB,40tr_60tr
lap_trinh_vien,33.4,36,HP,16GB,do_hoa_ky_thuat,1,5,2,Apple,Workstation_Creative,32GB,1TB,40tr_60tr
sinh_vien,2.0,19,Dell,16GB,van_phong_hoc_tap,1,5,2,Dell,Office_Student,8GB,512GB,duoi_15tr
sinh_vien,4.3,21,Asus,8GB,van_phong_hoc_tap,1,10,4,Asus,Office_Student,8GB,512GB,duoi_15tr
sinh_vien,4.0,22,HP,16GB,gaming,1,12,4,HP,Gaming,16GB,512GB,duoi_15tr
lap_trinh_vien,43.5,35,Lenovo,8GB,do_hoa_ky_thuat,3,4,2,Lenovo,Workstation_Creative,32GB,1TB,tren_60tr
vp_ke_toan,8.3,35,Dell,8GB,van_phong_hoc_tap,2,6,2,Dell,Office_Student,8GB,512GB,duoi_15tr
giao_vien,8.2,35,Asus,16GB,van_phong_hoc_tap,1,4,2,Asus,Office_Student,8GB,512GB,duoi_15tr
freelancer_creator,35.6,24,Acer,16GB,do_hoa_ky_thuat,1,7,3,Dell,Workstation_Creative,32GB,1TB,40tr_60tr
sinh_vien,2.2,21,Acer,16GB,van_phong_hoc_tap,2,7,3,Acer,Office_Student,8GB,512GB,duoi_15tr
sinh_vien,5.6,19,HP,8GB,van_phong_hoc_tap,1,11,4,HP,Office_Student,8GB,512GB,duoi_15tr
vp_ke_toan,14.5,27,Dell,16GB,van_phong_hoc_tap,1,12,4,Dell,Office_Student,16GB,512GB,15tr_25tr
sinh_vien,3.1,22,HP,16GB,van_phong_hoc_tap,1,8,3,HP,Office_Student,8GB,512GB,duoi_15tr
ky_su,35.2,37,Lenovo,8GB,do_hoa_ky_thuat,1,5,2,Lenovo,Workstation_Creative,32GB,1TB,40tr_60tr
gamer_streamer,14.9,22,MSI,8GB,gaming,3,1,1,MSI,Gaming,16GB,1TB,25tr_40tr
lap_trinh_vien,16.8,37,Dell,16GB,do_hoa_ky_thuat,2,2,1,Lenovo,Gaming,32GB,1TB,25tr_40tr
giao_vien,8.8,42,Lenovo,16GB,van_phong_hoc_tap,2,2,1,Lenovo,Office_Student,8GB,512GB,duoi_15tr
sinh_vien,5.5,20,Dell,16GB,van_phong_hoc_tap,3,12,4,Dell,Office_Student,8GB,512GB,duoi_15tr
vp_ke_toan,13.6,36,Lenovo,8GB,van_phong_hoc_tap,4,4,2,Lenovo,Office_Student,16GB,512GB,15tr_25tr
lap_trinh_vien,27.5,37,Acer,16GB,do_hoa_ky_thuat,3,10,4,Apple,Workstation_Creative,16GB,1TB,40tr_60tr
sinh_vien,3.4,21,HP,32GB,van_phong_hoc_tap,1,7,3,Asus,Office_Student,8GB,512GB,duoi_15tr
vp_ke_toan,10.0,31,Dell,16GB,van_phong_hoc_tap,1,10,4,Dell,Office_Student,16GB,512GB,15tr_25tr
vp_ke_toan,9.4,27,Dell,16GB,van_phong_hoc_tap,1,6,2,Dell,Office_Student,8GB,512GB,duoi_15tr
gamer_streamer,58.1,20,Lenovo,16GB,gaming,2,11,4,Lenovo,Gaming,16GB,1TB,tren_60tr
sinh_vien,6.1,18,Lenovo,8GB,van_phong_hoc_tap,2,7,3,Dell,Office_Student,8GB,512GB,duoi_15tr
gamer_streamer,20.2,24,Acer,16GB,gaming,2,11,4,Acer,Gaming,32GB,1TB,25tr_40tr
ky_su,48.7,22,Dell,8GB,do_hoa_ky_thuat,1,8,3,Dell,Workstation_Creative,32GB,1TB,tren_60tr
freelancer_creator,16.4,34,Dell,8GB,do_hoa_ky_thuat,3,4,2,Lenovo,Gaming,32GB,1TB,25tr_40tr
lap_trinh_vien,23.1,33,Dell,16GB,do_hoa_ky_thuat,3,5,2,Dell,Workstation_Creative,32GB,1TB,25tr_40tr
quan_ly_doanh_nhan,66.7,36,Dell,16GB,doanh_nhan_di_dong,2,6,2,Asus,Ultrabook_Business,16GB,512GB,tren_60tr
freelancer_creator,15.3,33,Apple,8GB,do_hoa_ky_thuat,1,2,1,Asus,Gaming,32GB,1TB,25tr_40tr
vp_ke_toan,19.5,40,Dell,8GB,van_phong_hoc_tap,1,12,4,Dell,Office_Student,16GB,512GB,15tr_25tr
giao_vien,14.4,38,Lenovo,16GB,van_phong_hoc_tap,1,5,2,Lenovo,Office_Student,16GB,512GB,15tr_25tr
sinh_vien,5.3,18,Dell,8GB,van_phong_hoc_tap,1,5,2,Dell,Office_Student,8GB,512GB,duoi_15tr
lap_trinh_vien,38.6,32,Lenovo,8GB,do_hoa_ky_thuat,3,7,3,Lenovo,Workstation_Creative,16GB,1TB,40tr_60tr
sinh_vien,5.9,22,MSI,16GB,gaming,1,4,2,HP,Gaming,16GB,512GB,duoi_15tr
quan_ly_doanh_nhan,76.3,49,Asus,16GB,doanh_nhan_di_dong,3,5,2,Asus,Ultrabook_Business,16GB,512GB,tren_60tr
quan_ly_doanh_nhan,58.3,33,Dell,8GB,doanh_nhan_di_dong,4,6,2,Dell,Ultrabook_Business,16GB,512GB,40tr_60tr
vp_ke_toan,8.7,40,Asus,16GB,van_phong_hoc_tap,1,1,1,HP,Office_Student,8GB,512GB,duoi_15tr
lap_trinh_vien,38.5,24,Apple,16GB,do_hoa_ky_thuat,2,11,4,Apple,Workstation_Creative,32GB,1TB,40tr_60tr
giao_vien,8.0,43,Asus,16GB,van_phong_hoc_tap,1,12,4,Asus,Office_Student,8GB,512GB,duoi_15tr
sinh_vien,4.9,19,HP,32GB,van_phong_hoc_tap,4,10,4,Acer,Office_Student,8GB,512GB,duoi_15tr
lap_trinh_vien,37.5,22,Apple,16GB,do_hoa_ky_thuat,4,2,1,Apple,Workstation_Creative,16GB,1TB,40tr_60tr
gamer_streamer,24.2,20,Asus,8GB,gaming,3,6,2,Asus,Gaming,32GB,1TB,40tr_60tr
gamer_streamer,32.9,28,Acer,16GB,gaming,1,5,2,Acer,Gaming,32GB,1TB,40tr_60tr
vp_ke_toan,19.1,23,Asus,8GB,van_phong_hoc_tap,1,3,1,Acer,Office_Student,16GB,512GB,15tr_25tr
vp_ke_toan,13.4,42,Dell,8GB,van_phong_hoc_tap,3,3,1,Asus,Office_Student,16GB,512GB,15tr_25tr
quan_ly_doanh_nhan,97.1,32,Apple,8GB,doanh_nhan_di_dong,1,3,1,Dell,Ultrabook_Business,16GB,512GB,tren_60tr
lap_trinh_vien,16.2,37,Lenovo,16GB,do_hoa_ky_thuat,1,3,1,Lenovo,Gaming,16GB,1TB,25tr_40tr
sinh_vien,5.6,19,HP,8GB,van_phong_hoc_tap,1,2,1,Dell,Office_Student,8GB,512GB,duoi_15tr
vp_ke_toan,8.1,32,Dell,8GB,van_phong_hoc_tap,1,8,3,Dell,Office_Student,8GB,512GB,duoi_15tr
quan_ly_doanh_nhan,87.1,35,HP,8GB,doanh_nhan_di_dong,2,11,4,HP,Ultrabook_Business,16GB,512GB,tren_60tr
gamer_streamer,24.5,27,MSI,16GB,gaming,3,7,3,MSI,Gaming,32GB,1TB,40tr_60tr
lap_trinh_vien,26.0,23,Dell,8GB,do_hoa_ky_thuat,3,12,4,Dell,Workstation_Creative,32GB,1TB,40tr_60tr
designer,23.9,32,Apple,8GB,do_hoa_ky_thuat,1,8,3,Apple,Workstation_Creative,16GB,1TB,40tr_60tr
sinh_vien,4.6,21,Lenovo,8GB,gaming,2,12,4,Lenovo,Gaming,16GB,512GB,duoi_15tr
sinh_vien,2.6,19,Dell,16GB,van_phong_hoc_tap,3,6,2,Acer,Office_Student,8GB,512GB,duoi_15tr
designer,23.7,28,Dell,16GB,do_hoa_ky_thuat,2,9,3,Dell,Workstation_Creative,16GB,1TB,40tr_60tr
sinh_vien,3.6,18,Lenovo,8GB,gaming,2,12,4,Asus,Gaming,16GB,512GB,duoi_15tr
vp_ke_toan,17.3,32,Asus,8GB,van_phong_hoc_tap,1,3,1,HP,Office_Student,16GB,512GB,15tr_25tr
designer,14.5,31,Apple,8GB,do_hoa_ky_thuat,1,4,2,Asus,Gaming,16GB,1TB,25tr_40tr
lap_trinh_vien,20.5,33,HP,16GB,do_hoa_ky_thuat,4,8,3,Dell,Workstation_Creative,32GB,1TB,25tr_40tr
lap_trinh_vien,20.4,37,Dell,16GB,do_hoa_ky_thuat,3,12,4,Apple,Workstation_Creative,32GB,1TB,25tr_40tr
vp_ke_toan,13.5,29,Dell,32GB,van_phong_hoc_tap,1,8,3,HP,Office_Student,16GB,512GB,15tr_25tr
vp_ke_toan,14.4,23,Lenovo,8GB,van_phong_hoc_tap,2,6,2,Lenovo,Office_Student,16GB,512GB,15tr_25tr
sinh_vien,5.0,22,Asus,8GB,van_phong_hoc_tap,1,4,2,Asus,Office_Student,8GB,512GB,duoi_15tr
sinh_vien,6.4,20,Acer,16GB,van_phong_hoc_tap,1,1,1,Dell,Office_Student,8GB,512GB,duoi_15tr
quan_ly_doanh_nhan,58.1,37,HP,8GB,doanh_nhan_di_dong,2,9,3,HP,Ultrabook_Business,16GB,512GB,40tr_60tr
gamer_streamer,49.2,29,Dell,16GB,gaming,1,3,1,MSI,Gaming,32GB,1TB,tren_60tr
designer,18.3,23,Dell,32GB,do_hoa_ky_thuat,1,11,4,Lenovo,Gaming,32GB,1TB,25tr_40tr
gamer_streamer,56.7,26,Dell,8GB,gaming,3,10,4,Asus,Gaming,16GB,1TB,tren_60tr
vp_ke_toan,10.2,24,Dell,16GB,van_phong_hoc_tap,1,4,2,Dell,Office_Student,16GB,512GB,15tr_25tr
lap_trinh_vien,17.6,33,Lenovo,32GB,do_hoa_ky_thuat,2,4,2,Lenovo,Gaming,16GB,1TB,25tr_40tr
designer,15.1,27,Samsung,16GB,do_hoa_ky_thuat,2,6,2,Asus,Gaming,16GB,1TB,25tr_40tr
lap_trinh_vien,44.0,38,Apple,8GB,do_hoa_ky_thuat,3,11,4,Dell,Workstation_Creative,32GB,1TB,tren_60tr
sinh_vien,5.6,18,MSI,8GB,gaming,1,2,1,MSI,Gaming,8GB,512GB,duoi_15tr
freelancer_creator,13.8,29,HP,8GB,do_hoa_ky_thuat,1,12,4,HP,Gaming,16GB,1TB,25tr_40tr
vp_ke_toan,10.6,27,Apple,8GB,van_phong_hoc_tap,2,7,3,Dell,Office_Student,16GB,512GB,15tr_25tr
vp_ke_toan,11.9,32,Lenovo,8GB,van_phong_hoc_tap,1,6,2,Lenovo,Office_Student,16GB,512GB,15tr_25tr
lap_trinh_vien,15.4,38,Lenovo,16GB,do_hoa_ky_thuat,2,11,4,Lenovo,Gaming,32GB,1TB,25tr_40tr
vp_ke_toan,11.2,23,Lenovo,8GB,van_phong_hoc_tap,2,7,3,Lenovo,Office_Student,16GB,512GB,15tr_25tr
freelancer_creator,33.7,31,Lenovo,8GB,do_hoa_ky_thuat,2,3,1,Apple,Workstation_Creative,32GB,1TB,40tr_60tr
ky_su,38.8,25,HP,8GB,do_hoa_ky_thuat,2,5,2,Lenovo,Workstation_Creative,32GB,1TB,40tr_60tr
quan_ly_doanh_nhan,93.5,44,HP,16GB,doanh_nhan_di_dong,3,6,2,HP,Ultrabook_Business,16GB,512GB,tren_60tr
lap_trinh_vien,32.4,22,HP,8GB,do_hoa_ky_thuat,1,1,1,Dell,Workstation_Creative,32GB,1TB,40tr_60tr
sinh_vien,6.9,20,Dell,16GB,van_phong_hoc_tap,1,4,2,Dell,Office_Student,8GB,512GB,duoi_15tr
lap_trinh_vien,43.3,28,Dell,8GB,do_hoa_ky_thuat,1,10,4,Lenovo,Workstation_Creative,16GB,1TB,tren_60tr
vp_ke_toan,14.9,44,Asus,8GB,van_phong_hoc_tap,1,8,3,Asus,Office_Student,16GB,512GB,15tr_25tr
giao_vien,16.0,44,HP,16GB,van_phong_hoc_tap,4,2,1,Acer,Office_Student,16GB,512GB,15tr_25tr
quan_ly_doanh_nhan,46.9,50,Apple,8GB,doanh_nhan_di_dong,1,7,3,Apple,Ultrabook_Business,16GB,512GB,40tr_60tr
gamer_streamer,47.1,25,Asus,8GB,gaming,2,11,4,Acer,Gaming,16GB,1TB,tren_60tr
sinh_vien,6.0,19,Asus,16GB,van_phong_hoc_tap,1,7,3,Lenovo,Office_Student,8GB,512GB,duoi_15tr
freelancer_creator,21.2,26,Lenovo,16GB,do_hoa_ky_thuat,3,3,1,Lenovo,Workstation_Creative,32GB,1TB,25tr_40tr
lap_trinh_vien,39.6,36,Dell,16GB,do_hoa_ky_thuat,3,7,3,Dell,Workstation_Creative,32GB,1TB,40tr_60tr
vp_ke_toan,16.6,28,HP,32GB,van_phong_hoc_tap,2,6,2,HP,Office_Student,16GB,512GB,15tr_25tr
quan_ly_doanh_nhan,64.6,36,HP,8GB,doanh_nhan_di_dong,2,8,3,HP,Ultrabook_Business,16GB,512GB,tren_60tr
quan_ly_doanh_nhan,89.7,31,Lenovo,16GB,doanh_nhan_di_dong,3,1,1,HP,Ultrabook_Business,16GB,512GB,tren_60tr
ky_su,39.8,38,Dell,16GB,do_hoa_ky_thuat,2,4,2,Dell,Workstation_Creative,16GB,1TB,40tr_60tr
lap_trinh_vien,42.8,39,Apple,16GB,do_hoa_ky_thuat,2,10,4,Asus,Workstation_Creative,32GB,1TB,tren_60tr
lap_trinh_vien,17.2,23,Lenovo,16GB,do_hoa_ky_thuat,1,10,4,Lenovo,Gaming,32GB,1TB,25tr_40tr
designer,17.9,30,Apple,16GB,do_hoa_ky_thuat,3,2,1,Asus,Gaming,32GB,1TB,25tr_40tr
lap_trinh_vien,24.7,32,HP,8GB,do_hoa_ky_thuat,1,5,2,Dell,Workstation_Creative,16GB,1TB,40tr_60tr
vp_ke_toan,10.4,37,Asus,16GB,van_phong_hoc_tap,1,1,1,Asus,Office_Student,16GB,512GB,15tr_25tr
sinh_vien,6.0,18,Asus,8GB,van_phong_hoc_tap,4,9,3,Asus,Office_Student,8GB,512GB,duoi_15tr
gamer_streamer,34.0,23,Dell,16GB,gaming,4,3,1,MSI,Gaming,32GB,1TB,40tr_60tr
sinh_vien,7.3,20,Dell,16GB,van_phong_hoc_tap,3,3,1,Dell,Office_Student,8GB,512GB,duoi_15tr
quan_ly_doanh_nhan,29.8,32,Apple,16GB,doanh_nhan_di_dong,1,3,1,Asus,Ultrabook_Business,16GB,512GB,25tr_40tr
lap_trinh_vien,28.7,34,HP,16GB,do_hoa_ky_thuat,3,12,4,Lenovo,Workstation_Creative,32GB,1TB,40tr_60tr
designer,25.3,24,Apple,8GB,do_hoa_ky_thuat,1,8,3,Apple,Workstation_Creative,16GB,1TB,40tr_60tr
lap_trinh_vien,39.1,37,Dell,16GB,do_hoa_ky_thuat,2,12,4,Lenovo,Workstation_Creative,32GB,1TB,40tr_60tr
vp_ke_toan,14.4,30,HP,16GB,van_phong_hoc_tap,3,3,1,Asus,Office_Student,16GB,512GB,15tr_25tr
vp_ke_toan,11.1,37,HP,8GB,van_phong_hoc_tap,1,1,1,HP,Office_Student,16GB,512GB,15tr_25tr
vp_ke_toan,9.8,36,Dell,16GB,van_phong_hoc_tap,2,7,3,Dell,Office_Student,8GB,512GB,duoi_15tr
quan_ly_doanh_nhan,73.4,46,Dell,8GB,doanh_nhan_di_dong,1,6,2,Apple,Ultrabook_Business,16GB,512GB,tren_60tr
gamer_streamer,42.2,21,MSI,16GB,gaming,1,2,1,MSI,Gaming,32GB,1TB,tren_60tr
ky_su,15.6,24,Apple,8GB,do_hoa_ky_thuat,1,5,2,MSI,Gaming,32GB,1TB,25tr_40tr
sinh_vien,3.5,21,HP,8GB,van_phong_hoc_tap,1,11,4,HP,Office_Student,8GB,512GB,duoi_15tr
ky_su,32.3,38,Apple,8GB,do_hoa_ky_thuat,1,11,4,Apple,Workstation_Creative,32GB,1TB,40tr_60tr
sinh_vien,7.7,20,Lenovo,16GB,gaming,2,1,1,MSI,Gaming,16GB,512GB,15tr_25tr
designer,16.9,27,HP,16GB,do_hoa_ky_thuat,2,11,4,Asus,Gaming,32GB,1TB,25tr_40tr
ky_su,45.8,37,HP,16GB,do_hoa_ky_thuat,1,7,3,Lenovo,Workstation_Creative,16GB,1TB,tren_60tr
lap_trinh_vien,35.5,29,Apple,8GB,do_hoa_ky_thuat,1,9,3,Apple,Workstation_Creative,32GB,1TB,40tr_60tr
lap_trinh_vien,33.6,35,Dell,16GB,do_hoa_ky_thuat,1,7,3,Dell,Workstation_Creative,16GB,1TB,40tr_60tr
sinh_vien,3.5,20,Apple,8GB,van_phong_hoc_tap,1,3,1,Dell,Office_Student,8GB,512GB,duoi_15tr
vp_ke_toan,14.4,42,Asus,16GB,van_phong_hoc_tap,2,2,1,Asus,Office_Student,16GB,512GB,15tr_25tr
quan_ly_doanh_nhan,42.7,53,Lenovo,8GB,doanh_nhan_di_dong,1,1,1,Lenovo,Ultrabook_Business,16GB,512GB,40tr_60tr
vp_ke_toan,10.2,25,Lenovo,8GB,van_phong_hoc_tap,1,6,2,Lenovo,Office_Student,16GB,512GB,15tr_25tr
sinh_vien,5.6,21,Acer,16GB,gaming,1,3,1,Acer,Gaming,16GB,512GB,duoi_15tr
sinh_vien,3.3,19,HP,32GB,van_phong_hoc_tap,2,11,4,HP,Office_Student,8GB,512GB,duoi_15tr
sinh_vien,3.6,21,Acer,8GB,gaming,1,6,2,Samsung,Gaming,16GB,512GB,duoi_15tr
lap_trinh_vien,28.5,35,Dell,32GB,do_hoa_ky_thuat,1,12,4,Apple,Workstation_Creative,32GB,1TB,40tr_60tr
freelancer_creator,36.9,27,Dell,8GB,do_hoa_ky_thuat,3,12,4,Asus,Workstation_Creative,32GB,1TB,40tr_60tr
vp_ke_toan,16.2,43,HP,16GB,van_phong_hoc_tap,1,1,1,Asus,Office_Student,16GB,512GB,15tr_25tr
vp_ke_toan,18.0,38,HP,16GB,van_phong_hoc_tap,3,7,3,HP,Office_Student,16GB,512GB,15tr_25tr
ky_su,28.9,22,Dell,8GB,do_hoa_ky_thuat,1,8,3,Dell,Workstation_Creative,16GB,1TB,40tr_60tr
sinh_vien,2.5,21,Asus,16GB,gaming,1,5,2,HP,Gaming,8GB,512GB,duoi_15tr
sinh_vien,2.4,22,Dell,32GB,van_phong_hoc_tap,4,1,1,Dell,Office_Student,8GB,512GB,duoi_15tr
sinh_vien,5.7,20,Asus,16GB,gaming,1,1,1,Asus,Gaming,16GB,512GB,duoi_15tr
designer,26.8,25,HP,16GB,do_hoa_ky_thuat,3,11,4,Dell,Workstation_Creative,16GB,1TB,40tr_60tr
gamer_streamer,14.7,22,Asus,16GB,gaming,4,4,2,MSI,Gaming,16GB,1TB,25tr_40tr
ky_su,42.1,28,Dell,8GB,do_hoa_ky_thuat,1,7,3,Dell,Workstation_Creative,16GB,1TB,tren_60tr
sinh_vien,2.9,19,Acer,8GB,van_phong_hoc_tap,3,2,1,Acer,Office_Student,8GB,512GB,duoi_15tr
sinh_vien,5.9,21,Lenovo,16GB,van_phong_hoc_tap,3,8,3,Lenovo,Office_Student,8GB,512GB,duoi_15tr
designer,31.9,31,Apple,16GB,do_hoa_ky_thuat,1,11,4,Asus,Workstation_Creative,16GB,1TB,40tr_60tr
sinh_vien,4.3,19,Asus,8GB,van_phong_hoc_tap,1,5,2,Asus,Office_Student,8GB,512GB,duoi_15tr
sinh_vien,2.9,19,Dell,16GB,van_phong_hoc_tap,1,8,3,Dell,Office_Student,8GB,512GB,duoi_15tr
sinh_vien,6.4,22,MSI,8GB,gaming,1,11,4,MSI,Gaming,16GB,512GB,duoi_15tr
sinh_vien,2.3,22,Asus,8GB,van_phong_hoc_tap,1,7,3,Dell,Office_Student,8GB,512GB,duoi_15tr
giao_vien,13.4,23,Asus,16GB,van_phong_hoc_tap,1,10,4,Acer,Office_Student,16GB,512GB,15tr_25tr
sinh_vien,4.3,22,Lenovo,16GB,van_phong_hoc_tap,1,1,1,Lenovo,Office_Student,8GB,512GB,duoi_15tr
sinh_vien,6.2,19,Dell,8GB,van_phong_hoc_tap,3,10,4,Samsung,Office_Student,8GB,512GB,duoi_15tr
sinh_vien,6.0,19,Asus,16GB,gaming,2,1,1,Asus,Gaming,16GB,512GB,duoi_15tr
lap_trinh_vien,48.4,37,Dell,16GB,do_hoa_ky_thuat,2,10,4,Asus,Workstation_Creative,32GB,1TB,tren_60tr
lap_trinh_vien,23.9,24,Dell,8GB,do_hoa_ky_thuat,2,12,4,Apple,Workstation_Creative,16GB,1TB,40tr_60tr
lap_trinh_vien,39.0,25,Lenovo,32GB,do_hoa_ky_thuat,1,7,3,Lenovo,Workstation_Creative,32GB,1TB,40tr_60tr
sinh_vien,7.5,21,HP,8GB,van_phong_hoc_tap,1,3,1,HP,Office_Student,8GB,512GB,duoi_15tr
sinh_vien,6.0,19,Dell,32GB,van_phong_hoc_tap,2,3,1,Dell,Office_Student,8GB,512GB,duoi_15tr
freelancer_creator,18.0,25,Lenovo,32GB,do_hoa_ky_thuat,2,12,4,Lenovo,Gaming,32GB,1TB,25tr_40tr
sinh_vien,7.2,19,HP,8GB,van_phong_hoc_tap,1,4,2,HP,Office_Student,8GB,512GB,duoi_15tr
sinh_vien,5.1,22,HP,8GB,gaming,2,10,4,HP,Gaming,8GB,512GB,duoi_15tr
designer,25.2,26,Apple,16GB,do_hoa_ky_thuat,2,5,2,Apple,Workstation_Creative,32GB,1TB,40tr_60tr
giao_vien,13.5,43,Dell,16GB,van_phong_hoc_tap,2,9,3,Lenovo,Office_Student,16GB,512GB,15tr_25tr
vp_ke_toan,17.4,25,Dell,8GB,van_phong_hoc_tap,1,1,1,Dell,Office_Student,16GB,512GB,15tr_25tr
quan_ly_doanh_nhan,25.1,38,Samsung,32GB,doanh_nhan_di_dong,3,11,4,Asus,Ultrabook_Business,16GB,512GB,25tr_40tr
sinh_vien,6.6,20,HP,16GB,gaming,2,2,1,HP,Gaming,16GB,512GB,duoi_15tr
sinh_vien,7.4,18,Apple,16GB,van_phong_hoc_tap,2,4,2,Dell,Office_Student,8GB,512GB,duoi_15tr
sinh_vien,3.5,22,Dell,16GB,van_phong_hoc_tap,2,12,4,Dell,Office_Student,8GB,512GB,duoi_15tr
sinh_vien,3.4,18,HP,16GB,gaming,2,10,4,HP,Gaming,16GB,512GB,duoi_15tr
sinh_vien,3.6,19,Acer,32GB,gaming,2,12,4,Acer,Gaming,8GB,512GB,duoi_15tr
ky_su,40.3,37,Acer,32GB,do_hoa_ky_thuat,3,10,4,Lenovo,Workstation_Creative,32GB,1TB,tren_60tr
sinh_vien,3.5,21,MSI,8GB,gaming,1,1,1,MSI,Gaming,16GB,512GB,duoi_15tr
quan_ly_doanh_nhan,84.0,43,HP,16GB,doanh_nhan_di_dong,1,1,1,Apple,Ultrabook_Business,16GB,512GB,tren_60tr
lap_trinh_vien,32.6,28,Apple,16GB,do_hoa_ky_thuat,2,6,2,Apple,Workstation_Creative,32GB,1TB,40tr_60tr
sinh_vien,4.4,18,Apple,16GB,van_phong_hoc_tap,2,9,3,HP,Office_Student,8GB,512GB,duoi_15tr
sinh_vien,3.7,20,Asus,8GB,gaming,1,2,1,Asus,Gaming,8GB,512GB,duoi_15tr
freelancer_creator,32.6,22,Asus,16GB,do_hoa_ky_thuat,4,8,3,Asus,Workstation_Creative,32GB,1TB,40tr_60tr
sinh_vien,5.3,22,MSI,16GB,gaming,2,4,2,MSI,Gaming,8GB,512GB,duoi_15tr
gamer_streamer,47.1,26,Asus,8GB,gaming,2,9,3,Samsung,Gaming,16GB,1TB,tren_60tr
lap_trinh_vien,28.0,38,Dell,16GB,do_hoa_ky_thuat,1,10,4,Dell,Workstation_Creative,32GB,1TB,40tr_60tr
sinh_vien,4.6,22,Lenovo,16GB,van_phong_hoc_tap,2,3,1,Lenovo,Office_Student,8GB,512GB,duoi_15tr
designer,33.7,25,Apple,8GB,do_hoa_ky_thuat,1,7,3,Apple,Workstation_Creative,32GB,1TB,40tr_60tr
ky_su,17.9,37,Asus,32GB,do_hoa_ky_thuat,1,8,3,Asus,Gaming,32GB,1TB,25tr_40tr
giao_vien,9.6,24,HP,16GB,van_phong_hoc_tap,2,10,4,HP,Office_Student,8GB,512GB,duoi_15tr
freelancer_creator,24.4,32,Asus,16GB,do_hoa_ky_thuat,2,4,2,Asus,Workstation_Creative,32GB,1TB,40tr_60tr
lap_trinh_vien,32.2,34,Lenovo,8GB,do_hoa_ky_thuat,1,2,1,Dell,Workstation_Creative,16GB,1TB,40tr_60tr
freelancer_creator,35.6,23,HP,16GB,do_hoa_ky_thuat,4,7,3,Lenovo,Workstation_Creative,16GB,1TB,40tr_60tr
vp_ke_toan,18.9,41,Lenovo,8GB,van_phong_hoc_tap,1,7,3,Lenovo,Office_Student,16GB,512GB,15tr_25tr
lap_trinh_vien,43.7,38,Apple,16GB,do_hoa_ky_thuat,3,5,2,Apple,Workstation_Creative,16GB,1TB,tren_60tr
sinh_vien,7.5,20,Asus,8GB,van_phong_hoc_tap,2,12,4,Asus,Office_Student,8GB,512GB,duoi_15tr
designer,28.7,32,Dell,16GB,do_hoa_ky_thuat,1,8,3,Dell,Workstation_Creative,16GB,1TB,40tr_60tr
sinh_vien,2.2,21,Acer,8GB,gaming,3,7,3,Acer,Gaming,16GB,512GB,duoi_15tr
lap_trinh_vien,49.1,23,Apple,16GB,do_hoa_ky_thuat,1,11,4,Apple,Workstation_Creative,16GB,1TB,tren_60tr
quan_ly_doanh_nhan,35.6,32,HP,16GB,doanh_nhan_di_dong,1,8,3,Lenovo,Ultrabook_Business,16GB,512GB,40tr_60tr
quan_ly_doanh_nhan,85.7,49,Apple,16GB,doanh_nhan_di_dong,2,4,2,Apple,Ultrabook_Business,16GB,512GB,tren_60tr
freelancer_creator,26.7,22,HP,16GB,do_hoa_ky_thuat,1,2,1,Asus,Workstation_Creative,16GB,1TB,40tr_60tr
sinh_vien,7.3,21,Asus,32GB,van_phong_hoc_tap,3,6,2,Asus,Office_Student,8GB,512GB,duoi_15tr
sinh_vien,5.1,19,Dell,32GB,van_phong_hoc_tap,2,9,3,Dell,Office_Student,8GB,512GB,duoi_15tr
freelancer_creator,23.7,27,Asus,16GB,do_hoa_ky_thuat,2,1,1,Asus,Workstation_Creative,32GB,1TB,40tr_60tr
lap_trinh_vien,49.3,22,Lenovo,8GB,do_hoa_ky_thuat,1,4,2,Dell,Workstation_Creative,16GB,1TB,tren_60tr
giao_vien,10.5,42,Dell,8GB,van_phong_hoc_tap,2,3,1,Dell,Office_Student,16GB,512GB,15tr_25tr
lap_trinh_vien,25.0,36,Lenovo,8GB,do_hoa_ky_thuat,1,2,1,Apple,Workstation_Creative,32GB,1TB,40tr_60tr
sinh_vien,3.5,20,MSI,16GB,gaming,3,6,2,MSI,Gaming,16GB,512GB,duoi_15tr
sinh_vien,4.6,18,Dell,8GB,gaming,2,8,3,Asus,Gaming,8GB,512GB,duoi_15tr
quan_ly_doanh_nhan,90.1,42,Apple,16GB,doanh_nhan_di_dong,2,11,4,Lenovo,Ultrabook_Business,16GB,512GB,tren_60tr
gamer_streamer,22.0,23,Asus,16GB,gaming,2,12,4,Asus,Gaming,16GB,1TB,25tr_40tr
lap_trinh_vien,43.4,39,Lenovo,8GB,do_hoa_ky_thuat,3,1,1,Lenovo,Workstation_Creative,32GB,1TB,tren_60tr
lap_trinh_vien,33.2,30,Lenovo,8GB,do_hoa_ky_thuat,1,5,2,Lenovo,Workstation_Creative,32GB,1TB,40tr_60tr
giao_vien,13.4,38,HP,8GB,van_phong_hoc_tap,1,8,3,HP,Office_Student,16GB,512GB,15tr_25tr
sinh_vien,2.1,18,Acer,8GB,gaming,1,8,3,Acer,Gaming,8GB,512GB,duoi_15tr
quan_ly_doanh_nhan,75.0,52,HP,16GB,doanh_nhan_di_dong,1,4,2,Asus,Ultrabook_Business,16GB,512GB,tren_60tr
designer,30.0,29,Asus,16GB,do_hoa_ky_thuat,3,8,3,Dell,Workstation_Creative,32GB,1TB,40tr_60tr
ky_su,26.0,22,Asus,8GB,do_hoa_ky_thuat,1,5,2,Apple,Workstation_Creative,32GB,1TB,40tr_60tr
lap_trinh_vien,38.5,39,Dell,8GB,do_hoa_ky_thuat,2,5,2,Dell,Workstation_Creative,32GB,1TB,40tr_60tr
quan_ly_doanh_nhan,31.3,47,Lenovo,8GB,doanh_nhan_di_dong,1,10,4,Lenovo,Ultrabook_Business,16GB,512GB,25tr_40tr
vp_ke_toan,11.2,31,Dell,16GB,van_phong_hoc_tap,4,2,1,Dell,Office_Student,16GB,512GB,15tr_25tr
sinh_vien,4.4,21,Dell,16GB,van_phong_hoc_tap,1,7,3,Dell,Office_Student,8GB,512GB,duoi_15tr
designer,30.7,22,Acer,8GB,do_hoa_ky_thuat,4,5,2,Dell,Workstation_Creative,16GB,1TB,40tr_60tr
gamer_streamer,40.6,20,MSI,8GB,gaming,3,10,4,MSI,Gaming,32GB,1TB,tren_60tr
gamer_streamer,39.2,27,Asus,32GB,gaming,3,1,1,Asus,Gaming,16GB,1TB,40tr_60tr
ky_su,20.0,32,Lenovo,16GB,do_hoa_ky_thuat,2,6,2,Lenovo,Gaming,32GB,1TB,25tr_40tr
sinh_vien,3.5,20,Dell,32GB,van_phong_hoc_tap,1,9,3,Apple,Office_Student,8GB,512GB,duoi_15tr
vp_ke_toan,19.7,31,Apple,8GB,van_phong_hoc_tap,1,8,3,HP,Office_Student,16GB,512GB,15tr_25tr
sinh_vien,6.2,22,Dell,32GB,van_phong_hoc_tap,1,10,4,HP,Office_Student,8GB,512GB,duoi_15tr
sinh_vien,4.9,22,Acer,8GB,gaming,1,3,1,Asus,Gaming,8GB,512GB,duoi_15tr
freelancer_creator,20.0,27,Asus,32GB,do_hoa_ky_thuat,1,4,2,Asus,Gaming,32GB,1TB,25tr_40tr
quan_ly_doanh_nhan,64.1,31,Asus,8GB,doanh_nhan_di_dong,1,8,3,Asus,Ultrabook_Business,16GB,512GB,tren_60tr
ky_su,37.8,29,Dell,16GB,do_hoa_ky_thuat,3,8,3,Acer,Workstation_Creative,16GB,1TB,40tr_60tr
giao_vien,12.2,26,Lenovo,16GB,van_phong_hoc_tap,1,1,1,Lenovo,Office_Student,16GB,512GB,15tr_25tr
sinh_vien,5.5,20,Asus,16GB,gaming,2,1,1,Asus,Gaming,16GB,512GB,duoi_15tr
vp_ke_toan,8.2,38,Dell,32GB,van_phong_hoc_tap,3,7,3,Dell,Office_Student,8GB,512GB,duoi_15tr
lap_trinh_vien,48.2,23,Apple,16GB,do_hoa_ky_thuat,2,8,3,Apple,Workstation_Creative,32GB,1TB,tren_60tr
ky_su,29.0,38,Acer,8GB,do_hoa_ky_thuat,1,6,2,Lenovo,Workstation_Creative,16GB,1TB,40tr_60tr
freelancer_creator,34.0,34,Dell,8GB,do_hoa_ky_thuat,1,2,1,Dell,Workstation_Creative,16GB,1TB,40tr_60tr
lap_trinh_vien,24.6,24,Asus,8GB,do_hoa_ky_thuat,2,6,2,Asus,Workstation_Creative,16GB,1TB,40tr_60tr
gamer_streamer,17.6,26,Acer,32GB,gaming,2,8,3,Acer,Gaming,16GB,1TB,25tr_40tr
vp_ke_toan,16.3,28,Lenovo,8GB,van_phong_hoc_tap,1,11,4,Lenovo,Office_Student,16GB,512GB,15tr_25tr
quan_ly_doanh_nhan,28.6,51,Apple,32GB,doanh_nhan_di_dong,3,9,3,Apple,Ultrabook_Business,16GB,512GB,25tr_40tr
vp_ke_toan,9.7,28,Dell,16GB,van_phong_hoc_tap,2,5,2,Asus,Office_Student,8GB,512GB,duoi_15tr
giao_vien,12.3,29,Dell,16GB,van_phong_hoc_tap,2,8,3,Dell,Office_Student,16GB,512GB,15tr_25tr
lap_trinh_vien,46.9,37,Lenovo,8GB,do_hoa_ky_thuat,2,7,3,Lenovo,Workstation_Creative,16GB,1TB,tren_60tr
sinh_vien,7.6,19,Dell,8GB,van_phong_hoc_tap,2,5,2,Asus,Office_Student,8GB,512GB,duoi_15tr
lap_trinh_vien,35.7,29,Asus,16GB,do_hoa_ky_thuat,1,6,2,Asus,Workstation_Creative,32GB,1TB,40tr_60tr
giao_vien,13.4,43,Asus,8GB,van_phong_hoc_tap,1,10,4,Asus,Office_Student,16GB,512GB,15tr_25tr
freelancer_creator,21.2,26,Lenovo,16GB,do_hoa_ky_thuat,2,10,4,Lenovo,Workstation_Creative,32GB,1TB,25tr_40tr
sinh_vien,2.8,19,HP,16GB,van_phong_hoc_tap,3,6,2,HP,Office_Student,8GB,512GB,duoi_15tr
lap_trinh_vien,30.0,38,Dell,32GB,do_hoa_ky_thuat,2,12,4,Dell,Workstation_Creative,16GB,1TB,40tr_60tr
freelancer_creator,37.4,24,Lenovo,16GB,do_hoa_ky_thuat,1,3,1,Lenovo,Workstation_Creative,16GB,1TB,40tr_60tr
lap_trinh_vien,35.4,28,Dell,8GB,do_hoa_ky_thuat,2,1,1,MSI,Workstation_Creative,16GB,1TB,40tr_60tr
sinh_vien,3.4,22,HP,16GB,van_phong_hoc_tap,1,6,2,HP,Office_Student,8GB,512GB,duoi_15tr
gamer_streamer,24.8,25,Lenovo,8GB,gaming,1,12,4,Lenovo,Gaming,32GB,1TB,40tr_60tr
giao_vien,19.9,31,Dell,16GB,van_phong_hoc_tap,1,12,4,Dell,Office_Student,16GB,512GB,15tr_25tr
gamer_streamer,17.0,23,Asus,16GB,gaming,2,9,3,Lenovo,Gaming,32GB,1TB,25tr_40tr
designer,13.6,29,Dell,8GB,do_hoa_ky_thuat,2,2,1,Asus,Gaming,32GB,1TB,25tr_40tr
gamer_streamer,47.4,24,Asus,16GB,gaming,1,5,2,MSI,Gaming,32GB,1TB,tren_60tr
gamer_streamer,16.7,26,Asus,8GB,gaming,1,8,3,Asus,Gaming,32GB,1TB,25tr_40tr
designer,13.6,33,Asus,16GB,do_hoa_ky_thuat,2,5,2,Asus,Gaming,16GB,1TB,25tr_40tr
designer,38.1,30,Apple,8GB,do_hoa_ky_thuat,1,1,1,Lenovo,Workstation_Creative,32GB,1TB,40tr_60tr
designer,25.2,30,Samsung,16GB,do_hoa_ky_thuat,3,11,4,Apple,Workstation_Creative,16GB,1TB,40tr_60tr
vp_ke_toan,19.2,42,HP,8GB,van_phong_hoc_tap,2,10,4,Dell,Office_Student,16GB,512GB,15tr_25tr
giao_vien,15.1,31,Lenovo,8GB,van_phong_hoc_tap,1,6,2,Lenovo,Office_Student,16GB,512GB,15tr_25tr
sinh_vien,3.2,21,Acer,16GB,gaming,2,12,4,Acer,Gaming,8GB,512GB,duoi_15tr
quan_ly_doanh_nhan,43.6,51,Acer,8GB,doanh_nhan_di_dong,1,8,3,Apple,Ultrabook_Business,16GB,512GB,40tr_60tr
vp_ke_toan,19.9,32,Dell,8GB,van_phong_hoc_tap,3,5,2,MSI,Office_Student,16GB,512GB,15tr_25tr
designer,22.4,31,Dell,8GB,do_hoa_ky_thuat,1,5,2,Dell,Workstation_Creative,32GB,1TB,25tr_40tr
sinh_vien,6.0,20,Dell,16GB,van_phong_hoc_tap,1,9,3,Samsung,Office_Student,8GB,512GB,duoi_15tr
quan_ly_doanh_nhan,49.7,39,Asus,16GB,doanh_nhan_di_dong,2,2,1,Asus,Ultrabook_Business,16GB,512GB,40tr_60tr
lap_trinh_vien,49.3,28,Lenovo,16GB,do_hoa_ky_thuat,2,11,4,Apple,Workstation_Creative,32GB,1TB,tren_60tr
lap_trinh_vien,22.9,26,Lenovo,16GB,do_hoa_ky_thuat,1,8,3,Asus,Workstation_Creative,16GB,1TB,25tr_40tr
gamer_streamer,32.6,26,Lenovo,16GB,gaming,1,4,2,Lenovo,Gaming,32GB,1TB,40tr_60tr
sinh_vien,6.5,22,HP,32GB,gaming,4,1,1,HP,Gaming,16GB,512GB,duoi_15tr
vp_ke_toan,13.8,38,Lenovo,16GB,van_phong_hoc_tap,1,6,2,Lenovo,Office_Student,16GB,512GB,15tr_25tr
sinh_vien,4.7,19,Apple,16GB,van_phong_hoc_tap,2,10,4,HP,Office_Student,8GB,512GB,duoi_15tr
gamer_streamer,53.1,26,Lenovo,16GB,gaming,1,5,2,Lenovo,Gaming,16GB,1TB,tren_60tr
sinh_vien,6.2,19,HP,32GB,van_phong_hoc_tap,2,7,3,HP,Office_Student,8GB,512GB,duoi_15tr
vp_ke_toan,17.3,24,Asus,8GB,van_phong_hoc_tap,1,3,1,Asus,Office_Student,16GB,512GB,15tr_25tr
sinh_vien,6.3,21,Dell,16GB,van_phong_hoc_tap,1,9,3,Dell,Office_Student,8GB,512GB,duoi_15tr
sinh_vien,7.5,18,MSI,8GB,gaming,1,5,2,MSI,Gaming,8GB,512GB,15tr_25tr
lap_trinh_vien,46.1,36,Lenovo,16GB,do_hoa_ky_thuat,1,10,4,Lenovo,Workstation_Creative,32GB,1TB,tren_60tr
sinh_vien,6.1,19,Dell,16GB,van_phong_hoc_tap,1,5,2,Dell,Office_Student,8GB,512GB,duoi_15tr
vp_ke_toan,9.3,44,Dell,16GB,van_phong_hoc_tap,2,2,1,Dell,Office_Student,8GB,512GB,duoi_15tr
designer,24.1,30,Dell,8GB,do_hoa_ky_thuat,2,8,3,Dell,Workstation_Creative,16GB,1TB,40tr_60tr
lap_trinh_vien,24.8,31,Apple,8GB,do_hoa_ky_thuat,3,3,1,Asus,Workstation_Creative,16GB,1TB,40tr_60tr
lap_trinh_vien,29.2,24,Asus,8GB,do_hoa_ky_thuat,1,2,1,Asus,Workstation_Creative,32GB,1TB,40tr_60tr
designer,35.6,29,Apple,8GB,do_hoa_ky_thuat,1,2,1,Apple,Workstation_Creative,16GB,1TB,40tr_60tr
lap_trinh_vien,42.6,25,Asus,16GB,do_hoa_ky_thuat,1,8,3,Asus,Workstation_Creative,32GB,1TB,tren_60tr
giao_vien,17.7,40,Lenovo,16GB,van_phong_hoc_tap,1,12,4,Lenovo,Office_Student,16GB,512GB,15tr_25tr
designer,28.7,23,Dell,16GB,do_hoa_ky_thuat,1,2,1,Dell,Workstation_Creative,32GB,1TB,40tr_60tr
gamer_streamer,53.2,24,Lenovo,16GB,gaming,1,7,3,Lenovo,Gaming,16GB,1TB,tren_60tr
lap_trinh_vien,15.1,35,HP,32GB,do_hoa_ky_thuat,3,2,1,HP,Gaming,32GB,1TB,25tr_40tr
sinh_vien,8.0,21,Asus,8GB,gaming,1,3,1,Asus,Gaming,16GB,512GB,15tr_25tr
lap_trinh_vien,44.9,39,Lenovo,16GB,do_hoa_ky_thuat,3,11,4,Lenovo,Workstation_Creative,32GB,1TB,tren_60tr
lap_trinh_vien,38.0,31,Dell,8GB,do_hoa_ky_thuat,1,1,1,Lenovo,Workstation_Creative,32GB,1TB,40tr_60tr
gamer_streamer,25.8,27,Lenovo,16GB,gaming,2,12,4,Lenovo,Gaming,16GB,1TB,40tr_60tr
sinh_vien,2.3,18,MSI,8GB,gaming,2,4,2,Acer,Gaming,16GB,512GB,duoi_15tr
vp_ke_toan,14.8,41,Apple,16GB,van_phong_hoc_tap,2,11,4,Asus,Office_Student,16GB,512GB,15tr_25tr
gamer_streamer,43.8,26,Dell,8GB,gaming,3,9,3,Lenovo,Gaming,16GB,1TB,tren_60tr
designer,38.1,31,Dell,16GB,do_hoa_ky_thuat,1,4,2,Dell,Workstation_Creative,32GB,1TB,40tr_60tr
lap_trinh_vien,20.2,22,Apple,8GB,do_hoa_ky_thuat,1,7,3,Apple,Workstation_Creative,16GB,1TB,25tr_40tr
sinh_vien,3.6,21,Asus,16GB,van_phong_hoc_tap,2,8,3,Dell,Office_Student,8GB,512GB,duoi_15tr
lap_trinh_vien,42.0,29,Apple,16GB,do_hoa_ky_thuat,2,5,2,Dell,Workstation_Creative,32GB,1TB,tren_60tr
giao_vien,11.0,24,Asus,16GB,van_phong_hoc_tap,1,6,2,Lenovo,Office_Student,16GB,512GB,15tr_25tr
sinh_vien,2.5,19,Dell,32GB,van_phong_hoc_tap,1,10,4,Dell,Office_Student,8GB,512GB,duoi_15tr
sinh_vien,5.3,22,Acer,8GB,van_phong_hoc_tap,1,9,3,Acer,Office_Student,8GB,512GB,duoi_15tr
lap_trinh_vien,41.9,29,Asus,16GB,do_hoa_ky_thuat,2,3,1,Dell,Workstation_Creative,32GB,1TB,tren_60tr
designer,39.7,25,Dell,8GB,do_hoa_ky_thuat,4,3,1,HP,Workstation_Creative,16GB,1TB,40tr_60tr
designer,30.0,31,Apple,32GB,do_hoa_ky_thuat,1,12,4,Lenovo,Workstation_Creative,32GB,1TB,40tr_60tr
quan_ly_doanh_nhan,33.6,50,HP,8GB,doanh_nhan_di_dong,2,5,2,Asus,Ultrabook_Business,16GB,512GB,25tr_40tr
vp_ke_toan,13.4,28,HP,16GB,van_phong_hoc_tap,2,10,4,HP,Office_Student,16GB,512GB,15tr_25tr
sinh_vien,3.9,19,Acer,16GB,van_phong_hoc_tap,3,1,1,Acer,Office_Student,8GB,512GB,duoi_15tr
ky_su,20.2,30,HP,16GB,do_hoa_ky_thuat,3,5,2,Asus,Workstation_Creative,16GB,1TB,25tr_40tr
giao_vien,18.0,37,Dell,16GB,van_phong_hoc_tap,1,4,2,Dell,Office_Student,16GB,512GB,15tr_25tr
vp_ke_toan,18.0,32,HP,16GB,van_phong_hoc_tap,1,5,2,HP,Office_Student,16GB,512GB,15tr_25tr
giao_vien,15.5,34,Lenovo,32GB,van_phong_hoc_tap,2,11,4,Lenovo,Office_Student,16GB,512GB,15tr_25tr
vp_ke_toan,10.4,26,Asus,16GB,van_phong_hoc_tap,2,8,3,Asus,Office_Student,16GB,512GB,15tr_25tr
quan_ly_doanh_nhan,76.4,41,Lenovo,8GB,doanh_nhan_di_dong,2,12,4,Lenovo,Ultrabook_Business,16GB,512GB,tren_60tr
vp_ke_toan,13.9,37,HP,16GB,van_phong_hoc_tap,3,1,1,Lenovo,Office_Student,16GB,512GB,15tr_25tr
freelancer_creator,18.4,33,HP,8GB,do_hoa_ky_thuat,2,2,1,HP,Gaming,16GB,1TB,25tr_40tr
giao_vien,16.0,30,Apple,8GB,van_phong_hoc_tap,1,10,4,Asus,Office_Student,16GB,512GB,15tr_25tr
giao_vien,13.1,35,Asus,8GB,van_phong_hoc_tap,2,10,4,Asus,Office_Student,16GB,512GB,15tr_25tr
gamer_streamer,37.9,20,Asus,16GB,gaming,3,2,1,Asus,Gaming,32GB,1TB,40tr_60tr
lap_trinh_vien,27.0,34,Apple,16GB,do_hoa_ky_thuat,1,6,2,Apple,Workstation_Creative,32GB,1TB,40tr_60tr
quan_ly_doanh_nhan,49.6,50,Dell,8GB,doanh_nhan_di_dong,3,5,2,Dell,Ultrabook_Business,16GB,512GB,40tr_60tr
lap_trinh_vien,26.8,36,Lenovo,8GB,do_hoa_ky_thuat,1,5,2,Lenovo,Workstation_Creative,32GB,1TB,40tr_60tr
sinh_vien,5.4,20,Dell,16GB,van_phong_hoc_tap,3,2,1,Dell,Office_Student,8GB,512GB,duoi_15tr
quan_ly_doanh_nhan,25.6,37,HP,8GB,doanh_nhan_di_dong,2,2,1,HP,Ultrabook_Business,16GB,512GB,25tr_40tr
lap_trinh_vien,26.1,29,Dell,16GB,do_hoa_ky_thuat,1,9,3,Dell,Workstation_Creative,32GB,1TB,40tr_60tr
vp_ke_toan,9.4,26,HP,8GB,van_phong_hoc_tap,1,4,2,HP,Office_Student,8GB,512GB,duoi_15tr
quan_ly_doanh_nhan,60.5,52,Dell,16GB,doanh_nhan_di_dong,1,10,4,Dell,Ultrabook_Business,16GB,512GB,tren_60tr
designer,30.6,26,Apple,16GB,do_hoa_ky_thuat,3,5,2,Asus,Workstation_Creative,16GB,1TB,40tr_60tr
sinh_vien,7.0,20,Acer,32GB,gaming,1,12,4,Acer,Gaming,16GB,512GB,15tr_25tr
gamer_streamer,30.2,27,MSI,16GB,gaming,2,11,4,Acer,Gaming,16GB,1TB,40tr_60tr
gamer_streamer,39.8,22,Asus,8GB,gaming,1,3,1,Asus,Gaming,32GB,1TB,40tr_60tr
freelancer_creator,39.1,29,Lenovo,16GB,do_hoa_ky_thuat,1,11,4,Lenovo,Workstation_Creative,16GB,1TB,40tr_60tr
giao_vien,19.8,43,Dell,8GB,van_phong_hoc_tap,2,10,4,HP,Office_Student,16GB,512GB,15tr_25tr
vp_ke_toan,10.3,25,HP,8GB,van_phong_hoc_tap,1,2,1,HP,Office_Student,16GB,512GB,15tr_25tr
sinh_vien,6.3,18,Dell,16GB,van_phong_hoc_tap,4,2,1,Dell,Office_Student,8GB,512GB,duoi_15tr
designer,29.1,27,Apple,8GB,do_hoa_ky_thuat,2,7,3,Apple,Workstation_Creative,16GB,1TB,40tr_60tr
lap_trinh_vien,45.8,27,Dell,16GB,do_hoa_ky_thuat,2,7,3,Dell,Workstation_Creative,32GB,1TB,tren_60tr
sinh_vien,4.5,18,Dell,16GB,van_phong_hoc_tap,2,3,1,Lenovo,Office_Student,8GB,512GB,duoi_15tr
freelancer_creator,19.2,32,HP,16GB,do_hoa_ky_thuat,1,1,1,HP,Gaming,32GB,1TB,25tr_40tr
giao_vien,12.0,31,Acer,16GB,van_phong_hoc_tap,3,6,2,HP,Office_Student,16GB,512GB,15tr_25tr
quan_ly_doanh_nhan,32.4,51,Asus,8GB,doanh_nhan_di_dong,1,8,3,Asus,Ultrabook_Business,16GB,512GB,25tr_40tr
freelancer_creator,23.0,23,Dell,16GB,do_hoa_ky_thuat,1,5,2,Dell,Workstation_Creative,32GB,1TB,25tr_40tr
sinh_vien,4.8,22,Dell,8GB,van_phong_hoc_tap,2,9,3,Dell,Office_Student,8GB,512GB,duoi_15tr
designer,19.3,31,HP,16GB,do_hoa_ky_thuat,1,3,1,Lenovo,Gaming,16GB,1TB,25tr_40tr
sinh_vien,5.7,21,Asus,16GB,van_phong_hoc_tap,1,5,2,Asus,Office_Student,8GB,512GB,duoi_15tr
giao_vien,12.1,32,Lenovo,32GB,van_phong_hoc_tap,2,7,3,Lenovo,Office_Student,16GB,512GB,15tr_25tr
lap_trinh_vien,34.1,22,Dell,16GB,do_hoa_ky_thuat,2,1,1,Dell,Workstation_Creative,32GB,1TB,40tr_60tr
lap_trinh_vien,44.4,35,Apple,16GB,do_hoa_ky_thuat,2,7,3,Apple,Workstation_Creative,16GB,1TB,tren_60tr
vp_ke_toan,16.9,25,HP,8GB,van_phong_hoc_tap,2,1,1,HP,Office_Student,16GB,512GB,15tr_25tr
lap_trinh_vien,43.1,39,Lenovo,16GB,do_hoa_ky_thuat,1,8,3,Apple,Workstation_Creative,32GB,1TB,tren_60tr
sinh_vien,7.4,19,Dell,8GB,van_phong_hoc_tap,2,7,3,Dell,Office_Student,8GB,512GB,duoi_15tr
gamer_streamer,16.1,27,Dell,16GB,gaming,1,9,3,Lenovo,Gaming,32GB,1TB,25tr_40tr
quan_ly_doanh_nhan,38.5,36,Apple,16GB,doanh_nhan_di_dong,2,9,3,Apple,Ultrabook_Business,16GB,512GB,40tr_60tr
gamer_streamer,16.1,22,Asus,8GB,gaming,3,6,2,Asus,Gaming,16GB,1TB,25tr_40tr
lap_trinh_vien,21.6,36,Apple,8GB,do_hoa_ky_thuat,1,8,3,Apple,Workstation_Creative,16GB,1TB,25tr_40tr
sinh_vien,7.7,21,HP,16GB,van_phong_hoc_tap,1,7,3,Asus,Office_Student,8GB,512GB,duoi_15tr
sinh_vien,4.0,22,Lenovo,16GB,van_phong_hoc_tap,3,8,3,Lenovo,Office_Student,8GB,512GB,duoi_15tr
freelancer_creator,19.4,31,Dell,8GB,do_hoa_ky_thuat,2,8,3,Asus,Gaming,16GB,1TB,25tr_40tr
gamer_streamer,41.8,20,HP,8GB,gaming,1,6,2,MSI,Gaming,32GB,1TB,tren_60tr
sinh_vien,7.6,19,Dell,16GB,van_phong_hoc_tap,1,8,3,Dell,Office_Student,8GB,512GB,duoi_15tr
sinh_vien,6.6,18,HP,32GB,van_phong_hoc_tap,3,7,3,HP,Office_Student,8GB,512GB,duoi_15tr
sinh_vien,7.1,18,HP,16GB,van_phong_hoc_tap,4,6,2,HP,Office_Student,8GB,512GB,duoi_15tr
gamer_streamer,11.2,24,Asus,16GB,gaming,1,11,4,Asus,Gaming,8GB,512GB,15tr_25tr
quan_ly_doanh_nhan,82.2,50,Apple,32GB,doanh_nhan_di_dong,4,5,2,Lenovo,Ultrabook_Business,16GB,512GB,tren_60tr
quan_ly_doanh_nhan,72.2,38,HP,8GB,doanh_nhan_di_dong,1,4,2,HP,Ultrabook_Business,16GB,512GB,tren_60tr
sinh_vien,7.3,20,MSI,8GB,gaming,1,7,3,MSI,Gaming,8GB,512GB,15tr_25tr
sinh_vien,7.3,18,Dell,16GB,van_phong_hoc_tap,1,12,4,Acer,Office_Student,8GB,512GB,duoi_15tr
sinh_vien,3.7,19,Dell,8GB,van_phong_hoc_tap,1,7,3,Lenovo,Office_Student,8GB,512GB,duoi_15tr
lap_trinh_vien,18.7,36,HP,8GB,do_hoa_ky_thuat,2,8,3,HP,Gaming,16GB,1TB,25tr_40tr
sinh_vien,6.1,20,Asus,8GB,gaming,2,5,2,Asus,Gaming,16GB,512GB,duoi_15tr
lap_trinh_vien,35.0,39,Acer,8GB,do_hoa_ky_thuat,3,11,4,Dell,Workstation_Creative,16GB,1TB,40tr_60tr
lap_trinh_vien,29.3,39,Lenovo,16GB,do_hoa_ky_thuat,2,9,3,Lenovo,Workstation_Creative,32GB,1TB,40tr_60tr
giao_vien,11.7,41,Acer,8GB,van_phong_hoc_tap,1,2,1,Acer,Office_Student,16GB,512GB,15tr_25tr
designer,13.0,25,Apple,16GB,do_hoa_ky_thuat,3,2,1,Asus,Gaming,16GB,512GB,15tr_25tr
lap_trinh_vien,17.6,32,Lenovo,8GB,do_hoa_ky_thuat,1,3,1,Dell,Gaming,16GB,1TB,25tr_40tr
lap_trinh_vien,42.9,31,Dell,8GB,do_hoa_ky_thuat,4,10,4,Dell,Workstation_Creative,16GB,1TB,tren_60tr
vp_ke_toan,10.6,35,Lenovo,16GB,van_phong_hoc_tap,2,9,3,Lenovo,Office_Student,16GB,512GB,15tr_25tr
designer,30.5,33,Lenovo,16GB,do_hoa_ky_thuat,2,3,1,Lenovo,Workstation_Creative,16GB,1TB,40tr_60tr
sinh_vien,4.9,19,Asus,8GB,van_phong_hoc_tap,1,8,3,Lenovo,Office_Student,8GB,512GB,duoi_15tr
sinh_vien,2.2,21,HP,16GB,van_phong_hoc_tap,1,4,2,HP,Office_Student,8GB,512GB,duoi_15tr
lap_trinh_vien,22.8,37,HP,32GB,do_hoa_ky_thuat,2,4,2,Asus,Workstation_Creative,32GB,1TB,25tr_40tr
vp_ke_toan,12.1,29,Dell,16GB,van_phong_hoc_tap,1,2,1,Dell,Office_Student,16GB,512GB,15tr_25tr
gamer_streamer,47.0,24,Asus,16GB,gaming,1,9,3,Asus,Gaming,16GB,1TB,tren_60tr
giao_vien,14.3,30,Lenovo,8GB,van_phong_hoc_tap,4,9,3,Lenovo,Office_Student,16GB,512GB,15tr_25tr
lap_trinh_vien,19.2,29,Lenovo,16GB,do_hoa_ky_thuat,1,9,3,Lenovo,Gaming,32GB,1TB,25tr_40tr
quan_ly_doanh_nhan,84.2,53,Apple,16GB,doanh_nhan_di_dong,2,5,2,Apple,Ultrabook_Business,16GB,512GB,tren_60tr
vp_ke_toan,12.0,30,Dell,8GB,van_phong_hoc_tap,1,1,1,Dell,Office_Student,16GB,512GB,15tr_25tr
gamer_streamer,34.5,29,Dell,16GB,gaming,1,9,3,Asus,Gaming,16GB,1TB,40tr_60tr
lap_trinh_vien,28.9,36,Lenovo,8GB,do_hoa_ky_thuat,2,5,2,Lenovo,Workstation_Creative,16GB,1TB,40tr_60tr
designer,15.4,29,Apple,16GB,do_hoa_ky_thuat,1,10,4,Lenovo,Gaming,32GB,1TB,25tr_40tr
lap_trinh_vien,30.0,35,Apple,16GB,do_hoa_ky_thuat,1,10,4,MSI,Workstation_Creative,16GB,1TB,40tr_60tr
sinh_vien,7.1,22,HP,8GB,van_phong_hoc_tap,1,10,4,HP,Office_Student,8GB,512GB,duoi_15tr
gamer_streamer,39.7,19,Acer,16GB,gaming,1,7,3,Acer,Gaming,32GB,1TB,40tr_60tr
lap_trinh_vien,39.7,31,Lenovo,8GB,do_hoa_ky_thuat,1,1,1,Lenovo,Workstation_Creative,16GB,1TB,40tr_60tr
vp_ke_toan,11.3,34,Dell,8GB,van_phong_hoc_tap,2,11,4,Dell,Office_Student,16GB,512GB,15tr_25tr
gamer_streamer,52.3,22,Dell,16GB,gaming,1,12,4,Lenovo,Gaming,32GB,1TB,tren_60tr
sinh_vien,5.3,21,Dell,8GB,van_phong_hoc_tap,2,1,1,Dell,Office_Student,8GB,512GB,duoi_15tr
vp_ke_toan,18.1,39,Asus,16GB,van_phong_hoc_tap,3,5,2,Asus,Office_Student,16GB,512GB,15tr_25tr
sinh_vien,5.2,22,Acer,16GB,van_phong_hoc_tap,1,12,4,Lenovo,Office_Student,8GB,512GB,duoi_15tr
gamer_streamer,45.4,23,MSI,8GB,gaming,3,7,3,MSI,Gaming,32GB,1TB,tren_60tr
gamer_streamer,44.0,18,Acer,16GB,gaming,3,10,4,Acer,Gaming,32GB,1TB,tren_60tr
quan_ly_doanh_nhan,49.7,44,HP,16GB,doanh_nhan_di_dong,1,9,3,HP,Ultrabook_Business,16GB,512GB,40tr_60tr
sinh_vien,2.4,19,Asus,8GB,van_phong_hoc_tap,2,12,4,Asus,Office_Student,8GB,512GB,duoi_15tr
designer,19.1,22,HP,16GB,do_hoa_ky_thuat,2,11,4,HP,Gaming,16GB,1TB,25tr_40tr
freelancer_creator,17.8,28,Lenovo,8GB,do_hoa_ky_thuat,3,11,4,Lenovo,Gaming,16GB,1TB,25tr_40tr
quan_ly_doanh_nhan,75.9,39,Dell,8GB,doanh_nhan_di_dong,1,7,3,Lenovo,Ultrabook_Business,16GB,512GB,tren_60tr
lap_trinh_vien,43.4,22,Dell,8GB,do_hoa_ky_thuat,2,6,2,Dell,Workstation_Creative,32GB,1TB,tren_60tr
quan_ly_doanh_nhan,57.1,41,Lenovo,16GB,doanh_nhan_di_dong,2,6,2,Lenovo,Ultrabook_Business,16GB,512GB,40tr_60tr
sinh_vien,7.7,20,Asus,16GB,van_phong_hoc_tap,1,8,3,Asus,Office_Student,8GB,512GB,duoi_15tr
lap_trinh_vien,27.1,23,Apple,8GB,do_hoa_ky_thuat,1,5,2,Apple,Workstation_Creative,32GB,1TB,40tr_60tr
sinh_vien,2.8,20,Dell,8GB,van_phong_hoc_tap,3,4,2,Dell,Office_Student,8GB,512GB,duoi_15tr
sinh_vien,2.2,19,Asus,16GB,van_phong_hoc_tap,1,5,2,Acer,Office_Student,8GB,512GB,duoi_15tr
quan_ly_doanh_nhan,78.0,51,Samsung,8GB,doanh_nhan_di_dong,1,11,4,Dell,Ultrabook_Business,16GB,512GB,tren_60tr
freelancer_creator,21.8,27,Asus,8GB,do_hoa_ky_thuat,1,2,1,Asus,Workstation_Creative,32GB,1TB,25tr_40tr
designer,25.0,23,Apple,8GB,do_hoa_ky_thuat,1,1,1,Apple,Workstation_Creative,16GB,1TB,40tr_60tr
ky_su,18.6,24,Dell,16GB,do_hoa_ky_thuat,1,10,4,MSI,Gaming,16GB,1TB,25tr_40tr
sinh_vien,2.1,18,Lenovo,16GB,van_phong_hoc_tap,3,7,3,Dell,Office_Student,8GB,512GB,duoi_15tr
lap_trinh_vien,42.4,39,Lenovo,16GB,do_hoa_ky_thuat,3,12,4,Lenovo,Workstation_Creative,32GB,1TB,tren_60tr
sinh_vien,4.7,19,Asus,8GB,van_phong_hoc_tap,4,10,4,Asus,Office_Student,8GB,512GB,duoi_15tr
vp_ke_toan,14.2,23,Dell,8GB,van_phong_hoc_tap,3,3,1,Dell,Office_Student,16GB,512GB,15tr_25tr
gamer_streamer,56.2,24,Acer,16GB,gaming,1,7,3,Acer,Gaming,16GB,1TB,tren_60tr
quan_ly_doanh_nhan,88.9,37,Apple,8GB,doanh_nhan_di_dong,1,10,4,Apple,Ultrabook_Business,16GB,512GB,tren_60tr
designer,39.3,22,Dell,16GB,do_hoa_ky_thuat,2,3,1,Dell,Workstation_Creative,16GB,1TB,40tr_60tr
quan_ly_doanh_nhan,98.7,38,Asus,8GB,doanh_nhan_di_dong,1,10,4,Asus,Ultrabook_Business,16GB,512GB,tren_60tr
sinh_vien,2.4,19,Lenovo,8GB,gaming,1,12,4,Lenovo,Gaming,8GB,512GB,duoi_15tr
ky_su,49.2,25,HP,8GB,do_hoa_ky_thuat,1,4,2,Dell,Workstation_Creative,32GB,1TB,tren_60tr
freelancer_creator,13.1,28,Dell,16GB,do_hoa_ky_thuat,3,4,2,MSI,Gaming,16GB,512GB,15tr_25tr
ky_su,15.3,24,Asus,16GB,do_hoa_ky_thuat,2,1,1,Asus,Gaming,32GB,1TB,25tr_40tr
lap_trinh_vien,43.8,33,Asus,8GB,do_hoa_ky_thuat,1,4,2,HP,Workstation_Creative,32GB,1TB,tren_60tr
freelancer_creator,30.2,27,Apple,8GB,do_hoa_ky_thuat,3,4,2,Apple,Workstation_Creative,16GB,1TB,40tr_60tr
gamer_streamer,40.9,25,Asus,16GB,gaming,4,4,2,Lenovo,Gaming,32GB,1TB,tren_60tr
freelancer_creator,20.2,27,HP,16GB,do_hoa_ky_thuat,1,5,2,Dell,Workstation_Creative,32GB,1TB,25tr_40tr
gamer_streamer,34.6,19,Asus,32GB,gaming,1,11,4,Asus,Gaming,32GB,1TB,40tr_60tr
quan_ly_doanh_nhan,45.5,49,HP,16GB,doanh_nhan_di_dong,2,10,4,HP,Ultrabook_Business,16GB,512GB,40tr_60tr
vp_ke_toan,11.8,27,HP,8GB,van_phong_hoc_tap,1,10,4,HP,Office_Student,16GB,512GB,15tr_25tr
giao_vien,19.6,24,Dell,16GB,van_phong_hoc_tap,1,3,1,Dell,Office_Student,16GB,512GB,15tr_25tr
sinh_vien,5.7,21,Dell,8GB,gaming,2,1,1,MSI,Gaming,8GB,512GB,duoi_15tr
sinh_vien,6.0,22,Apple,16GB,van_phong_hoc_tap,1,1,1,Dell,Office_Student,8GB,512GB,duoi_15tr
sinh_vien,3.2,20,Dell,8GB,van_phong_hoc_tap,2,4,2,Dell,Office_Student,8GB,512GB,duoi_15tr
freelancer_creator,25.4,31,Asus,8GB,do_hoa_ky_thuat,2,9,3,Asus,Workstation_Creative,32GB,1TB,40tr_60tr
vp_ke_toan,11.4,30,Acer,16GB,van_phong_hoc_tap,4,4,2,Acer,Office_Student,16GB,512GB,15tr_25tr
freelancer_creator,13.8,24,Lenovo,16GB,do_hoa_ky_thuat,1,2,1,Lenovo,Gaming,32GB,1TB,25tr_40tr
lap_trinh_vien,22.2,22,Apple,16GB,do_hoa_ky_thuat,2,1,1,Apple,Workstation_Creative,32GB,1TB,25tr_40tr
sinh_vien,4.3,21,Dell,16GB,van_phong_hoc_tap,1,1,1,Dell,Office_Student,8GB,512GB,duoi_15tr
vp_ke_toan,20.0,41,Dell,8GB,van_phong_hoc_tap,4,5,2,Dell,Office_Student,16GB,512GB,25tr_40tr
vp_ke_toan,12.7,34,Dell,8GB,van_phong_hoc_tap,1,1,1,Lenovo,Office_Student,16GB,512GB,15tr_25tr
designer,38.2,29,Asus,16GB,do_hoa_ky_thuat,3,5,2,Asus,Workstation_Creative,32GB,1TB,40tr_60tr
designer,17.3,26,Apple,16GB,do_hoa_ky_thuat,1,12,4,Asus,Gaming,16GB,1TB,25tr_40tr
gamer_streamer,40.7,24,HP,16GB,gaming,1,12,4,Asus,Gaming,32GB,1TB,tren_60tr
freelancer_creator,25.1,33,Asus,8GB,do_hoa_ky_thuat,1,1,1,Asus,Workstation_Creative,32GB,1TB,40tr_60tr
sinh_vien,6.6,20,Lenovo,8GB,gaming,1,4,2,Lenovo,Gaming,16GB,512GB,duoi_15tr
sinh_vien,7.2,18,HP,8GB,van_phong_hoc_tap,1,8,3,HP,Office_Student,8GB,512GB,duoi_15tr
gamer_streamer,21.0,21,Asus,8GB,gaming,2,2,1,Asus,Gaming,16GB,1TB,25tr_40tr
gamer_streamer,20.4,19,Dell,16GB,gaming,3,9,3,MSI,Gaming,32GB,1TB,25tr_40tr
gamer_streamer,50.3,24,Lenovo,16GB,gaming,2,7,3,Lenovo,Gaming,16GB,1TB,tren_60tr
sinh_vien,4.4,20,Dell,16GB,van_phong_hoc_tap,2,7,3,Dell,Office_Student,8GB,512GB,duoi_15tr
giao_vien,15.2,44,HP,16GB,van_phong_hoc_tap,3,4,2,HP,Office_Student,16GB,512GB,15tr_25tr
sinh_vien,2.0,18,Acer,8GB,gaming,1,4,2,Acer,Gaming,16GB,512GB,duoi_15tr
vp_ke_toan,9.1,27,Lenovo,16GB,van_phong_hoc_tap,1,10,4,Lenovo,Office_Student,8GB,512GB,duoi_15tr
designer,30.0,25,Apple,16GB,do_hoa_ky_thuat,2,4,2,Apple,Workstation_Creative,32GB,1TB,40tr_60tr
ky_su,45.8,23,HP,16GB,do_hoa_ky_thuat,2,3,1,Lenovo,Workstation_Creative,16GB,1TB,tren_60tr
vp_ke_toan,18.8,28,Dell,32GB,van_phong_hoc_tap,3,8,3,Dell,Office_Student,16GB,512GB,15tr_25tr
vp_ke_toan,8.4,41,Dell,8GB,van_phong_hoc_tap,1,12,4,Asus,Office_Student,8GB,512GB,duoi_15tr
ky_su,39.0,24,Apple,16GB,do_hoa_ky_thuat,3,10,4,Apple,Workstation_Creative,16GB,1TB,40tr_60tr
lap_trinh_vien,24.6,27,Lenovo,16GB,do_hoa_ky_thuat,2,8,3,Lenovo,Workstation_Creative,32GB,1TB,40tr_60tr
sinh_vien,4.3,20,Asus,16GB,van_phong_hoc_tap,3,11,4,Asus,Office_Student,8GB,512GB,duoi_15tr
designer,31.8,22,Apple,8GB,do_hoa_ky_thuat,1,7,3,Dell,Workstation_Creative,32GB,1TB,40tr_60tr
quan_ly_doanh_nhan,40.1,39,Dell,8GB,doanh_nhan_di_dong,1,5,2,Dell,Ultrabook_Business,16GB,512GB,40tr_60tr
lap_trinh_vien,16.0,34,HP,8GB,do_hoa_ky_thuat,1,10,4,HP,Gaming,32GB,1TB,25tr_40tr
giao_vien,16.1,30,Dell,8GB,van_phong_hoc_tap,1,5,2,Dell,Office_Student,16GB,512GB,15tr_25tr
designer,37.7,33,Dell,8GB,do_hoa_ky_thuat,1,2,1,Apple,Workstation_Creative,16GB,1TB,40tr_60tr
sinh_vien,4.4,20,Lenovo,16GB,van_phong_hoc_tap,1,4,2,Lenovo,Office_Student,8GB,512GB,duoi_15tr
sinh_vien,4.9,22,Lenovo,8GB,van_phong_hoc_tap,3,2,1,Lenovo,Office_Student,8GB,512GB,duoi_15tr
sinh_vien,2.8,22,Asus,16GB,gaming,2,11,4,Asus,Gaming,16GB,512GB,duoi_15tr
designer,26.4,30,Apple,8GB,do_hoa_ky_thuat,1,4,2,Apple,Workstation_Creative,16GB,1TB,40tr_60tr
sinh_vien,6.5,18,Dell,16GB,van_phong_hoc_tap,1,8,3,Dell,Office_Student,8GB,512GB,duoi_15tr
giao_vien,11.8,29,Lenovo,16GB,van_phong_hoc_tap,1,1,1,Lenovo,Office_Student,16GB,512GB,15tr_25tr
designer,13.6,30,Apple,8GB,do_hoa_ky_thuat,1,9,3,Lenovo,Gaming,32GB,1TB,25tr_40tr
gamer_streamer,38.5,19,Lenovo,8GB,gaming,2,7,3,Lenovo,Gaming,16GB,1TB,40tr_60tr
sinh_vien,5.5,20,Dell,8GB,gaming,2,1,1,Lenovo,Gaming,8GB,512GB,duoi_15tr
sinh_vien,6.5,21,Dell,8GB,van_phong_hoc_tap,1,7,3,Acer,Office_Student,8GB,512GB,duoi_15tr
vp_ke_toan,18.5,30,HP,8GB,van_phong_hoc_tap,2,5,2,HP,Office_Student,16GB,512GB,15tr_25tr
freelancer_creator,27.3,33,Dell,8GB,do_hoa_ky_thuat,1,11,4,Dell,Workstation_Creative,32GB,1TB,40tr_60tr
vp_ke_toan,13.6,40,Dell,16GB,van_phong_hoc_tap,2,7,3,Dell,Office_Student,16GB,512GB,15tr_25tr
gamer_streamer,16.8,21,Dell,8GB,gaming,2,11,4,Asus,Gaming,32GB,1TB,25tr_40tr
sinh_vien,6.7,22,Dell,16GB,van_phong_hoc_tap,1,11,4,Dell,Office_Student,8GB,512GB,duoi_15tr
lap_trinh_vien,17.0,34,Apple,16GB,do_hoa_ky_thuat,1,11,4,Asus,Gaming,16GB,1TB,25tr_40tr
lap_trinh_vien,25.1,39,Dell,8GB,do_hoa_ky_thuat,2,3,1,Asus,Workstation_Creative,16GB,1TB,40tr_60tr
sinh_vien,4.5,18,MSI,32GB,gaming,1,6,2,MSI,Gaming,8GB,512GB,duoi_15tr
vp_ke_toan,10.1,44,Lenovo,16GB,van_phong_hoc_tap,2,12,4,HP,Office_Student,16GB,512GB,15tr_25tr
lap_trinh_vien,33.3,38,Lenovo,16GB,do_hoa_ky_thuat,1,8,3,Apple,Workstation_Creative,16GB,1TB,40tr_60tr
lap_trinh_vien,32.2,36,Asus,8GB,do_hoa_ky_thuat,1,6,2,Asus,Workstation_Creative,16GB,1TB,40tr_60tr
designer,35.8,34,Samsung,16GB,do_hoa_ky_thuat,1,8,3,Lenovo,Workstation_Creative,32GB,1TB,40tr_60tr
sinh_vien,5.5,20,Asus,8GB,van_phong_hoc_tap,1,12,4,Asus,Office_Student,8GB,512GB,duoi_15tr
quan_ly_doanh_nhan,71.8,31,HP,16GB,doanh_nhan_di_dong,3,9,3,Apple,Ultrabook_Business,16GB,512GB,tren_60tr
sinh_vien,4.0,19,Asus,16GB,van_phong_hoc_tap,2,7,3,Acer,Office_Student,8GB,512GB,duoi_15tr
giao_vien,18.5,25,Asus,8GB,van_phong_hoc_tap,3,7,3,HP,Office_Student,16GB,512GB,15tr_25tr
gamer_streamer,39.8,25,Acer,16GB,gaming,2,4,2,Asus,Gaming,32GB,1TB,40tr_60tr
freelancer_creator,18.8,32,HP,16GB,do_hoa_ky_thuat,1,6,2,Lenovo,Gaming,32GB,1TB,25tr_40tr
giao_vien,14.2,42,Asus,16GB,van_phong_hoc_tap,3,12,4,Asus,Office_Student,16GB,512GB,15tr_25tr
designer,27.6,27,Dell,16GB,do_hoa_ky_thuat,3,9,3,Dell,Workstation_Creative,32GB,1TB,40tr_60tr
vp_ke_toan,11.7,43,Lenovo,16GB,van_phong_hoc_tap,1,4,2,Lenovo,Office_Student,16GB,512GB,15tr_25tr
vp_ke_toan,13.3,29,Asus,32GB,van_phong_hoc_tap,3,4,2,Asus,Office_Student,16GB,512GB,15tr_25tr
quan_ly_doanh_nhan,28.7,34,Dell,8GB,doanh_nhan_di_dong,1,3,1,Apple,Ultrabook_Business,16GB,512GB,25tr_40tr
quan_ly_doanh_nhan,86.1,50,Samsung,16GB,doanh_nhan_di_dong,1,9,3,Lenovo,Ultrabook_Business,16GB,512GB,tren_60tr
designer,17.1,25,Dell,16GB,do_hoa_ky_thuat,3,6,2,Lenovo,Gaming,16GB,1TB,25tr_40tr
vp_ke_toan,17.3,36,HP,8GB,van_phong_hoc_tap,1,4,2,Asus,Office_Student,16GB,512GB,15tr_25tr
gamer_streamer,28.3,26,MSI,8GB,gaming,3,10,4,MSI,Gaming,16GB,1TB,40tr_60tr
gamer_streamer,40.9,25,Acer,8GB,gaming,3,12,4,Acer,Gaming,32GB,1TB,tren_60tr
lap_trinh_vien,29.5,26,Lenovo,16GB,do_hoa_ky_thuat,4,4,2,Samsung,Workstation_Creative,32GB,1TB,40tr_60tr
gamer_streamer,15.6,24,Lenovo,8GB,gaming,1,1,1,Lenovo,Gaming,16GB,1TB,25tr_40tr
vp_ke_toan,16.7,23,HP,16GB,van_phong_hoc_tap,4,8,3,HP,Office_Student,16GB,512GB,15tr_25tr
sinh_vien,7.0,19,Dell,32GB,van_phong_hoc_tap,2,3,1,Asus,Office_Student,8GB,512GB,duoi_15tr
designer,22.8,32,Apple,8GB,do_hoa_ky_thuat,2,4,2,Apple,Workstation_Creative,32GB,1TB,25tr_40tr
ky_su,34.6,29,Lenovo,16GB,do_hoa_ky_thuat,3,8,3,Lenovo,Workstation_Creative,32GB,1TB,40tr_60tr
quan_ly_doanh_nhan,45.3,32,Apple,32GB,doanh_nhan_di_dong,1,3,1,Lenovo,Ultrabook_Business,16GB,512GB,40tr_60tr
sinh_vien,6.5,18,Lenovo,32GB,gaming,3,3,1,MSI,Gaming,16GB,512GB,duoi_15tr
quan_ly_doanh_nhan,28.9,42,HP,8GB,doanh_nhan_di_dong,1,1,1,Dell,Ultrabook_Business,16GB,512GB,25tr_40tr
sinh_vien,6.8,22,Lenovo,16GB,gaming,1,8,3,Lenovo,Gaming,16GB,512GB,15tr_25tr
lap_trinh_vien,48.6,24,Apple,8GB,do_hoa_ky_thuat,2,9,3,Apple,Workstation_Creative,32GB,1TB,tren_60tr
gamer_streamer,29.7,29,Lenovo,16GB,gaming,1,2,1,Lenovo,Gaming,32GB,1TB,40tr_60tr
quan_ly_doanh_nhan,25.3,40,Dell,32GB,doanh_nhan_di_dong,1,7,3,HP,Ultrabook_Business,16GB,512GB,25tr_40tr
designer,38.4,30,Lenovo,16GB,do_hoa_ky_thuat,3,3,1,Lenovo,Workstation_Creative,16GB,1TB,40tr_60tr
sinh_vien,2.4,19,Dell,16GB,van_phong_hoc_tap,2,6,2,Dell,Office_Student,8GB,512GB,duoi_15tr
sinh_vien,3.9,22,Apple,8GB,van_phong_hoc_tap,2,2,1,HP,Office_Student,8GB,512GB,duoi_15tr
vp_ke_toan,18.1,44,Asus,16GB,van_phong_hoc_tap,1,12,4,Asus,Office_Student,16GB,512GB,15tr_25tr
lap_trinh_vien,45.4,34,Lenovo,16GB,do_hoa_ky_thuat,1,3,1,Dell,Workstation_Creative,16GB,1TB,tren_60tr
vp_ke_toan,8.9,34,Asus,8GB,van_phong_hoc_tap,1,2,1,Asus,Office_Student,8GB,512GB,duoi_15tr
vp_ke_toan,15.0,42,Lenovo,16GB,van_phong_hoc_tap,2,7,3,Lenovo,Office_Student,16GB,512GB,15tr_25tr
designer,37.3,25,Apple,8GB,do_hoa_ky_thuat,1,12,4,Apple,Workstation_Creative,16GB,1TB,40tr_60tr
sinh_vien,7.6,18,Dell,8GB,van_phong_hoc_tap,3,9,3,Dell,Office_Student,8GB,512GB,duoi_15tr
giao_vien,16.6,34,HP,16GB,van_phong_hoc_tap,2,10,4,Dell,Office_Student,16GB,512GB,15tr_25tr
giao_vien,15.8,39,Lenovo,32GB,van_phong_hoc_tap,4,9,3,Acer,Office_Student,16GB,512GB,15tr_25tr
designer,32.3,32,Lenovo,16GB,do_hoa_ky_thuat,1,6,2,Lenovo,Workstation_Creative,32GB,1TB,40tr_60tr
giao_vien,18.4,44,Dell,8GB,van_phong_hoc_tap,1,8,3,Acer,Office_Student,16GB,512GB,15tr_25tr
vp_ke_toan,16.0,26,Lenovo,32GB,van_phong_hoc_tap,1,10,4,Acer,Office_Student,16GB,512GB,15tr_25tr
quan_ly_doanh_nhan,35.3,32,HP,16GB,doanh_nhan_di_dong,2,6,2,Asus,Ultrabook_Business,16GB,512GB,40tr_60tr
giao_vien,17.5,35,Acer,16GB,van_phong_hoc_tap,1,3,1,HP,Office_Student,16GB,512GB,15tr_25tr
sinh_vien,5.3,19,Acer,32GB,gaming,1,8,3,Acer,Gaming,16GB,512GB,duoi_15tr
sinh_vien,5.2,22,Lenovo,16GB,gaming,1,11,4,Lenovo,Gaming,8GB,512GB,duoi_15tr
designer,15.2,22,Asus,8GB,do_hoa_ky_thuat,1,7,3,MSI,Gaming,32GB,1TB,25tr_40tr
designer,38.0,31,Apple,8GB,do_hoa_ky_thuat,1,9,3,Lenovo,Workstation_Creative,32GB,1TB,40tr_60tr
vp_ke_toan,14.1,39,Dell,16GB,van_phong_hoc_tap,3,9,3,Dell,Office_Student,16GB,512GB,15tr_25tr
gamer_streamer,12.2,26,MSI,32GB,gaming,3,3,1,MSI,Gaming,8GB,512GB,15tr_25tr
designer,24.5,32,Apple,16GB,do_hoa_ky_thuat,1,9,3,Apple,Workstation_Creative,32GB,1TB,40tr_60tr
lap_trinh_vien,23.0,26,Lenovo,16GB,do_hoa_ky_thuat,1,8,3,Lenovo,Workstation_Creative,16GB,1TB,25tr_40tr
lap_trinh_vien,33.8,23,Dell,16GB,do_hoa_ky_thuat,1,9,3,Apple,Workstation_Creative,32GB,1TB,40tr_60tr
vp_ke_toan,14.4,32,Dell,16GB,van_phong_hoc_tap,1,4,2,HP,Office_Student,16GB,512GB,15tr_25tr
sinh_vien,2.4,18,Asus,16GB,van_phong_hoc_tap,2,8,3,MSI,Office_Student,8GB,512GB,duoi_15tr
vp_ke_toan,15.3,26,HP,8GB,van_phong_hoc_tap,1,1,1,Acer,Office_Student,16GB,512GB,15tr_25tr
quan_ly_doanh_nhan,72.8,33,Dell,8GB,doanh_nhan_di_dong,3,2,1,HP,Ultrabook_Business,16GB,512GB,tren_60tr
gamer_streamer,47.7,29,Acer,8GB,gaming,2,2,1,Acer,Gaming,32GB,1TB,tren_60tr
vp_ke_toan,11.9,44,Dell,32GB,van_phong_hoc_tap,1,5,2,Dell,Office_Student,16GB,512GB,15tr_25tr
vp_ke_toan,17.3,31,HP,16GB,van_phong_hoc_tap,1,9,3,Lenovo,Office_Student,16GB,512GB,15tr_25tr
lap_trinh_vien,43.0,33,Apple,16GB,do_hoa_ky_thuat,3,2,1,Apple,Workstation_Creative,32GB,1TB,tren_60tr
quan_ly_doanh_nhan,46.0,48,Dell,8GB,doanh_nhan_di_dong,2,5,2,Dell,Ultrabook_Business,16GB,512GB,40tr_60tr
lap_trinh_vien,44.5,23,Lenovo,8GB,do_hoa_ky_thuat,2,12,4,Lenovo,Workstation_Creative,16GB,1TB,tren_60tr
sinh_vien,7.3,19,Asus,16GB,van_phong_hoc_tap,1,2,1,Asus,Office_Student,8GB,512GB,duoi_15tr
quan_ly_doanh_nhan,64.8,43,HP,16GB,doanh_nhan_di_dong,3,5,2,HP,Ultrabook_Business,16GB,512GB,tren_60tr
gamer_streamer,11.7,18,MSI,8GB,gaming,1,3,1,MSI,Gaming,8GB,512GB,15tr_25tr
sinh_vien,2.7,22,Apple,16GB,van_phong_hoc_tap,1,6,2,HP,Office_Student,8GB,512GB,duoi_15tr
designer,32.5,30,Asus,16GB,do_hoa_ky_thuat,3,10,4,Asus,Workstation_Creative,32GB,1TB,40tr_60tr
quan_ly_doanh_nhan,95.7,42,Apple,16GB,doanh_nhan_di_dong,3,3,1,Apple,Ultrabook_Business,16GB,512GB,tren_60tr
quan_ly_doanh_nhan,56.7,54,Lenovo,8GB,doanh_nhan_di_dong,1,5,2,HP,Ultrabook_Business,16GB,512GB,40tr_60tr
gamer_streamer,25.2,26,Lenovo,8GB,gaming,3,9,3,Lenovo,Gaming,16GB,1TB,40tr_60tr
lap_trinh_vien,45.1,24,HP,8GB,do_hoa_ky_thuat,2,1,1,Apple,Workstation_Creative,16GB,1TB,tren_60tr
sinh_vien,5.6,20,Asus,8GB,gaming,1,6,2,Asus,Gaming,16GB,512GB,duoi_15tr
quan_ly_doanh_nhan,42.3,49,Acer,8GB,doanh_nhan_di_dong,2,7,3,HP,Ultrabook_Business,16GB,512GB,40tr_60tr
designer,30.4,33,HP,16GB,do_hoa_ky_thuat,4,4,2,Asus,Workstation_Creative,16GB,1TB,40tr_60tr
freelancer_creator,39.2,23,Dell,32GB,do_hoa_ky_thuat,1,11,4,Asus,Workstation_Creative,16GB,1TB,40tr_60tr
quan_ly_doanh_nhan,90.9,38,Dell,16GB,doanh_nhan_di_dong,2,11,4,Dell,Ultrabook_Business,16GB,512GB,tren_60tr
lap_trinh_vien,19.0,27,Lenovo,8GB,do_hoa_ky_thuat,1,5,2,Lenovo,Gaming,32GB,1TB,25tr_40tr
lap_trinh_vien,46.1,39,Dell,16GB,do_hoa_ky_thuat,2,4,2,Dell,Workstation_Creative,32GB,1TB,tren_60tr
sinh_vien,2.8,19,Lenovo,16GB,van_phong_hoc_tap,1,10,4,Asus,Office_Student,8GB,512GB,duoi_15tr
quan_ly_doanh_nhan,38.6,32,Dell,32GB,doanh_nhan_di_dong,3,4,2,Dell,Ultrabook_Business,16GB,512GB,40tr_60tr
sinh_vien,6.0,22,Lenovo,16GB,van_phong_hoc_tap,2,12,4,Lenovo,Office_Student,8GB,512GB,duoi_15tr
lap_trinh_vien,38.6,37,Dell,8GB,do_hoa_ky_thuat,2,9,3,Dell,Workstation_Creative,32GB,1TB,40tr_60tr
vp_ke_toan,11.8,33,Dell,8GB,van_phong_hoc_tap,1,10,4,Dell,Office_Student,16GB,512GB,15tr_25tr
giao_vien,11.4,27,Asus,8GB,van_phong_hoc_tap,1,3,1,HP,Office_Student,16GB,512GB,15tr_25tr
lap_trinh_vien,28.1,34,Dell,16GB,do_hoa_ky_thuat,1,1,1,Dell,Workstation_Creative,32GB,1TB,40tr_60tr
vp_ke_toan,12.7,38,Dell,16GB,van_phong_hoc_tap,1,12,4,Dell,Office_Student,16GB,512GB,15tr_25tr
lap_trinh_vien,31.5,27,Apple,8GB,do_hoa_ky_thuat,1,4,2,Asus,Workstation_Creative,16GB,1TB,40tr_60tr
lap_trinh_vien,18.9,36,Dell,32GB,do_hoa_ky_thuat,2,11,4,Lenovo,Gaming,16GB,1TB,25tr_40tr
sinh_vien,3.3,20,HP,8GB,van_phong_hoc_tap,1,5,2,HP,Office_Student,8GB,512GB,duoi_15tr
quan_ly_doanh_nhan,96.6,34,Apple,8GB,doanh_nhan_di_dong,1,8,3,HP,Ultrabook_Business,16GB,512GB,tren_60tr
sinh_vien,2.8,21,Asus,8GB,gaming,2,7,3,Asus,Gaming,8GB,512GB,duoi_15tr
sinh_vien,3.9,21,Asus,8GB,van_phong_hoc_tap,1,2,1,Asus,Office_Student,8GB,512GB,duoi_15tr
sinh_vien,3.2,19,Asus,8GB,van_phong_hoc_tap,1,1,1,Asus,Office_Student,8GB,512GB,duoi_15tr
quan_ly_doanh_nhan,84.3,35,Apple,16GB,doanh_nhan_di_dong,1,12,4,Apple,Ultrabook_Business,16GB,512GB,tren_60tr
gamer_streamer,48.4,29,Lenovo,8GB,gaming,1,8,3,Asus,Gaming,32GB,1TB,tren_60tr
sinh_vien,3.5,19,Lenovo,8GB,gaming,2,5,2,MSI,Gaming,16GB,512GB,duoi_15tr
vp_ke_toan,15.5,24,Dell,16GB,van_phong_hoc_tap,1,12,4,Dell,Office_Student,16GB,512GB,15tr_25tr
gamer_streamer,54.7,26,Dell,8GB,gaming,2,9,3,Asus,Gaming,16GB,1TB,tren_60tr
vp_ke_toan,9.5,30,Apple,16GB,van_phong_hoc_tap,1,9,3,HP,Office_Student,8GB,512GB,duoi_15tr
vp_ke_toan,13.9,35,Acer,16GB,van_phong_hoc_tap,1,4,2,Acer,Office_Student,16GB,512GB,15tr_25tr
sinh_vien,5.2,20,Dell,16GB,gaming,1,1,1,MSI,Gaming,16GB,512GB,duoi_15tr
giao_vien,9.4,41,Dell,8GB,van_phong_hoc_tap,4,1,1,MSI,Office_Student,8GB,512GB,duoi_15tr
sinh_vien,6.2,22,MSI,32GB,gaming,2,11,4,MSI,Gaming,16GB,512GB,duoi_15tr
gamer_streamer,13.6,20,Asus,16GB,gaming,3,5,2,Asus,Gaming,16GB,1TB,25tr_40tr
designer,30.8,26,Dell,32GB,do_hoa_ky_thuat,1,6,2,Dell,Workstation_Creative,32GB,1TB,40tr_60tr
lap_trinh_vien,23.0,22,Apple,8GB,do_hoa_ky_thuat,1,3,1,Apple,Workstation_Creative,32GB,1TB,25tr_40tr
sinh_vien,3.5,21,Dell,8GB,van_phong_hoc_tap,1,1,1,Dell,Office_Student,8GB,512GB,duoi_15tr
gamer_streamer,48.0,20,Asus,8GB,gaming,4,9,3,HP,Gaming,16GB,1TB,tren_60tr
designer,24.6,24,Acer,8GB,do_hoa_ky_thuat,3,3,1,Asus,Workstation_Creative,32GB,1TB,40tr_60tr
lap_trinh_vien,46.1,24,Lenovo,16GB,do_hoa_ky_thuat,1,5,2,Lenovo,Workstation_Creative,32GB,1TB,tren_60tr
sinh_vien,3.5,19,HP,32GB,van_phong_hoc_tap,2,12,4,HP,Office_Student,8GB,512GB,duoi_15tr
sinh_vien,6.2,18,Dell,16GB,van_phong_hoc_tap,2,9,3,Asus,Office_Student,8GB,512GB,duoi_15tr
quan_ly_doanh_nhan,51.8,34,Apple,8GB,doanh_nhan_di_dong,4,2,1,Apple,Ultrabook_Business,16GB,512GB,40tr_60tr
quan_ly_doanh_nhan,81.5,30,Apple,32GB,doanh_nhan_di_dong,2,9,3,Apple,Ultrabook_Business,16GB,512GB,tren_60tr
vp_ke_toan,11.3,23,Asus,32GB,van_phong_hoc_tap,2,1,1,Asus,Office_Student,16GB,512GB,15tr_25tr
designer,31.2,23,HP,16GB,do_hoa_ky_thuat,2,4,2,Asus,Workstation_Creative,32GB,1TB,40tr_60tr
lap_trinh_vien,26.6,32,Apple,8GB,do_hoa_ky_thuat,1,5,2,Apple,Workstation_Creative,16GB,1TB,40tr_60tr
vp_ke_toan,8.1,37,Dell,16GB,van_phong_hoc_tap,2,5,2,Dell,Office_Student,8GB,512GB,duoi_15tr
vp_ke_toan,18.3,26,Apple,16GB,van_phong_hoc_tap,1,12,4,Asus,Office_Student,16GB,512GB,15tr_25tr
vp_ke_toan,15.2,30,Asus,32GB,van_phong_hoc_tap,1,9,3,HP,Office_Student,16GB,512GB,15tr_25tr
quan_ly_doanh_nhan,44.1,35,HP,8GB,doanh_nhan_di_dong,2,11,4,HP,Ultrabook_Business,16GB,512GB,40tr_60tr
sinh_vien,6.9,22,Asus,16GB,gaming,1,10,4,Asus,Gaming,16GB,512GB,15tr_25tr
sinh_vien,4.5,18,HP,8GB,gaming,1,9,3,HP,Gaming,8GB,512GB,duoi_15tr
sinh_vien,2.2,22,Asus,16GB,van_phong_hoc_tap,1,4,2,Asus,Office_Student,8GB,512GB,duoi_15tr
quan_ly_doanh_nhan,26.4,37,HP,8GB,doanh_nhan_di_dong,2,7,3,HP,Ultrabook_Business,16GB,512GB,25tr_40tr
lap_trinh_vien,43.8,38,Dell,16GB,do_hoa_ky_thuat,1,12,4,Dell,Workstation_Creative,32GB,1TB,tren_60tr
gamer_streamer,58.2,26,Asus,8GB,gaming,2,5,2,Asus,Gaming,16GB,1TB,tren_60tr
sinh_vien,5.8,21,HP,16GB,van_phong_hoc_tap,1,1,1,Asus,Office_Student,8GB,512GB,duoi_15tr
sinh_vien,4.7,22,Dell,8GB,van_phong_hoc_tap,1,8,3,Dell,Office_Student,8GB,512GB,duoi_15tr
sinh_vien,4.9,20,Acer,16GB,van_phong_hoc_tap,3,2,1,Acer,Office_Student,8GB,512GB,duoi_15tr
freelancer_creator,20.3,26,Dell,16GB,do_hoa_ky_thuat,1,5,2,Dell,Workstation_Creative,32GB,1TB,25tr_40tr
lap_trinh_vien,24.9,34,Lenovo,8GB,do_hoa_ky_thuat,4,2,1,Lenovo,Workstation_Creative,16GB,1TB,40tr_60tr
lap_trinh_vien,19.7,25,Apple,16GB,do_hoa_ky_thuat,1,5,2,Lenovo,Gaming,32GB,1TB,25tr_40tr
vp_ke_toan,11.0,24,Asus,8GB,van_phong_hoc_tap,1,6,2,Asus,Office_Student,16GB,512GB,15tr_25tr
vp_ke_toan,16.5,27,HP,16GB,van_phong_hoc_tap,2,3,1,HP,Office_Student,16GB,512GB,15tr_25tr
lap_trinh_vien,47.4,30,Apple,8GB,do_hoa_ky_thuat,3,3,1,Apple,Workstation_Creative,32GB,1TB,tren_60tr
designer,22.8,24,Dell,16GB,do_hoa_ky_thuat,1,11,4,Dell,Workstation_Creative,16GB,1TB,25tr_40tr
sinh_vien,6.9,20,Dell,8GB,van_phong_hoc_tap,2,5,2,Dell,Office_Student,8GB,512GB,duoi_15tr
sinh_vien,3.9,18,Lenovo,16GB,van_phong_hoc_tap,1,7,3,Acer,Office_Student,8GB,512GB,duoi_15tr
giao_vien,8.7,26,Asus,8GB,van_phong_hoc_tap,1,1,1,Asus,Office_Student,8GB,512GB,duoi_15tr
lap_trinh_vien,22.8,38,Lenovo,32GB,do_hoa_ky_thuat,1,12,4,Lenovo,Workstation_Creative,16GB,1TB,25tr_40tr
designer,13.1,23,Samsung,8GB,do_hoa_ky_thuat,3,11,4,MSI,Gaming,8GB,512GB,15tr_25tr
gamer_streamer,37.5,29,MSI,32GB,gaming,2,7,3,Dell,Gaming,32GB,1TB,40tr_60tr
designer,21.0,26,Apple,8GB,do_hoa_ky_thuat,3,9,3,Dell,Workstation_Creative,32GB,1TB,25tr_40tr
gamer_streamer,33.3,21,MSI,16GB,gaming,1,3,1,MSI,Gaming,16GB,1TB,40tr_60tr
sinh_vien,5.1,21,MSI,16GB,gaming,3,3,1,MSI,Gaming,8GB,512GB,duoi_15tr
vp_ke_toan,18.0,29,Dell,32GB,van_phong_hoc_tap,2,1,1,Asus,Office_Student,16GB,512GB,15tr_25tr
sinh_vien,7.4,19,HP,8GB,van_phong_hoc_tap,1,1,1,HP,Office_Student,8GB,512GB,duoi_15tr
lap_trinh_vien,41.0,30,Dell,32GB,do_hoa_ky_thuat,1,9,3,Dell,Workstation_Creative,32GB,1TB,tren_60tr
sinh_vien,7.2,18,Acer,8GB,gaming,1,10,4,Acer,Gaming,8GB,512GB,15tr_25tr
lap_trinh_vien,39.4,39,Apple,8GB,do_hoa_ky_thuat,2,6,2,Apple,Workstation_Creative,32GB,1TB,40tr_60tr
gamer_streamer,50.3,23,Lenovo,8GB,gaming,1,5,2,Lenovo,Gaming,32GB,1TB,tren_60tr
sinh_vien,6.1,20,MSI,8GB,gaming,1,5,2,MSI,Gaming,16GB,512GB,duoi_15tr
gamer_streamer,30.5,25,Lenovo,16GB,gaming,2,2,1,Lenovo,Gaming,16GB,1TB,40tr_60tr
vp_ke_toan,19.5,28,Acer,8GB,van_phong_hoc_tap,1,4,2,Asus,Office_Student,16GB,512GB,15tr_25tr
quan_ly_doanh_nhan,28.4,49,Apple,16GB,doanh_nhan_di_dong,3,2,1,Apple,Ultrabook_Business,16GB,512GB,25tr_40tr
vp_ke_toan,9.1,23,Dell,16GB,van_phong_hoc_tap,1,11,4,Dell,Office_Student,8GB,512GB,duoi_15tr
designer,36.0,27,Dell,8GB,do_hoa_ky_thuat,2,12,4,Apple,Workstation_Creative,32GB,1TB,40tr_60tr
freelancer_creator,26.6,31,Asus,16GB,do_hoa_ky_thuat,2,4,2,Asus,Workstation_Creative,32GB,1TB,40tr_60tr
lap_trinh_vien,22.2,31,Apple,16GB,do_hoa_ky_thuat,3,1,1,Samsung,Workstation_Creative,16GB,1TB,25tr_40tr
lap_trinh_vien,15.4,34,Lenovo,32GB,do_hoa_ky_thuat,1,7,3,Lenovo,Gaming,16GB,1TB,25tr_40tr
sinh_vien,6.7,19,Asus,8GB,gaming,1,12,4,Asus,Gaming,8GB,512GB,15tr_25tr
sinh_vien,5.3,22,Acer,8GB,van_phong_hoc_tap,4,10,4,Acer,Office_Student,8GB,512GB,duoi_15tr
freelancer_creator,31.8,24,HP,8GB,do_hoa_ky_thuat,1,2,1,Lenovo,Workstation_Creative,32GB,1TB,40tr_60tr
ky_su,16.5,32,Asus,16GB,do_hoa_ky_thuat,2,9,3,Lenovo,Gaming,32GB,1TB,25tr_40tr
gamer_streamer,27.4,22,MSI,16GB,gaming,4,3,1,HP,Gaming,32GB,1TB,40tr_60tr
sinh_vien,7.2,21,Dell,8GB,van_phong_hoc_tap,2,6,2,Dell,Office_Student,8GB,512GB,duoi_15tr
gamer_streamer,59.7,22,MSI,16GB,gaming,3,6,2,Asus,Gaming,32GB,1TB,tren_60tr
gamer_streamer,29.5,19,Dell,16GB,gaming,1,12,4,Asus,Gaming,16GB,1TB,40tr_60tr
sinh_vien,4.5,20,Apple,16GB,van_phong_hoc_tap,1,5,2,Dell,Office_Student,8GB,512GB,duoi_15tr
designer,18.1,24,Apple,8GB,do_hoa_ky_thuat,2,3,1,Asus,Gaming,32GB,1TB,25tr_40tr
designer,37.3,22,Asus,8GB,do_hoa_ky_thuat,1,7,3,Asus,Workstation_Creative,16GB,1TB,40tr_60tr
gamer_streamer,19.0,19,Asus,16GB,gaming,1,11,4,Acer,Gaming,32GB,1TB,25tr_40tr
quan_ly_doanh_nhan,90.8,51,Asus,16GB,doanh_nhan_di_dong,2,3,1,Asus,Ultrabook_Business,16GB,512GB,tren_60tr
lap_trinh_vien,33.3,28,Dell,16GB,do_hoa_ky_thuat,2,11,4,Dell,Workstation_Creative,16GB,1TB,40tr_60tr
gamer_streamer,26.4,22,Acer,8GB,gaming,1,6,2,Acer,Gaming,16GB,1TB,40tr_60tr
freelancer_creator,16.9,24,HP,8GB,do_hoa_ky_thuat,2,12,4,HP,Gaming,16GB,1TB,25tr_40tr
lap_trinh_vien,38.1,31,Apple,16GB,do_hoa_ky_thuat,1,8,3,Asus,Workstation_Creative,16GB,1TB,40tr_60tr
giao_vien,12.6,38,Apple,16GB,van_phong_hoc_tap,3,12,4,HP,Office_Student,16GB,512GB,15tr_25tr
sinh_vien,3.0,20,Asus,8GB,gaming,1,2,1,Acer,Gaming,16GB,512GB,duoi_15tr
sinh_vien,5.5,19,Lenovo,32GB,van_phong_hoc_tap,3,11,4,Lenovo,Office_Student,8GB,512GB,duoi_15tr
quan_ly_doanh_nhan,99.2,53,Samsung,8GB,doanh_nhan_di_dong,1,9,3,Apple,Ultrabook_Business,16GB,512GB,tren_60tr
gamer_streamer,48.9,23,MSI,16GB,gaming,2,10,4,MSI,Gaming,32GB,1TB,tren_60tr
lap_trinh_vien,46.0,33,Dell,16GB,do_hoa_ky_thuat,1,3,1,Dell,Workstation_Creative,16GB,1TB,tren_60tr
lap_trinh_vien,33.1,30,HP,16GB,do_hoa_ky_thuat,1,6,2,Asus,Workstation_Creative,32GB,1TB,40tr_60tr
vp_ke_toan,14.2,35,Dell,16GB,van_phong_hoc_tap,2,1,1,Dell,Office_Student,16GB,512GB,15tr_25tr
freelancer_creator,29.3,31,Acer,16GB,do_hoa_ky_thuat,1,5,2,Asus,Workstation_Creative,16GB,1TB,40tr_60tr
vp_ke_toan,18.8,35,Asus,16GB,van_phong_hoc_tap,2,12,4,Asus,Office_Student,16GB,512GB,15tr_25tr
vp_ke_toan,19.8,42,HP,8GB,van_phong_hoc_tap,2,11,4,HP,Office_Student,16GB,512GB,15tr_25tr
gamer_streamer,20.0,27,MSI,8GB,gaming,2,10,4,MSI,Gaming,32GB,1TB,25tr_40tr
freelancer_creator,15.3,28,HP,8GB,do_hoa_ky_thuat,2,8,3,Asus,Gaming,32GB,1TB,25tr_40tr
quan_ly_doanh_nhan,52.9,48,Dell,8GB,doanh_nhan_di_dong,3,5,2,Dell,Ultrabook_Business,16GB,512GB,40tr_60tr
vp_ke_toan,10.4,30,Acer,8GB,van_phong_hoc_tap,2,6,2,Acer,Office_Student,16GB,512GB,15tr_25tr
vp_ke_toan,11.1,33,Dell,8GB,van_phong_hoc_tap,1,11,4,Dell,Office_Student,16GB,512GB,15tr_25tr
quan_ly_doanh_nhan,57.9,46,Apple,8GB,doanh_nhan_di_dong,1,10,4,Apple,Ultrabook_Business,16GB,512GB,40tr_60tr
vp_ke_toan,16.4,32,Dell,16GB,van_phong_hoc_tap,2,2,1,Dell,Office_Student,16GB,512GB,15tr_25tr
designer,27.2,26,Dell,16GB,do_hoa_ky_thuat,3,2,1,Dell,Workstation_Creative,32GB,1TB,40tr_60tr
giao_vien,9.4,30,Apple,32GB,van_phong_hoc_tap,4,8,3,HP,Office_Student,8GB,512GB,duoi_15tr
lap_trinh_vien,45.5,36,Dell,8GB,do_hoa_ky_thuat,3,10,4,Dell,Workstation_Creative,32GB,1TB,tren_60tr
gamer_streamer,10.9,21,Asus,32GB,gaming,2,2,1,MSI,Gaming,8GB,512GB,15tr_25tr
lap_trinh_vien,44.3,35,Apple,16GB,do_hoa_ky_thuat,2,4,2,Asus,Workstation_Creative,32GB,1TB,tren_60tr
vp_ke_toan,9.6,24,Asus,16GB,van_phong_hoc_tap,2,11,4,Asus,Office_Student,8GB,512GB,duoi_15tr
designer,23.3,32,Asus,8GB,do_hoa_ky_thuat,4,7,3,Asus,Workstation_Creative,32GB,1TB,25tr_40tr
ky_su,42.3,39,Dell,8GB,do_hoa_ky_thuat,2,6,2,Dell,Workstation_Creative,32GB,1TB,tren_60tr
lap_trinh_vien,23.4,29,Lenovo,32GB,do_hoa_ky_thuat,1,2,1,Lenovo,Workstation_Creative,16GB,1TB,40tr_60tr
sinh_vien,3.8,18,Dell,16GB,van_phong_hoc_tap,2,8,3,Dell,Office_Student,8GB,512GB,duoi_15tr
lap_trinh_vien,38.4,28,Lenovo,16GB,do_hoa_ky_thuat,1,11,4,Dell,Workstation_Creative,32GB,1TB,40tr_60tr
sinh_vien,4.2,21,Asus,16GB,gaming,3,5,2,Asus,Gaming,8GB,512GB,duoi_15tr
designer,31.7,26,Dell,16GB,do_hoa_ky_thuat,3,1,1,Dell,Workstation_Creative,16GB,1TB,40tr_60tr
sinh_vien,4.3,22,Acer,16GB,gaming,1,2,1,Acer,Gaming,16GB,512GB,duoi_15tr
sinh_vien,5.2,19,Asus,16GB,van_phong_hoc_tap,2,4,2,Asus,Office_Student,8GB,512GB,duoi_15tr
sinh_vien,6.9,18,Dell,32GB,gaming,1,10,4,Asus,Gaming,16GB,512GB,15tr_25tr
quan_ly_doanh_nhan,76.3,42,Dell,16GB,doanh_nhan_di_dong,3,12,4,Dell,Ultrabook_Business,16GB,512GB,tren_60tr
sinh_vien,4.5,21,Lenovo,8GB,gaming,2,2,1,Lenovo,Gaming,8GB,512GB,duoi_15tr
lap_trinh_vien,19.0,36,HP,32GB,do_hoa_ky_thuat,1,4,2,Lenovo,Gaming,16GB,1TB,25tr_40tr
lap_trinh_vien,40.9,36,Lenovo,8GB,do_hoa_ky_thuat,1,4,2,Dell,Workstation_Creative,16GB,1TB,tren_60tr
sinh_vien,5.2,22,Lenovo,8GB,van_phong_hoc_tap,1,2,1,Lenovo,Office_Student,8GB,512GB,duoi_15tr
vp_ke_toan,10.9,37,Acer,32GB,van_phong_hoc_tap,2,4,2,Dell,Office_Student,16GB,512GB,15tr_25tr
ky_su,29.7,33,Lenovo,8GB,do_hoa_ky_thuat,2,5,2,Lenovo,Workstation_Creative,32GB,1TB,40tr_60tr
gamer_streamer,43.7,19,Asus,16GB,gaming,3,12,4,Asus,Gaming,32GB,1TB,tren_60tr
gamer_streamer,43.6,27,Acer,32GB,gaming,1,8,3,Acer,Gaming,16GB,1TB,tren_60tr
lap_trinh_vien,22.2,27,Dell,8GB,do_hoa_ky_thuat,1,6,2,Dell,Workstation_Creative,32GB,1TB,25tr_40tr
lap_trinh_vien,42.8,26,Apple,16GB,do_hoa_ky_thuat,2,3,1,Apple,Workstation_Creative,32GB,1TB,tren_60tr
freelancer_creator,30.2,24,Dell,16GB,do_hoa_ky_thuat,1,12,4,Dell,Workstation_Creative,32GB,1TB,40tr_60tr
giao_vien,16.9,25,Dell,16GB,van_phong_hoc_tap,4,1,1,Dell,Office_Student,16GB,512GB,15tr_25tr
quan_ly_doanh_nhan,60.1,33,Dell,16GB,doanh_nhan_di_dong,3,1,1,Dell,Ultrabook_Business,16GB,512GB,tren_60tr
vp_ke_toan,18.0,23,Apple,8GB,van_phong_hoc_tap,2,1,1,Dell,Office_Student,16GB,512GB,15tr_25tr
lap_trinh_vien,27.8,30,Lenovo,16GB,do_hoa_ky_thuat,2,10,4,Lenovo,Workstation_Creative,32GB,1TB,40tr_60tr
sinh_vien,7.3,20,Dell,8GB,van_phong_hoc_tap,2,6,2,Dell,Office_Student,8GB,512GB,duoi_15tr
lap_trinh_vien,38.2,32,Lenovo,16GB,do_hoa_ky_thuat,2,5,2,Lenovo,Workstation_Creative,16GB,1TB,40tr_60tr
sinh_vien,6.0,19,Dell,8GB,van_phong_hoc_tap,1,5,2,Dell,Office_Student,8GB,512GB,duoi_15tr
freelancer_creator,31.5,30,Dell,32GB,do_hoa_ky_thuat,3,7,3,Dell,Workstation_Creative,16GB,1TB,40tr_60tr
sinh_vien,3.7,19,Dell,8GB,van_phong_hoc_tap,2,8,3,Dell,Office_Student,8GB,512GB,duoi_15tr
sinh_vien,2.6,21,Asus,8GB,gaming,1,3,1,Asus,Gaming,8GB,512GB,duoi_15tr
sinh_vien,7.6,21,Lenovo,8GB,van_phong_hoc_tap,1,7,3,Lenovo,Office_Student,8GB,512GB,duoi_15tr
gamer_streamer,21.3,19,HP,16GB,gaming,2,11,4,Acer,Gaming,32GB,1TB,25tr_40tr
vp_ke_toan,19.1,44,Lenovo,16GB,van_phong_hoc_tap,1,5,2,Asus,Office_Student,16GB,512GB,15tr_25tr
giao_vien,12.2,39,Lenovo,32GB,van_phong_hoc_tap,1,1,1,Lenovo,Office_Student,16GB,512GB,15tr_25tr
quan_ly_doanh_nhan,93.3,37,Lenovo,16GB,doanh_nhan_di_dong,2,11,4,Lenovo,Ultrabook_Business,16GB,512GB,tren_60tr
designer,39.5,22,Acer,8GB,do_hoa_ky_thuat,2,1,1,Dell,Workstation_Creative,32GB,1TB,40tr_60tr
vp_ke_toan,8.9,31,Asus,32GB,van_phong_hoc_tap,1,12,4,Asus,Office_Student,8GB,512GB,duoi_15tr
giao_vien,13.2,43,HP,16GB,van_phong_hoc_tap,2,2,1,HP,Office_Student,16GB,512GB,15tr_25tr
freelancer_creator,22.6,24,Lenovo,16GB,do_hoa_ky_thuat,1,4,2,Lenovo,Workstation_Creative,32GB,1TB,25tr_40tr
designer,21.1,26,Asus,8GB,do_hoa_ky_thuat,1,12,4,HP,Workstation_Creative,32GB,1TB,25tr_40tr
sinh_vien,2.9,19,Asus,32GB,gaming,1,11,4,Asus,Gaming,8GB,512GB,duoi_15tr
gamer_streamer,55.6,21,Acer,8GB,gaming,1,2,1,Acer,Gaming,32GB,1TB,tren_60tr
giao_vien,17.5,43,Dell,16GB,van_phong_hoc_tap,1,11,4,Dell,Office_Student,16GB,512GB,15tr_25tr
sinh_vien,5.2,19,Lenovo,16GB,gaming,3,9,3,Samsung,Gaming,16GB,512GB,duoi_15tr
quan_ly_doanh_nhan,26.0,48,Lenovo,16GB,doanh_nhan_di_dong,2,4,2,Lenovo,Ultrabook_Business,16GB,512GB,25tr_40tr
lap_trinh_vien,28.2,30,Apple,32GB,do_hoa_ky_thuat,3,3,1,Apple,Workstation_Creative,32GB,1TB,40tr_60tr
sinh_vien,3.1,21,Acer,8GB,van_phong_hoc_tap,1,3,1,Acer,Office_Student,8GB,512GB,duoi_15tr
freelancer_creator,30.0,23,Lenovo,8GB,do_hoa_ky_thuat,3,10,4,Lenovo,Workstation_Creative,32GB,1TB,40tr_60tr
lap_trinh_vien,31.3,33,Dell,8GB,do_hoa_ky_thuat,2,3,1,Dell,Workstation_Creative,32GB,1TB,40tr_60tr
quan_ly_doanh_nhan,42.5,53,Asus,16GB,doanh_nhan_di_dong,2,7,3,Asus,Ultrabook_Business,16GB,512GB,40tr_60tr
ky_su,28.1,32,HP,16GB,do_hoa_ky_thuat,2,1,1,Lenovo,Workstation_Creative,32GB,1TB,40tr_60tr
quan_ly_doanh_nhan,51.1,51,Lenovo,16GB,doanh_nhan_di_dong,3,4,2,Lenovo,Ultrabook_Business,16GB,512GB,40tr_60tr
quan_ly_doanh_nhan,51.2,54,HP,16GB,doanh_nhan_di_dong,4,5,2,HP,Ultrabook_Business,16GB,512GB,40tr_60tr
ky_su,47.6,37,HP,8GB,do_hoa_ky_thuat,2,3,1,Asus,Workstation_Creative,16GB,1TB,tren_60tr
vp_ke_toan,16.9,23,HP,16GB,van_phong_hoc_tap,1,1,1,Dell,Office_Student,16GB,512GB,15tr_25tr
gamer_streamer,59.1,29,Acer,8GB,gaming,4,2,1,Acer,Gaming,32GB,1TB,tren_60tr
lap_trinh_vien,26.4,30,Dell,8GB,do_hoa_ky_thuat,1,12,4,Asus,Workstation_Creative,16GB,1TB,40tr_60tr
sinh_vien,6.3,19,Acer,8GB,gaming,1,10,4,Acer,Gaming,16GB,512GB,duoi_15tr
lap_trinh_vien,47.4,31,Lenovo,16GB,do_hoa_ky_thuat,1,4,2,Lenovo,Workstation_Creative,16GB,1TB,tren_60tr
sinh_vien,7.2,22,Asus,8GB,gaming,2,5,2,Asus,Gaming,8GB,512GB,15tr_25tr
designer,35.2,25,Apple,16GB,do_hoa_ky_thuat,3,9,3,Apple,Workstation_Creative,32GB,1TB,40tr_60tr
vp_ke_toan,13.6,27,Lenovo,16GB,van_phong_hoc_tap,1,8,3,Acer,Office_Student,16GB,512GB,15tr_25tr
vp_ke_toan,17.6,35,HP,8GB,van_phong_hoc_tap,1,2,1,HP,Office_Student,16GB,512GB,15tr_25tr
sinh_vien,4.6,19,Asus,8GB,gaming,1,10,4,Asus,Gaming,16GB,512GB,duoi_15tr
freelancer_creator,16.2,25,HP,8GB,do_hoa_ky_thuat,1,6,2,HP,Gaming,32GB,1TB,25tr_40tr
quan_ly_doanh_nhan,67.4,41,Dell,16GB,doanh_nhan_di_dong,3,1,1,Dell,Ultrabook_Business,16GB,512GB,tren_60tr
sinh_vien,7.2,18,HP,32GB,van_phong_hoc_tap,3,4,2,HP,Office_Student,8GB,512GB,duoi_15tr
designer,35.2,30,HP,32GB,do_hoa_ky_thuat,3,4,2,Lenovo,Workstation_Creative,16GB,1TB,40tr_60tr
lap_trinh_vien,35.1,22,Dell,16GB,do_hoa_ky_thuat,3,9,3,Lenovo,Workstation_Creative,16GB,1TB,40tr_60tr
gamer_streamer,28.4,24,Acer,16GB,gaming,4,2,1,HP,Gaming,32GB,1TB,40tr_60tr
freelancer_creator,29.2,31,HP,8GB,do_hoa_ky_thuat,2,12,4,Apple,Workstation_Creative,16GB,1TB,40tr_60tr
ky_su,22.4,23,Dell,8GB,do_hoa_ky_thuat,1,2,1,Dell,Workstation_Creative,16GB,1TB,25tr_40tr
sinh_vien,5.3,21,HP,8GB,van_phong_hoc_tap,1,5,2,HP,Office_Student,8GB,512GB,duoi_15tr
sinh_vien,2.4,20,Lenovo,16GB,van_phong_hoc_tap,2,1,1,Lenovo,Office_Student,8GB,512GB,duoi_15tr
gamer_streamer,15.3,24,MSI,16GB,gaming,1,6,2,MSI,Gaming,32GB,1TB,25tr_40tr
vp_ke_toan,19.9,31,Acer,8GB,van_phong_hoc_tap,3,3,1,Lenovo,Office_Student,16GB,512GB,15tr_25tr
designer,26.8,27,Apple,32GB,do_hoa_ky_thuat,2,4,2,Apple,Workstation_Creative,16GB,1TB,40tr_60tr
vp_ke_toan,15.8,28,Acer,8GB,van_phong_hoc_tap,2,4,2,Asus,Office_Student,16GB,512GB,15tr_25tr
quan_ly_doanh_nhan,77.9,31,HP,8GB,doanh_nhan_di_dong,1,1,1,HP,Ultrabook_Business,16GB,512GB,tren_60tr
vp_ke_toan,17.7,39,Asus,32GB,van_phong_hoc_tap,3,5,2,Asus,Office_Student,16GB,512GB,15tr_25tr
sinh_vien,7.6,21,Asus,8GB,gaming,1,6,2,Asus,Gaming,16GB,512GB,15tr_25tr
sinh_vien,3.0,18,Asus,8GB,gaming,1,2,1,Asus,Gaming,16GB,512GB,duoi_15tr
lap_trinh_vien,18.9,25,Lenovo,16GB,do_hoa_ky_thuat,1,10,4,Lenovo,Gaming,16GB,1TB,25tr_40tr
designer,30.5,23,Lenovo,8GB,do_hoa_ky_thuat,1,2,1,Lenovo,Workstation_Creative,32GB,1TB,40tr_60tr
quan_ly_doanh_nhan,69.6,42,Dell,16GB,doanh_nhan_di_dong,2,2,1,Dell,Ultrabook_Business,16GB,512GB,tren_60tr
lap_trinh_vien,34.7,39,Lenovo,32GB,do_hoa_ky_thuat,4,12,4,Dell,Workstation_Creative,32GB,1TB,40tr_60tr
lap_trinh_vien,24.6,31,Apple,16GB,do_hoa_ky_thuat,1,4,2,Apple,Workstation_Creative,32GB,1TB,40tr_60tr
lap_trinh_vien,27.8,25,Lenovo,32GB,do_hoa_ky_thuat,2,12,4,Lenovo,Workstation_Creative,16GB,1TB,40tr_60tr
giao_vien,18.8,38,Lenovo,8GB,van_phong_hoc_tap,1,1,1,Dell,Office_Student,16GB,512GB,15tr_25tr
sinh_vien,2.9,20,Acer,16GB,gaming,1,11,4,Lenovo,Gaming,8GB,512GB,duoi_15tr
vp_ke_toan,11.6,25,Lenovo,16GB,van_phong_hoc_tap,1,4,2,HP,Office_Student,16GB,512GB,15tr_25tr
lap_trinh_vien,47.7,30,Dell,16GB,do_hoa_ky_thuat,3,8,3,Dell,Workstation_Creative,32GB,1TB,tren_60tr
gamer_streamer,10.2,20,Asus,8GB,gaming,4,7,3,MSI,Gaming,16GB,512GB,15tr_25tr
lap_trinh_vien,42.5,23,Lenovo,8GB,do_hoa_ky_thuat,1,11,4,Lenovo,Workstation_Creative,32GB,1TB,tren_60tr
sinh_vien,5.0,20,Asus,8GB,gaming,1,3,1,Acer,Gaming,8GB,512GB,duoi_15tr
quan_ly_doanh_nhan,42.5,44,Dell,16GB,doanh_nhan_di_dong,1,8,3,Dell,Ultrabook_Business,16GB,512GB,40tr_60tr
sinh_vien,7.6,20,Dell,16GB,van_phong_hoc_tap,1,11,4,Dell,Office_Student,8GB,512GB,duoi_15tr
designer,23.0,29,Lenovo,8GB,do_hoa_ky_thuat,1,7,3,Lenovo,Workstation_Creative,16GB,1TB,25tr_40tr
vp_ke_toan,17.0,24,HP,16GB,van_phong_hoc_tap,2,4,2,Lenovo,Office_Student,16GB,512GB,15tr_25tr
gamer_streamer,31.3,25,Dell,16GB,gaming,2,8,3,Lenovo,Gaming,16GB,1TB,40tr_60tr
designer,19.5,24,Apple,16GB,do_hoa_ky_thuat,1,10,4,Asus,Gaming,32GB,1TB,25tr_40tr
sinh_vien,5.8,22,Dell,8GB,van_phong_hoc_tap,1,1,1,Dell,Office_Student,8GB,512GB,duoi_15tr
sinh_vien,5.4,22,Acer,8GB,gaming,1,12,4,Asus,Gaming,16GB,512GB,duoi_15tr
gamer_streamer,37.4,26,HP,16GB,gaming,1,3,1,Acer,Gaming,32GB,1TB,40tr_60tr
ky_su,36.7,30,Lenovo,16GB,do_hoa_ky_thuat,1,7,3,Apple,Workstation_Creative,16GB,1TB,40tr_60tr
lap_trinh_vien,40.6,34,Asus,16GB,do_hoa_ky_thuat,1,6,2,Asus,Workstation_Creative,32GB,1TB,tren_60tr
vp_ke_toan,10.5,24,Lenovo,16GB,van_phong_hoc_tap,1,12,4,Lenovo,Office_Student,16GB,512GB,15tr_25tr
lap_trinh_vien,24.0,34,Dell,16GB,do_hoa_ky_thuat,1,5,2,Asus,Workstation_Creative,16GB,1TB,40tr_60tr
vp_ke_toan,13.8,37,Asus,16GB,van_phong_hoc_tap,3,12,4,Lenovo,Office_Student,16GB,512GB,15tr_25tr
sinh_vien,2.2,18,Asus,8GB,gaming,2,7,3,Asus,Gaming,8GB,512GB,duoi_15tr
sinh_vien,3.8,22,Asus,8GB,gaming,4,8,3,Asus,Gaming,8GB,512GB,duoi_15tr
freelancer_creator,37.9,31,Dell,32GB,do_hoa_ky_thuat,3,12,4,Lenovo,Workstation_Creative,16GB,1TB,40tr_60tr
sinh_vien,2.1,18,Asus,16GB,van_phong_hoc_tap,1,1,1,Asus,Office_Student,8GB,512GB,duoi_15tr
sinh_vien,6.1,20,HP,8GB,gaming,2,8,3,HP,Gaming,16GB,512GB,duoi_15tr
vp_ke_toan,16.2,31,Dell,32GB,van_phong_hoc_tap,1,8,3,Dell,Office_Student,16GB,512GB,15tr_25tr
sinh_vien,7.6,19,Lenovo,32GB,gaming,1,5,2,Lenovo,Gaming,16GB,512GB,15tr_25tr
giao_vien,11.2,29,Dell,16GB,van_phong_hoc_tap,2,5,2,Acer,Office_Student,16GB,512GB,15tr_25tr
lap_trinh_vien,25.4,34,Dell,16GB,do_hoa_ky_thuat,1,11,4,Dell,Workstation_Creative,16GB,1TB,40tr_60tr
sinh_vien,2.8,22,Asus,8GB,gaming,1,3,1,Asus,Gaming,16GB,512GB,duoi_15tr
sinh_vien,3.7,19,Dell,16GB,van_phong_hoc_tap,1,5,2,Acer,Office_Student,8GB,512GB,duoi_15tr
vp_ke_toan,9.8,40,Dell,8GB,van_phong_hoc_tap,1,12,4,Dell,Office_Student,8GB,512GB,duoi_15tr
freelancer_creator,28.1,34,Lenovo,8GB,do_hoa_ky_thuat,2,12,4,Lenovo,Workstation_Creative,16GB,1TB,40tr_60tr
lap_trinh_vien,28.5,27,Lenovo,16GB,do_hoa_ky_thuat,3,6,2,Lenovo,Workstation_Creative,16GB,1TB,40tr_60tr
gamer_streamer,27.6,24,MSI,16GB,gaming,2,6,2,MSI,Gaming,32GB,1TB,40tr_60tr
lap_trinh_vien,36.3,36,Lenovo,16GB,do_hoa_ky_thuat,3,10,4,Lenovo,Workstation_Creative,16GB,1TB,40tr_60tr
designer,37.3,22,Samsung,8GB,do_hoa_ky_thuat,2,5,2,Apple,Workstation_Creative,32GB,1TB,40tr_60tr
sinh_vien,6.8,19,Dell,8GB,van_phong_hoc_tap,1,6,2,Dell,Office_Student,8GB,512GB,duoi_15tr
quan_ly_doanh_nhan,84.4,42,Dell,16GB,doanh_nhan_di_dong,1,10,4,Lenovo,Ultrabook_Business,16GB,512GB,tren_60tr
lap_trinh_vien,39.6,27,Dell,8GB,do_hoa_ky_thuat,1,2,1,Lenovo,Workstation_Creative,16GB,1TB,40tr_60tr
freelancer_creator,35.0,25,Asus,16GB,do_hoa_ky_thuat,1,2,1,Asus,Workstation_Creative,16GB,1TB,40tr_60tr
designer,13.0,32,Apple,8GB,do_hoa_ky_thuat,2,2,1,MSI,Gaming,16GB,512GB,15tr_25tr
freelancer_creator,35.5,24,Dell,8GB,do_hoa_ky_thuat,4,2,1,Dell,Workstation_Creative,16GB,1TB,40tr_60tr
sinh_vien,3.7,22,Lenovo,32GB,van_phong_hoc_tap,1,12,4,Lenovo,Office_Student,8GB,512GB,duoi_15tr
lap_trinh_vien,48.8,23,Apple,8GB,do_hoa_ky_thuat,2,8,3,Dell,Workstation_Creative,16GB,1TB,tren_60tr
sinh_vien,2.9,22,Asus,16GB,van_phong_hoc_tap,2,6,2,Asus,Office_Student,8GB,512GB,duoi_15tr
vp_ke_toan,15.1,44,HP,16GB,van_phong_hoc_tap,4,11,4,HP,Office_Student,16GB,512GB,15tr_25tr
gamer_streamer,42.3,25,Asus,8GB,gaming,2,8,3,Acer,Gaming,32GB,1TB,tren_60tr
vp_ke_toan,10.8,26,Lenovo,16GB,van_phong_hoc_tap,1,4,2,Dell,Office_Student,16GB,512GB,15tr_25tr
sinh_vien,7.0,18,MSI,8GB,gaming,2,8,3,MSI,Gaming,16GB,512GB,15tr_25tr
giao_vien,17.0,41,Dell,32GB,van_phong_hoc_tap,1,11,4,Dell,Office_Student,16GB,512GB,15tr_25tr
ky_su,48.1,35,Acer,16GB,do_hoa_ky_thuat,1,3,1,Lenovo,Workstation_Creative,32GB,1TB,tren_60tr
gamer_streamer,58.9,26,Asus,16GB,gaming,4,3,1,Lenovo,Gaming,16GB,1TB,tren_60tr
giao_vien,11.6,28,HP,16GB,van_phong_hoc_tap,2,4,2,HP,Office_Student,16GB,512GB,15tr_25tr
vp_ke_toan,13.1,31,Lenovo,8GB,van_phong_hoc_tap,1,10,4,Lenovo,Office_Student,16GB,512GB,15tr_25tr
designer,35.8,31,Apple,16GB,do_hoa_ky_thuat,2,4,2,Apple,Workstation_Creative,32GB,1TB,40tr_60tr
lap_trinh_vien,16.2,27,Apple,16GB,do_hoa_ky_thuat,1,2,1,MSI,Gaming,32GB,1TB,25tr_40tr
lap_trinh_vien,16.6,26,Acer,16GB,do_hoa_ky_thuat,3,1,1,Acer,Gaming,32GB,1TB,25tr_40tr
freelancer_creator,33.8,28,Dell,8GB,do_hoa_ky_thuat,2,10,4,Dell,Workstation_Creative,32GB,1TB,40tr_60tr
vp_ke_toan,15.1,28,HP,16GB,van_phong_hoc_tap,1,7,3,HP,Office_Student,16GB,512GB,15tr_25tr
quan_ly_doanh_nhan,85.3,50,Apple,16GB,doanh_nhan_di_dong,1,8,3,Apple,Ultrabook_Business,16GB,512GB,tren_60tr
sinh_vien,7.4,21,Asus,32GB,van_phong_hoc_tap,2,6,2,Asus,Office_Student,8GB,512GB,duoi_15tr
lap_trinh_vien,18.8,25,Lenovo,16GB,do_hoa_ky_thuat,2,9,3,Lenovo,Gaming,16GB,1TB,25tr_40tr
giao_vien,12.7,39,Asus,8GB,van_phong_hoc_tap,2,11,4,Asus,Office_Student,16GB,512GB,15tr_25tr
sinh_vien,2.3,18,HP,16GB,van_phong_hoc_tap,1,7,3,Acer,Office_Student,8GB,512GB,duoi_15tr
ky_su,29.5,24,Acer,16GB,do_hoa_ky_thuat,2,10,4,Dell,Workstation_Creative,32GB,1TB,40tr_60tr
quan_ly_doanh_nhan,72.2,35,Apple,8GB,doanh_nhan_di_dong,2,11,4,Apple,Ultrabook_Business,16GB,512GB,tren_60tr
vp_ke_toan,17.5,43,Lenovo,16GB,van_phong_hoc_tap,2,6,2,HP,Office_Student,16GB,512GB,15tr_25tr
designer,15.8,23,Dell,16GB,do_hoa_ky_thuat,3,1,1,Asus,Gaming,16GB,1TB,25tr_40tr
designer,20.8,23,Lenovo,8GB,do_hoa_ky_thuat,1,3,1,Lenovo,Workstation_Creative,16GB,1TB,25tr_40tr
giao_vien,17.6,29,Apple,8GB,van_phong_hoc_tap,1,5,2,Dell,Office_Student,16GB,512GB,15tr_25tr
sinh_vien,5.6,21,Dell,8GB,van_phong_hoc_tap,4,7,3,Acer,Office_Student,8GB,512GB,duoi_15tr
designer,12.6,32,Apple,16GB,do_hoa_ky_thuat,3,9,3,Asus,Gaming,16GB,512GB,15tr_25tr
freelancer_creator,22.4,29,Dell,16GB,do_hoa_ky_thuat,2,4,2,Asus,Workstation_Creative,16GB,1TB,25tr_40tr
sinh_vien,5.4,18,Acer,8GB,gaming,4,8,3,Asus,Gaming,16GB,512GB,duoi_15tr
vp_ke_toan,18.1,29,Asus,8GB,van_phong_hoc_tap,1,2,1,Asus,Office_Student,16GB,512GB,15tr_25tr
designer,19.1,27,Dell,8GB,do_hoa_ky_thuat,1,3,1,MSI,Gaming,32GB,1TB,25tr_40tr
sinh_vien,2.9,22,Dell,16GB,van_phong_hoc_tap,1,12,4,Dell,Office_Student,8GB,512GB,duoi_15tr
gamer_streamer,20.3,29,Lenovo,8GB,gaming,2,6,2,Lenovo,Gaming,16GB,1TB,25tr_40tr
sinh_vien,4.5,21,MSI,16GB,gaming,1,4,2,MSI,Gaming,8GB,512GB,duoi_15tr
gamer_streamer,36.5,19,Lenovo,16GB,gaming,1,10,4,MSI,Gaming,32GB,1TB,40tr_60tr
designer,38.8,25,Apple,8GB,do_hoa_ky_thuat,2,6,2,Apple,Workstation_Creative,32GB,1TB,40tr_60tr
gamer_streamer,22.3,18,Asus,16GB,gaming,2,9,3,HP,Gaming,32GB,1TB,25tr_40tr
vp_ke_toan,15.9,32,Asus,32GB,van_phong_hoc_tap,1,5,2,Asus,Office_Student,16GB,512GB,15tr_25tr
sinh_vien,6.2,21,Asus,16GB,van_phong_hoc_tap,3,11,4,HP,Office_Student,8GB,512GB,duoi_15tr
lap_trinh_vien,40.1,32,Acer,16GB,do_hoa_ky_thuat,2,4,2,Lenovo,Workstation_Creative,16GB,1TB,tren_60tr
lap_trinh_vien,28.3,33,Dell,8GB,do_hoa_ky_thuat,1,12,4,Dell,Workstation_Creative,32GB,1TB,40tr_60tr
lap_trinh_vien,25.0,27,Apple,8GB,do_hoa_ky_thuat,1,6,2,Apple,Workstation_Creative,32GB,1TB,40tr_60tr
vp_ke_toan,16.7,42,HP,8GB,van_phong_hoc_tap,2,2,1,HP,Office_Student,16GB,512GB,15tr_25tr
sinh_vien,2.4,19,HP,8GB,van_phong_hoc_tap,1,3,1,HP,Office_Student,8GB,512GB,duoi_15tr
lap_trinh_vien,27.8,32,Apple,16GB,do_hoa_ky_thuat,1,4,2,Apple,Workstation_Creative,16GB,1TB,40tr_60tr
sinh_vien,2.7,18,Dell,16GB,van_phong_hoc_tap,1,7,3,Dell,Office_Student,8GB,512GB,duoi_15tr
quan_ly_doanh_nhan,79.0,42,Dell,16GB,doanh_nhan_di_dong,3,7,3,Dell,Ultrabook_Business,16GB,512GB,tren_60tr
lap_trinh_vien,34.4,35,Dell,32GB,do_hoa_ky_thuat,2,5,2,Dell,Workstation_Creative,32GB,1TB,40tr_60tr
designer,29.7,28,Asus,8GB,do_hoa_ky_thuat,1,7,3,Asus,Workstation_Creative,16GB,1TB,40tr_60tr
vp_ke_toan,14.3,32,Dell,16GB,van_phong_hoc_tap,1,7,3,Dell,Office_Student,16GB,512GB,15tr_25tr
quan_ly_doanh_nhan,96.0,48,Dell,16GB,doanh_nhan_di_dong,1,12,4,Lenovo,Ultrabook_Business,16GB,512GB,tren_60tr
sinh_vien,2.0,18,HP,16GB,van_phong_hoc_tap,4,2,1,Dell,Office_Student,8GB,512GB,duoi_15tr
designer,15.0,23,HP,16GB,do_hoa_ky_thuat,1,11,4,Asus,Gaming,16GB,1TB,25tr_40tr
ky_su,18.4,35,Dell,8GB,do_hoa_ky_thuat,1,1,1,Lenovo,Gaming,32GB,1TB,25tr_40tr
designer,26.6,24,Dell,8GB,do_hoa_ky_thuat,2,9,3,Acer,Workstation_Creative,16GB,1TB,40tr_60tr
designer,39.0,31,Apple,16GB,do_hoa_ky_thuat,4,11,4,Lenovo,Workstation_Creative,32GB,1TB,40tr_60tr
sinh_vien,2.3,19,Dell,8GB,van_phong_hoc_tap,1,4,2,Dell,Office_Student,8GB,512GB,duoi_15tr
vp_ke_toan,9.8,41,HP,16GB,van_phong_hoc_tap,1,1,1,Acer,Office_Student,8GB,512GB,duoi_15tr
sinh_vien,5.6,19,Asus,16GB,gaming,3,2,1,Acer,Gaming,16GB,512GB,duoi_15tr
vp_ke_toan,18.1,32,Lenovo,16GB,van_phong_hoc_tap,3,4,2,Lenovo,Office_Student,16GB,512GB,15tr_25tr
vp_ke_toan,8.4,37,HP,32GB,van_phong_hoc_tap,3,10,4,HP,Office_Student,8GB,512GB,duoi_15tr
lap_trinh_vien,33.1,32,Apple,16GB,do_hoa_ky_thuat,2,8,3,Apple,Workstation_Creative,16GB,1TB,40tr_60tr
quan_ly_doanh_nhan,78.9,51,Apple,16GB,doanh_nhan_di_dong,2,1,1,HP,Ultrabook_Business,16GB,512GB,tren_60tr
lap_trinh_vien,48.5,37,Dell,8GB,do_hoa_ky_thuat,3,11,4,Lenovo,Workstation_Creative,32GB,1TB,tren_60tr
sinh_vien,3.8,21,HP,16GB,van_phong_hoc_tap,2,12,4,Asus,Office_Student,8GB,512GB,duoi_15tr
designer,31.1,23,Apple,8GB,do_hoa_ky_thuat,1,9,3,Apple,Workstation_Creative,16GB,1TB,40tr_60tr
designer,14.1,27,Lenovo,16GB,do_hoa_ky_thuat,2,11,4,Acer,Gaming,32GB,1TB,25tr_40tr
lap_trinh_vien,24.3,22,Asus,16GB,do_hoa_ky_thuat,1,7,3,Asus,Workstation_Creative,32GB,1TB,40tr_60tr
gamer_streamer,33.8,29,Acer,16GB,gaming,2,12,4,Acer,Gaming,16GB,1TB,40tr_60tr
quan_ly_doanh_nhan,62.5,42,HP,16GB,doanh_nhan_di_dong,1,7,3,HP,Ultrabook_Business,16GB,512GB,tren_60tr
sinh_vien,7.0,19,Dell,16GB,van_phong_hoc_tap,1,6,2,Dell,Office_Student,8GB,512GB,duoi_15tr
designer,25.7,34,Apple,16GB,do_hoa_ky_thuat,3,3,1,Apple,Workstation_Creative,32GB,1TB,40tr_60tr
sinh_vien,5.2,18,Asus,8GB,gaming,2,2,1,Asus,Gaming,16GB,512GB,duoi_15tr
sinh_vien,7.8,20,Apple,16GB,van_phong_hoc_tap,1,11,4,HP,Office_Student,8GB,512GB,duoi_15tr
sinh_vien,4.2,22,Asus,32GB,van_phong_hoc_tap,2,4,2,Asus,Office_Student,8GB,512GB,duoi_15tr
sinh_vien,5.6,19,Dell,8GB,gaming,2,1,1,Lenovo,Gaming,16GB,512GB,duoi_15tr
gamer_streamer,58.4,29,Lenovo,8GB,gaming,2,6,2,Lenovo,Gaming,32GB,1TB,tren_60tr
vp_ke_toan,15.0,39,HP,16GB,van_phong_hoc_tap,2,3,1,Lenovo,Office_Student,16GB,512GB,15tr_25tr
designer,38.6,33,Dell,16GB,do_hoa_ky_thuat,1,4,2,Acer,Workstation_Creative,16GB,1TB,40tr_60tr
freelancer_creator,36.4,30,Dell,16GB,do_hoa_ky_thuat,2,12,4,Apple,Workstation_Creative,16GB,1TB,40tr_60tr
gamer_streamer,47.2,24,Acer,8GB,gaming,3,1,1,MSI,Gaming,16GB,1TB,tren_60tr
designer,35.3,30,Samsung,16GB,do_hoa_ky_thuat,1,11,4,Dell,Workstation_Creative,16GB,1TB,40tr_60tr
vp_ke_toan,11.2,24,HP,16GB,van_phong_hoc_tap,2,10,4,HP,Office_Student,16GB,512GB,15tr_25tr
designer,30.8,33,Dell,16GB,do_hoa_ky_thuat,2,4,2,Dell,Workstation_Creative,32GB,1TB,40tr_60tr
designer,38.3,28,Apple,16GB,do_hoa_ky_thuat,2,3,1,Apple,Workstation_Creative,16GB,1TB,40tr_60tr
gamer_streamer,58.5,27,Acer,16GB,gaming,1,6,2,Acer,Gaming,16GB,1TB,tren_60tr
ky_su,36.7,34,Dell,8GB,do_hoa_ky_thuat,1,2,1,Dell,Workstation_Creative,32GB,1TB,40tr_60tr
gamer_streamer,14.0,25,Dell,32GB,gaming,2,11,4,Acer,Gaming,16GB,1TB,25tr_40tr
lap_trinh_vien,26.6,37,Dell,16GB,do_hoa_ky_thuat,2,7,3,Dell,Workstation_Creative,32GB,1TB,40tr_60tr
designer,39.4,32,Dell,16GB,do_hoa_ky_thuat,2,1,1,Asus,Workstation_Creative,16GB,1TB,40tr_60tr
lap_trinh_vien,23.7,32,Lenovo,16GB,do_hoa_ky_thuat,1,6,2,Lenovo,Workstation_Creative,16GB,1TB,40tr_60tr
sinh_vien,2.7,18,Lenovo,16GB,van_phong_hoc_tap,3,2,1,Dell,Office_Student,8GB,512GB,duoi_15tr
lap_trinh_vien,36.7,26,Asus,16GB,do_hoa_ky_thuat,2,10,4,Asus,Workstation_Creative,32GB,1TB,40tr_60tr
sinh_vien,6.5,20,Dell,8GB,van_phong_hoc_tap,2,11,4,Dell,Office_Student,8GB,512GB,duoi_15tr
lap_trinh_vien,27.1,32,Asus,16GB,do_hoa_ky_thuat,1,10,4,Asus,Workstation_Creative,16GB,1TB,40tr_60tr
vp_ke_toan,10.1,35,Asus,32GB,van_phong_hoc_tap,1,3,1,Dell,Office_Student,16GB,512GB,15tr_25tr
vp_ke_toan,11.8,32,Lenovo,16GB,van_phong_hoc_tap,1,7,3,Lenovo,Office_Student,16GB,512GB,15tr_25tr
vp_ke_toan,8.1,34,Asus,16GB,van_phong_hoc_tap,1,9,3,Asus,Office_Student,8GB,512GB,duoi_15tr
giao_vien,9.2,29,Dell,8GB,van_phong_hoc_tap,4,6,2,Dell,Office_Student,8GB,512GB,duoi_15tr
designer,20.0,22,Apple,8GB,do_hoa_ky_thuat,1,1,1,Lenovo,Gaming,16GB,1TB,25tr_40tr
designer,21.1,31,Apple,8GB,do_hoa_ky_thuat,3,1,1,Apple,Workstation_Creative,32GB,1TB,25tr_40tr
quan_ly_doanh_nhan,69.1,34,Asus,8GB,doanh_nhan_di_dong,2,4,2,Asus,Ultrabook_Business,16GB,512GB,tren_60tr
sinh_vien,3.5,21,Dell,32GB,van_phong_hoc_tap,2,4,2,Dell,Office_Student,8GB,512GB,duoi_15tr
lap_trinh_vien,47.7,29,Lenovo,8GB,do_hoa_ky_thuat,2,9,3,Apple,Workstation_Creative,16GB,1TB,tren_60tr
lap_trinh_vien,48.5,35,HP,8GB,do_hoa_ky_thuat,1,7,3,Apple,Workstation_Creative,32GB,1TB,tren_60tr
designer,21.9,33,Lenovo,16GB,do_hoa_ky_thuat,3,9,3,Lenovo,Workstation_Creative,32GB,1TB,25tr_40tr
designer,30.7,25,HP,16GB,do_hoa_ky_thuat,4,3,1,Asus,Workstation_Creative,32GB,1TB,40tr_60tr
vp_ke_toan,18.3,30,Asus,8GB,van_phong_hoc_tap,1,2,1,Apple,Office_Student,16GB,512GB,15tr_25tr
ky_su,27.3,28,Asus,16GB,do_hoa_ky_thuat,3,2,1,Asus,Workstation_Creative,32GB,1TB,40tr_60tr
vp_ke_toan,14.7,41,HP,8GB,van_phong_hoc_tap,1,3,1,HP,Office_Student,16GB,512GB,15tr_25tr
sinh_vien,8.0,21,Lenovo,8GB,van_phong_hoc_tap,1,4,2,Lenovo,Office_Student,8GB,512GB,duoi_15tr
vp_ke_toan,8.7,29,Dell,32GB,van_phong_hoc_tap,4,6,2,Dell,Office_Student,8GB,512GB,duoi_15tr
sinh_vien,7.0,20,Asus,32GB,gaming,1,11,4,Asus,Gaming,16GB,512GB,15tr_25tr
sinh_vien,5.0,21,Lenovo,16GB,van_phong_hoc_tap,1,6,2,Lenovo,Office_Student,8GB,512GB,duoi_15tr
sinh_vien,2.4,22,Lenovo,32GB,van_phong_hoc_tap,3,10,4,Lenovo,Office_Student,8GB,512GB,duoi_15tr
vp_ke_toan,17.3,29,HP,8GB,van_phong_hoc_tap,1,6,2,HP,Office_Student,16GB,512GB,15tr_25tr
gamer_streamer,41.3,20,Acer,16GB,gaming,4,10,4,Asus,Gaming,32GB,1TB,tren_60tr
sinh_vien,4.5,19,HP,8GB,gaming,2,11,4,HP,Gaming,8GB,512GB,duoi_15tr
giao_vien,11.4,42,Dell,16GB,van_phong_hoc_tap,2,12,4,Dell,Office_Student,16GB,512GB,15tr_25tr
ky_su,48.5,22,HP,16GB,do_hoa_ky_thuat,2,10,4,Dell,Workstation_Creative,16GB,1TB,tren_60tr
ky_su,17.8,24,Dell,16GB,do_hoa_ky_thuat,1,3,1,Asus,Gaming,16GB,1TB,25tr_40tr
quan_ly_doanh_nhan,69.7,43,Apple,8GB,doanh_nhan_di_dong,3,2,1,Apple,Ultrabook_Business,16GB,512GB,tren_60tr
ky_su,40.5,36,Dell,8GB,do_hoa_ky_thuat,1,6,2,Dell,Workstation_Creative,32GB,1TB,tren_60tr
vp_ke_toan,9.9,36,Dell,16GB,van_phong_hoc_tap,2,3,1,Dell,Office_Student,8GB,512GB,duoi_15tr
gamer_streamer,21.6,27,Asus,16GB,gaming,1,2,1,Asus,Gaming,32GB,1TB,25tr_40tr
ky_su,28.4,22,Asus,16GB,do_hoa_ky_thuat,2,2,1,Asus,Workstation_Creative,32GB,1TB,40tr_60tr
lap_trinh_vien,26.2,37,Lenovo,16GB,do_hoa_ky_thuat,2,10,4,Lenovo,Workstation_Creative,16GB,1TB,40tr_60tr
sinh_vien,7.8,18,Asus,8GB,gaming,1,7,3,Asus,Gaming,8GB,512GB,15tr_25tr
giao_vien,14.0,30,HP,16GB,van_phong_hoc_tap,3,2,1,HP,Office_Student,16GB,512GB,15tr_25tr
lap_trinh_vien,24.3,31,Asus,16GB,do_hoa_ky_thuat,1,1,1,Lenovo,Workstation_Creative,32GB,1TB,40tr_60tr
sinh_vien,3.0,19,Lenovo,16GB,gaming,2,12,4,Lenovo,Gaming,16GB,512GB,duoi_15tr
lap_trinh_vien,35.5,28,Apple,16GB,do_hoa_ky_thuat,1,11,4,Apple,Workstation_Creative,32GB,1TB,40tr_60tr
gamer_streamer,57.2,18,Lenovo,16GB,gaming,1,10,4,Lenovo,Gaming,16GB,1TB,tren_60tr
sinh_vien,3.6,22,HP,8GB,gaming,2,3,1,HP,Gaming,16GB,512GB,duoi_15tr
lap_trinh_vien,27.8,30,Lenovo,16GB,do_hoa_ky_thuat,2,7,3,Lenovo,Workstation_Creative,32GB,1TB,40tr_60tr
vp_ke_toan,12.7,27,Dell,16GB,van_phong_hoc_tap,2,6,2,Dell,Office_Student,16GB,512GB,15tr_25tr
sinh_vien,6.8,21,HP,8GB,gaming,2,1,1,MSI,Gaming,8GB,512GB,15tr_25tr
gamer_streamer,42.0,18,Asus,16GB,gaming,4,12,4,MSI,Gaming,32GB,1TB,tren_60tr
vp_ke_toan,17.3,42,Asus,8GB,van_phong_hoc_tap,2,12,4,HP,Office_Student,16GB,512GB,15tr_25tr
freelancer_creator,23.4,27,Dell,16GB,do_hoa_ky_thuat,1,4,2,Asus,Workstation_Creative,32GB,1TB,40tr_60tr
designer,27.1,31,Apple,8GB,do_hoa_ky_thuat,1,12,4,Apple,Workstation_Creative,32GB,1TB,40tr_60tr
vp_ke_toan,12.7,31,Dell,8GB,van_phong_hoc_tap,1,8,3,Dell,Office_Student,16GB,512GB,15tr_25tr
quan_ly_doanh_nhan,38.4,47,Apple,16GB,doanh_nhan_di_dong,1,6,2,Asus,Ultrabook_Business,16GB,512GB,40tr_60tr
sinh_vien,6.5,19,MSI,32GB,gaming,1,6,2,MSI,Gaming,16GB,512GB,duoi_15tr
quan_ly_doanh_nhan,65.1,53,Apple,16GB,doanh_nhan_di_dong,1,2,1,Lenovo,Ultrabook_Business,16GB,512GB,tren_60tr
giao_vien,8.9,42,HP,8GB,van_phong_hoc_tap,1,10,4,Dell,Office_Student,8GB,512GB,duoi_15tr
sinh_vien,4.3,21,HP,8GB,van_phong_hoc_tap,1,11,4,HP,Office_Student,8GB,512GB,duoi_15tr
sinh_vien,7.9,22,Lenovo,16GB,gaming,2,3,1,Lenovo,Gaming,8GB,512GB,15tr_25tr
designer,16.1,24,Apple,16GB,do_hoa_ky_thuat,1,1,1,Asus,Gaming,32GB,1TB,25tr_40tr
gamer_streamer,14.4,23,MSI,8GB,gaming,3,4,2,MSI,Gaming,16GB,1TB,25tr_40tr
ky_su,31.8,34,Dell,8GB,do_hoa_ky_thuat,3,9,3,Dell,Workstation_Creative,32GB,1TB,40tr_60tr
designer,16.8,30,Dell,32GB,do_hoa_ky_thuat,2,5,2,MSI,Gaming,32GB,1TB,25tr_40tr
designer,27.2,22,Dell,8GB,do_hoa_ky_thuat,2,2,1,Asus,Workstation_Creative,32GB,1TB,40tr_60tr
sinh_vien,6.4,20,HP,16GB,van_phong_hoc_tap,1,1,1,HP,Office_Student,8GB,512GB,duoi_15tr
giao_vien,13.9,37,Asus,32GB,van_phong_hoc_tap,1,12,4,Asus,Office_Student,16GB,512GB,15tr_25tr
lap_trinh_vien,36.7,26,Lenovo,16GB,do_hoa_ky_thuat,2,7,3,Lenovo,Workstation_Creative,32GB,1TB,40tr_60tr
lap_trinh_vien,15.5,32,Lenovo,8GB,do_hoa_ky_thuat,2,3,1,Asus,Gaming,32GB,1TB,25tr_40tr
sinh_vien,6.4,21,Asus,16GB,van_phong_hoc_tap,3,4,2,Asus,Office_Student,8GB,512GB,duoi_15tr
sinh_vien,2.5,19,Dell,8GB,gaming,2,8,3,Lenovo,Gaming,8GB,512GB,duoi_15tr
designer,29.2,27,Apple,16GB,do_hoa_ky_thuat,1,6,2,Apple,Workstation_Creative,32GB,1TB,40tr_60tr
lap_trinh_vien,35.8,22,Apple,8GB,do_hoa_ky_thuat,1,6,2,Asus,Workstation_Creative,32GB,1TB,40tr_60tr
sinh_vien,5.0,19,Acer,16GB,gaming,4,11,4,Acer,Gaming,16GB,512GB,duoi_15tr
freelancer_creator,22.3,22,Lenovo,16GB,do_hoa_ky_thuat,1,11,4,HP,Workstation_Creative,32GB,1TB,25tr_40tr
quan_ly_doanh_nhan,94.6,35,Asus,16GB,doanh_nhan_di_dong,2,7,3,Asus,Ultrabook_Business,16GB,512GB,tren_60tr
designer,25.9,30,Apple,16GB,do_hoa_ky_thuat,1,12,4,Apple,Workstation_Creative,16GB,1TB,40tr_60tr
sinh_vien,5.5,22,Dell,8GB,van_phong_hoc_tap,3,11,4,Dell,Office_Student,8GB,512GB,duoi_15tr
vp_ke_toan,10.9,28,Asus,8GB,van_phong_hoc_tap,2,6,2,HP,Office_Student,16GB,512GB,15tr_25tr
lap_trinh_vien,30.7,22,Dell,16GB,do_hoa_ky_thuat,2,1,1,Dell,Workstation_Creative,32GB,1TB,40tr_60tr
sinh_vien,6.3,22,Asus,16GB,gaming,2,3,1,Asus,Gaming,8GB,512GB,duoi_15tr
lap_trinh_vien,23.8,39,Dell,16GB,do_hoa_ky_thuat,4,4,2,Lenovo,Workstation_Creative,32GB,1TB,40tr_60tr
sinh_vien,2.1,21,Acer,32GB,van_phong_hoc_tap,2,8,3,Acer,Office_Student,8GB,512GB,duoi_15tr
sinh_vien,4.4,22,Acer,16GB,van_phong_hoc_tap,1,1,1,Acer,Office_Student,8GB,512GB,duoi_15tr
quan_ly_doanh_nhan,43.2,32,Asus,8GB,doanh_nhan_di_dong,1,3,1,HP,Ultrabook_Business,16GB,512GB,40tr_60tr
sinh_vien,2.8,21,MSI,16GB,gaming,3,12,4,MSI,Gaming,16GB,512GB,duoi_15tr
sinh_vien,4.5,18,Asus,16GB,gaming,1,6,2,Asus,Gaming,16GB,512GB,duoi_15tr
ky_su,42.6,39,Lenovo,16GB,do_hoa_ky_thuat,1,12,4,Apple,Workstation_Creative,32GB,1TB,tren_60tr
vp_ke_toan,16.9,27,Lenovo,16GB,van_phong_hoc_tap,1,1,1,Lenovo,Office_Student,16GB,512GB,15tr_25tr
ky_su,15.4,25,Lenovo,16GB,do_hoa_ky_thuat,1,10,4,Lenovo,Gaming,32GB,1TB,25tr_40tr
giao_vien,17.8,43,Dell,16GB,van_phong_hoc_tap,2,4,2,Dell,Office_Student,16GB,512GB,15tr_25tr
vp_ke_toan,14.4,23,HP,32GB,van_phong_hoc_tap,2,4,2,HP,Office_Student,16GB,512GB,15tr_25tr
ky_su,23.5,37,Asus,16GB,do_hoa_ky_thuat,1,6,2,Asus,Workstation_Creative,16GB,1TB,40tr_60tr
lap_trinh_vien,47.1,32,Apple,32GB,do_hoa_ky_thuat,3,6,2,Apple,Workstation_Creative,16GB,1TB,tren_60tr
lap_trinh_vien,19.9,34,HP,8GB,do_hoa_ky_thuat,3,1,1,HP,Gaming,16GB,1TB,25tr_40tr
sinh_vien,4.8,21,Asus,8GB,van_phong_hoc_tap,2,12,4,Asus,Office_Student,8GB,512GB,duoi_15tr
sinh_vien,6.3,21,Asus,16GB,gaming,1,11,4,Asus,Gaming,16GB,512GB,duoi_15tr
giao_vien,10.4,44,Dell,8GB,van_phong_hoc_tap,2,2,1,Dell,Office_Student,16GB,512GB,15tr_25tr
gamer_streamer,10.4,28,Asus,8GB,gaming,1,8,3,Asus,Gaming,16GB,512GB,15tr_25tr
gamer_streamer,56.1,25,MSI,16GB,gaming,2,6,2,Asus,Gaming,32GB,1TB,tren_60tr
sinh_vien,6.8,21,Lenovo,16GB,van_phong_hoc_tap,1,12,4,Lenovo,Office_Student,8GB,512GB,duoi_15tr
quan_ly_doanh_nhan,46.0,35,Dell,8GB,doanh_nhan_di_dong,1,4,2,Dell,Ultrabook_Business,16GB,512GB,40tr_60tr
vp_ke_toan,17.7,39,Dell,8GB,van_phong_hoc_tap,1,12,4,Dell,Office_Student,16GB,512GB,15tr_25tr
designer,38.4,28,Acer,16GB,do_hoa_ky_thuat,3,2,1,Asus,Workstation_Creative,32GB,1TB,40tr_60tr
sinh_vien,4.3,20,Lenovo,8GB,gaming,3,10,4,Lenovo,Gaming,16GB,512GB,duoi_15tr
sinh_vien,5.7,22,Lenovo,8GB,gaming,3,4,2,Lenovo,Gaming,16GB,512GB,duoi_15tr
gamer_streamer,48.7,20,Asus,16GB,gaming,1,7,3,Asus,Gaming,16GB,1TB,tren_60tr
gamer_streamer,29.0,19,HP,16GB,gaming,2,9,3,HP,Gaming,32GB,1TB,40tr_60tr
designer,17.1,32,Apple,8GB,do_hoa_ky_thuat,1,1,1,Lenovo,Gaming,32GB,1TB,25tr_40tr
quan_ly_doanh_nhan,70.1,33,Dell,8GB,doanh_nhan_di_dong,3,1,1,Dell,Ultrabook_Business,16GB,512GB,tren_60tr
sinh_vien,3.9,19,Dell,16GB,gaming,1,4,2,Asus,Gaming,16GB,512GB,duoi_15tr
quan_ly_doanh_nhan,33.3,39,Dell,16GB,doanh_nhan_di_dong,1,7,3,Dell,Ultrabook_Business,16GB,512GB,25tr_40tr
sinh_vien,6.1,20,Asus,16GB,van_phong_hoc_tap,1,7,3,Asus,Office_Student,8GB,512GB,duoi_15tr
sinh_vien,3.0,20,Dell,8GB,van_phong_hoc_tap,2,3,1,Dell,Office_Student,8GB,512GB,duoi_15tr
designer,29.4,30,HP,8GB,do_hoa_ky_thuat,2,12,4,Lenovo,Workstation_Creative,32GB,1TB,40tr_60tr
designer,36.5,29,Samsung,8GB,do_hoa_ky_thuat,1,8,3,Dell,Workstation_Creative,32GB,1TB,40tr_60tr
lap_trinh_vien,15.8,38,HP,32GB,do_hoa_ky_thuat,1,11,4,HP,Gaming,16GB,1TB,25tr_40tr
designer,38.8,32,Apple,32GB,do_hoa_ky_thuat,3,6,2,Lenovo,Workstation_Creative,32GB,1TB,40tr_60tr
vp_ke_toan,12.9,33,Asus,32GB,van_phong_hoc_tap,1,4,2,Asus,Office_Student,16GB,512GB,15tr_25tr
sinh_vien,6.8,21,Acer,32GB,van_phong_hoc_tap,1,4,2,Acer,Office_Student,8GB,512GB,duoi_15tr
quan_ly_doanh_nhan,67.9,53,Dell,16GB,doanh_nhan_di_dong,2,6,2,Dell,Ultrabook_Business,16GB,512GB,tren_60tr
designer,15.9,25,Apple,16GB,do_hoa_ky_thuat,4,8,3,Lenovo,Gaming,32GB,1TB,25tr_40tr
vp_ke_toan,17.2,23,Asus,32GB,van_phong_hoc_tap,3,9,3,Asus,Office_Student,16GB,512GB,15tr_25tr
ky_su,28.3,34,Lenovo,8GB,do_hoa_ky_thuat,1,9,3,Asus,Workstation_Creative,32GB,1TB,40tr_60tr
vp_ke_toan,17.2,43,Dell,32GB,van_phong_hoc_tap,2,8,3,Acer,Office_Student,16GB,512GB,15tr_25tr
lap_trinh_vien,16.2,26,HP,8GB,do_hoa_ky_thuat,1,8,3,Asus,Gaming,32GB,1TB,25tr_40tr
gamer_streamer,26.1,29,Lenovo,16GB,gaming,1,11,4,Lenovo,Gaming,16GB,1TB,40tr_60tr
sinh_vien,2.6,20,Asus,16GB,van_phong_hoc_tap,4,9,3,Asus,Office_Student,8GB,512GB,duoi_15tr
giao_vien,14.2,29,Acer,16GB,van_phong_hoc_tap,2,8,3,Asus,Office_Student,16GB,512GB,15tr_25tr
lap_trinh_vien,27.8,28,Dell,8GB,do_hoa_ky_thuat,3,6,2,Dell,Workstation_Creative,16GB,1TB,40tr_60tr
gamer_streamer,34.8,26,Acer,8GB,gaming,2,3,1,Acer,Gaming,16GB,1TB,40tr_60tr
vp_ke_toan,10.4,43,HP,16GB,van_phong_hoc_tap,1,10,4,Lenovo,Office_Student,16GB,512GB,15tr_25tr
gamer_streamer,49.2,19,Acer,32GB,gaming,4,4,2,Acer,Gaming,32GB,1TB,tren_60tr
giao_vien,16.3,44,HP,16GB,van_phong_hoc_tap,2,7,3,HP,Office_Student,16GB,512GB,15tr_25tr
gamer_streamer,15.4,18,MSI,16GB,gaming,2,3,1,MSI,Gaming,32GB,1TB,25tr_40tr
lap_trinh_vien,20.8,22,Dell,16GB,do_hoa_ky_thuat,2,9,3,Dell,Workstation_Creative,32GB,1TB,25tr_40tr
sinh_vien,2.7,20,Asus,8GB,van_phong_hoc_tap,1,9,3,Asus,Office_Student,8GB,512GB,duoi_15tr
vp_ke_toan,10.6,40,Lenovo,16GB,van_phong_hoc_tap,1,3,1,Lenovo,Office_Student,16GB,512GB,15tr_25tr
sinh_vien,2.6,20,Lenovo,16GB,van_phong_hoc_tap,3,8,3,Lenovo,Office_Student,8GB,512GB,duoi_15tr
vp_ke_toan,9.8,27,Dell,16GB,van_phong_hoc_tap,4,12,4,Dell,Office_Student,8GB,512GB,duoi_15tr
designer,20.4,22,Apple,8GB,do_hoa_ky_thuat,4,9,3,Dell,Workstation_Creative,16GB,1TB,25tr_40tr
designer,14.8,28,Dell,8GB,do_hoa_ky_thuat,1,12,4,MSI,Gaming,16GB,1TB,25tr_40tr
gamer_streamer,14.9,27,Lenovo,16GB,gaming,1,7,3,Lenovo,Gaming,32GB,1TB,25tr_40tr
lap_trinh_vien,23.2,29,Lenovo,8GB,do_hoa_ky_thuat,2,5,2,Lenovo,Workstation_Creative,16GB,1TB,25tr_40tr
sinh_vien,2.4,20,Lenovo,8GB,gaming,2,10,4,Lenovo,Gaming,8GB,512GB,duoi_15tr
sinh_vien,2.5,21,MSI,16GB,gaming,1,1,1,MSI,Gaming,16GB,512GB,duoi_15tr
lap_trinh_vien,46.6,31,Dell,32GB,do_hoa_ky_thuat,1,3,1,Lenovo,Workstation_Creative,32GB,1TB,tren_60tr
gamer_streamer,31.0,26,Asus,16GB,gaming,2,4,2,Asus,Gaming,16GB,1TB,40tr_60tr
lap_trinh_vien,22.5,33,Apple,8GB,do_hoa_ky_thuat,4,12,4,Asus,Workstation_Creative,16GB,1TB,25tr_40tr
freelancer_creator,18.7,22,Asus,16GB,do_hoa_ky_thuat,1,2,1,Asus,Gaming,16GB,1TB,25tr_40tr
lap_trinh_vien,27.7,38,Lenovo,32GB,do_hoa_ky_thuat,2,7,3,Lenovo,Workstation_Creative,16GB,1TB,40tr_60tr
designer,34.7,22,Apple,16GB,do_hoa_ky_thuat,3,9,3,Apple,Workstation_Creative,32GB,1TB,40tr_60tr
vp_ke_toan,8.7,29,Apple,8GB,van_phong_hoc_tap,2,3,1,Asus,Office_Student,8GB,512GB,duoi_15tr
vp_ke_toan,13.8,30,Lenovo,8GB,van_phong_hoc_tap,1,9,3,Lenovo,Office_Student,16GB,512GB,15tr_25tr
vp_ke_toan,12.0,29,Lenovo,16GB,van_phong_hoc_tap,2,4,2,Lenovo,Office_Student,16GB,512GB,15tr_25tr
quan_ly_doanh_nhan,41.4,30,Apple,16GB,doanh_nhan_di_dong,1,9,3,Apple,Ultrabook_Business,16GB,512GB,40tr_60tr
lap_trinh_vien,15.4,25,Dell,16GB,do_hoa_ky_thuat,2,2,1,MSI,Gaming,32GB,1TB,25tr_40tr
sinh_vien,2.2,18,Lenovo,16GB,van_phong_hoc_tap,1,12,4,Lenovo,Office_Student,8GB,512GB,duoi_15tr
lap_trinh_vien,16.9,24,HP,8GB,do_hoa_ky_thuat,1,4,2,HP,Gaming,32GB,1TB,25tr_40tr
giao_vien,17.2,23,Dell,16GB,van_phong_hoc_tap,2,6,2,HP,Office_Student,16GB,512GB,15tr_25tr
lap_trinh_vien,39.0,36,Apple,32GB,do_hoa_ky_thuat,1,4,2,Apple,Workstation_Creative,16GB,1TB,40tr_60tr
freelancer_creator,12.0,22,HP,8GB,do_hoa_ky_thuat,1,9,3,HP,Gaming,16GB,512GB,15tr_25tr
giao_vien,9.8,24,Dell,16GB,van_phong_hoc_tap,1,3,1,Dell,Office_Student,8GB,512GB,duoi_15tr
gamer_streamer,11.6,23,Asus,16GB,gaming,1,6,2,Acer,Gaming,8GB,512GB,15tr_25tr
vp_ke_toan,16.3,42,Asus,16GB,van_phong_hoc_tap,1,5,2,Asus,Office_Student,16GB,512GB,15tr_25tr
quan_ly_doanh_nhan,46.4,31,HP,16GB,doanh_nhan_di_dong,3,6,2,HP,Ultrabook_Business,16GB,512GB,40tr_60tr
sinh_vien,7.8,20,Acer,16GB,gaming,1,11,4,Acer,Gaming,16GB,512GB,15tr_25tr
sinh_vien,6.9,22,Asus,16GB,van_phong_hoc_tap,3,2,1,Asus,Office_Student,8GB,512GB,duoi_15tr
lap_trinh_vien,46.1,39,Lenovo,16GB,do_hoa_ky_thuat,4,7,3,Asus,Workstation_Creative,16GB,1TB,tren_60tr
sinh_vien,4.4,21,Dell,16GB,van_phong_hoc_tap,2,1,1,HP,Office_Student,8GB,512GB,duoi_15tr
gamer_streamer,28.8,23,Asus,8GB,gaming,1,1,1,Asus,Gaming,32GB,1TB,40tr_60tr
gamer_streamer,50.7,20,Lenovo,8GB,gaming,2,1,1,Lenovo,Gaming,32GB,1TB,tren_60tr
quan_ly_doanh_nhan,39.6,51,Dell,16GB,doanh_nhan_di_dong,1,2,1,Apple,Ultrabook_Business,16GB,512GB,40tr_60tr
ky_su,26.7,38,Apple,16GB,do_hoa_ky_thuat,1,5,2,Apple,Workstation_Creative,16GB,1TB,40tr_60tr
sinh_vien,4.1,18,Dell,16GB,van_phong_hoc_tap,2,8,3,Asus,Office_Student,8GB,512GB,duoi_15tr
vp_ke_toan,9.7,29,Asus,16GB,van_phong_hoc_tap,2,7,3,Asus,Office_Student,8GB,512GB,duoi_15tr
ky_su,35.8,36,Dell,16GB,do_hoa_ky_thuat,2,9,3,Dell,Workstation_Creative,32GB,1TB,40tr_60tr
designer,15.2,26,Dell,16GB,do_hoa_ky_thuat,1,8,3,Lenovo,Gaming,32GB,1TB,25tr_40tr
sinh_vien,3.4,22,Asus,32GB,van_phong_hoc_tap,1,12,4,Acer,Office_Student,8GB,512GB,duoi_15tr
vp_ke_toan,14.6,36,Asus,8GB,van_phong_hoc_tap,1,8,3,Dell,Office_Student,16GB,512GB,15tr_25tr
quan_ly_doanh_nhan,40.6,44,HP,8GB,doanh_nhan_di_dong,1,5,2,HP,Ultrabook_Business,16GB,512GB,40tr_60tr
vp_ke_toan,10.6,37,Lenovo,8GB,van_phong_hoc_tap,1,9,3,Asus,Office_Student,16GB,512GB,15tr_25tr
freelancer_creator,16.3,31,Apple,8GB,do_hoa_ky_thuat,2,10,4,Lenovo,Gaming,16GB,1TB,25tr_40tr
lap_trinh_vien,38.0,29,Dell,8GB,do_hoa_ky_thuat,1,2,1,Dell,Workstation_Creative,32GB,1TB,40tr_60tr
lap_trinh_vien,20.0,22,Apple,8GB,do_hoa_ky_thuat,2,3,1,Lenovo,Gaming,32GB,1TB,25tr_40tr
gamer_streamer,48.0,20,MSI,8GB,gaming,3,4,2,MSI,Gaming,16GB,1TB,tren_60tr
vp_ke_toan,14.9,25,Asus,16GB,van_phong_hoc_tap,3,12,4,Asus,Office_Student,16GB,512GB,15tr_25tr
freelancer_creator,15.4,28,Apple,16GB,do_hoa_ky_thuat,2,5,2,Lenovo,Gaming,16GB,1TB,25tr_40tr
quan_ly_doanh_nhan,82.5,50,Apple,8GB,doanh_nhan_di_dong,1,8,3,MSI,Ultrabook_Business,16GB,512GB,tren_60tr
lap_trinh_vien,31.3,22,HP,8GB,do_hoa_ky_thuat,2,11,4,Apple,Workstation_Creative,32GB,1TB,40tr_60tr
designer,35.9,22,Dell,8GB,do_hoa_ky_thuat,1,9,3,Dell,Workstation_Creative,32GB,1TB,40tr_60tr
sinh_vien,2.3,22,Dell,16GB,van_phong_hoc_tap,2,5,2,Dell,Office_Student,8GB,512GB,duoi_15tr
freelancer_creator,24.4,29,Acer,16GB,do_hoa_ky_thuat,1,1,1,Apple,Workstation_Creative,16GB,1TB,40tr_60tr
sinh_vien,5.0,21,HP,16GB,van_phong_hoc_tap,1,11,4,HP,Office_Student,8GB,512GB,duoi_15tr
freelancer_creator,25.1,25,HP,16GB,do_hoa_ky_thuat,4,5,2,Apple,Workstation_Creative,32GB,1TB,40tr_60tr
designer,25.0,31,Dell,16GB,do_hoa_ky_thuat,1,4,2,Lenovo,Workstation_Creative,16GB,1TB,40tr_60tr
vp_ke_toan,15.0,44,Lenovo,16GB,van_phong_hoc_tap,1,2,1,Lenovo,Office_Student,16GB,512GB,15tr_25tr
freelancer_creator,29.5,26,Dell,8GB,do_hoa_ky_thuat,1,6,2,Lenovo,Workstation_Creative,32GB,1TB,40tr_60tr
sinh_vien,7.0,20,Asus,16GB,van_phong_hoc_tap,1,3,1,Lenovo,Office_Student,8GB,512GB,duoi_15tr
gamer_streamer,42.5,25,MSI,32GB,gaming,1,2,1,MSI,Gaming,32GB,1TB,tren_60tr
sinh_vien,4.8,19,Asus,16GB,van_phong_hoc_tap,4,8,3,Asus,Office_Student,8GB,512GB,duoi_15tr
sinh_vien,3.1,19,Asus,8GB,van_phong_hoc_tap,1,10,4,Asus,Office_Student,8GB,512GB,duoi_15tr
vp_ke_toan,8.9,33,HP,16GB,van_phong_hoc_tap,1,12,4,Acer,Office_Student,8GB,512GB,duoi_15tr
vp_ke_toan,13.3,41,Dell,16GB,van_phong_hoc_tap,1,9,3,HP,Office_Student,16GB,512GB,15tr_25tr
gamer_streamer,36.8,20,Acer,8GB,gaming,2,1,1,Acer,Gaming,32GB,1TB,40tr_60tr
sinh_vien,6.6,22,Asus,8GB,gaming,2,12,4,Asus,Gaming,16GB,512GB,duoi_15tr
designer,30.9,31,Asus,8GB,do_hoa_ky_thuat,2,5,2,Asus,Workstation_Creative,32GB,1TB,40tr_60tr
lap_trinh_vien,16.2,23,Dell,16GB,do_hoa_ky_thuat,1,4,2,Asus,Gaming,32GB,1TB,25tr_40tr
sinh_vien,4.1,18,HP,8GB,van_phong_hoc_tap,1,2,1,HP,Office_Student,8GB,512GB,duoi_15tr
sinh_vien,5.6,22,Asus,16GB,van_phong_hoc_tap,1,6,2,HP,Office_Student,8GB,512GB,duoi_15tr
sinh_vien,7.2,19,HP,16GB,van_phong_hoc_tap,2,3,1,Acer,Office_Student,8GB,512GB,duoi_15tr
freelancer_creator,25.8,22,Dell,16GB,do_hoa_ky_thuat,3,4,2,Dell,Workstation_Creative,32GB,1TB,40tr_60tr
designer,16.4,32,Apple,16GB,do_hoa_ky_thuat,1,11,4,MSI,Gaming,16GB,1TB,25tr_40tr
vp_ke_toan,18.8,31,Dell,8GB,van_phong_hoc_tap,1,10,4,Dell,Office_Student,16GB,512GB,15tr_25tr
lap_trinh_vien,15.1,34,Lenovo,16GB,do_hoa_ky_thuat,1,7,3,HP,Gaming,32GB,1TB,25tr_40tr
quan_ly_doanh_nhan,33.6,33,Lenovo,32GB,doanh_nhan_di_dong,1,3,1,Lenovo,Ultrabook_Business,16GB,512GB,25tr_40tr
ky_su,20.6,23,Acer,8GB,do_hoa_ky_thuat,3,12,4,Lenovo,Workstation_Creative,16GB,1TB,25tr_40tr
lap_trinh_vien,16.7,31,Apple,16GB,do_hoa_ky_thuat,1,5,2,MSI,Gaming,16GB,1TB,25tr_40tr
sinh_vien,3.3,22,Acer,16GB,van_phong_hoc_tap,1,7,3,Dell,Office_Student,8GB,512GB,duoi_15tr
vp_ke_toan,19.0,42,Dell,8GB,van_phong_hoc_tap,3,12,4,Dell,Office_Student,16GB,512GB,15tr_25tr
sinh_vien,4.5,22,Dell,16GB,van_phong_hoc_tap,1,1,1,Apple,Office_Student,8GB,512GB,duoi_15tr
lap_trinh_vien,44.7,27,Dell,8GB,do_hoa_ky_thuat,1,11,4,Dell,Workstation_Creative,16GB,1TB,tren_60tr
sinh_vien,7.2,19,Asus,16GB,van_phong_hoc_tap,1,11,4,Dell,Office_Student,8GB,512GB,duoi_15tr
sinh_vien,2.1,19,HP,8GB,van_phong_hoc_tap,1,5,2,Acer,Office_Student,8GB,512GB,duoi_15tr
quan_ly_doanh_nhan,26.1,33,Apple,8GB,doanh_nhan_di_dong,1,10,4,HP,Ultrabook_Business,16GB,512GB,25tr_40tr
ky_su,31.6,25,Asus,8GB,do_hoa_ky_thuat,1,8,3,Asus,Workstation_Creative,32GB,1TB,40tr_60tr
lap_trinh_vien,32.7,26,Acer,32GB,do_hoa_ky_thuat,4,5,2,Asus,Workstation_Creative,16GB,1TB,40tr_60tr
vp_ke_toan,16.5,36,HP,32GB,van_phong_hoc_tap,2,1,1,HP,Office_Student,16GB,512GB,15tr_25tr
sinh_vien,2.6,22,Dell,8GB,van_phong_hoc_tap,1,2,1,Dell,Office_Student,8GB,512GB,duoi_15tr
vp_ke_toan,16.4,30,HP,16GB,van_phong_hoc_tap,1,10,4,HP,Office_Student,16GB,512GB,15tr_25tr
giao_vien,16.7,36,HP,16GB,van_phong_hoc_tap,1,2,1,HP,Office_Student,16GB,512GB,15tr_25tr
lap_trinh_vien,39.7,35,Apple,16GB,do_hoa_ky_thuat,1,3,1,Apple,Workstation_Creative,32GB,1TB,40tr_60tr
vp_ke_toan,11.7,30,Lenovo,8GB,van_phong_hoc_tap,2,4,2,Acer,Office_Student,16GB,512GB,15tr_25tr
vp_ke_toan,13.5,42,Acer,16GB,van_phong_hoc_tap,1,7,3,Acer,Office_Student,16GB,512GB,15tr_25tr
vp_ke_toan,14.5,41,HP,8GB,van_phong_hoc_tap,2,10,4,HP,Office_Student,16GB,512GB,15tr_25tr
gamer_streamer,17.6,19,Acer,16GB,gaming,2,9,3,Acer,Gaming,32GB,1TB,25tr_40tr
vp_ke_toan,10.9,30,HP,16GB,van_phong_hoc_tap,1,3,1,HP,Office_Student,16GB,512GB,15tr_25tr
vp_ke_toan,12.6,38,Acer,16GB,van_phong_hoc_tap,2,12,4,Acer,Office_Student,16GB,512GB,15tr_25tr
vp_ke_toan,18.7,33,Lenovo,16GB,van_phong_hoc_tap,1,10,4,Lenovo,Office_Student,16GB,512GB,15tr_25tr
quan_ly_doanh_nhan,45.0,45,Apple,8GB,doanh_nhan_di_dong,1,8,3,Apple,Ultrabook_Business,16GB,512GB,40tr_60tr
lap_trinh_vien,19.3,28,Dell,8GB,do_hoa_ky_thuat,3,8,3,Lenovo,Gaming,16GB,1TB,25tr_40tr
quan_ly_doanh_nhan,42.7,41,Apple,16GB,doanh_nhan_di_dong,1,4,2,Apple,Ultrabook_Business,16GB,512GB,40tr_60tr
lap_trinh_vien,44.0,38,Apple,32GB,do_hoa_ky_thuat,3,6,2,Apple,Workstation_Creative,32GB,1TB,tren_60tr
lap_trinh_vien,33.3,35,Lenovo,8GB,do_hoa_ky_thuat,2,7,3,Lenovo,Workstation_Creative,16GB,1TB,40tr_60tr
lap_trinh_vien,34.8,25,HP,16GB,do_hoa_ky_thuat,1,7,3,Asus,Workstation_Creative,32GB,1TB,40tr_60tr
quan_ly_doanh_nhan,56.6,44,Apple,8GB,doanh_nhan_di_dong,2,6,2,HP,Ultrabook_Business,16GB,512GB,40tr_60tr
gamer_streamer,27.9,26,HP,8GB,gaming,4,10,4,Lenovo,Gaming,32GB,1TB,40tr_60tr
lap_trinh_vien,32.3,23,Lenovo,16GB,do_hoa_ky_thuat,2,12,4,Lenovo,Workstation_Creative,16GB,1TB,40tr_60tr
lap_trinh_vien,33.4,33,Apple,16GB,do_hoa_ky_thuat,2,1,1,Apple,Workstation_Creative,16GB,1TB,40tr_60tr
quan_ly_doanh_nhan,99.7,41,Asus,16GB,doanh_nhan_di_dong,1,9,3,Apple,Ultrabook_Business,16GB,512GB,tren_60tr
designer,24.1,30,HP,8GB,do_hoa_ky_thuat,2,9,3,Apple,Workstation_Creative,32GB,1TB,40tr_60tr
lap_trinh_vien,39.2,38,Dell,16GB,do_hoa_ky_thuat,2,3,1,Asus,Workstation_Creative,32GB,1TB,40tr_60tr
gamer_streamer,31.0,23,MSI,16GB,gaming,1,12,4,MSI,Gaming,32GB,1TB,40tr_60tr
designer,33.6,25,Apple,32GB,do_hoa_ky_thuat,2,9,3,Asus,Workstation_Creative,32GB,1TB,40tr_60tr
designer,14.3,22,Apple,8GB,do_hoa_ky_thuat,3,5,2,MSI,Gaming,16GB,1TB,25tr_40tr
ky_su,27.6,28,Acer,32GB,do_hoa_ky_thuat,1,8,3,Apple,Workstation_Creative,32GB,1TB,40tr_60tr
quan_ly_doanh_nhan,83.8,53,Dell,16GB,doanh_nhan_di_dong,1,10,4,Dell,Ultrabook_Business,16GB,512GB,tren_60tr
vp_ke_toan,9.0,29,Apple,8GB,van_phong_hoc_tap,2,1,1,Dell,Office_Student,8GB,512GB,duoi_15tr
lap_trinh_vien,46.6,28,Lenovo,16GB,do_hoa_ky_thuat,1,10,4,Lenovo,Workstation_Creative,32GB,1TB,tren_60tr
ky_su,43.0,28,HP,8GB,do_hoa_ky_thuat,2,11,4,Lenovo,Workstation_Creative,32GB,1TB,tren_60tr
quan_ly_doanh_nhan,87.6,46,Lenovo,16GB,doanh_nhan_di_dong,3,9,3,Asus,Ultrabook_Business,16GB,512GB,tren_60tr
sinh_vien,7.1,22,Dell,16GB,van_phong_hoc_tap,1,9,3,Lenovo,Office_Student,8GB,512GB,duoi_15tr
sinh_vien,2.9,18,Asus,16GB,van_phong_hoc_tap,2,5,2,Lenovo,Office_Student,8GB,512GB,duoi_15tr
lap_trinh_vien,15.4,35,Lenovo,16GB,do_hoa_ky_thuat,3,9,3,Lenovo,Gaming,32GB,1TB,25tr_40tr
gamer_streamer,55.1,25,HP,16GB,gaming,4,12,4,HP,Gaming,16GB,1TB,tren_60tr
giao_vien,14.8,35,Dell,16GB,van_phong_hoc_tap,1,1,1,Asus,Office_Student,16GB,512GB,15tr_25tr
vp_ke_toan,14.8,36,HP,8GB,van_phong_hoc_tap,2,2,1,Lenovo,Office_Student,16GB,512GB,15tr_25tr
quan_ly_doanh_nhan,61.9,47,Dell,8GB,doanh_nhan_di_dong,2,10,4,Apple,Ultrabook_Business,16GB,512GB,tren_60tr
vp_ke_toan,16.0,31,Dell,8GB,van_phong_hoc_tap,1,11,4,Dell,Office_Student,16GB,512GB,15tr_25tr
gamer_streamer,18.5,24,Asus,16GB,gaming,1,8,3,Asus,Gaming,16GB,1TB,25tr_40tr
gamer_streamer,54.7,29,Lenovo,8GB,gaming,2,1,1,Lenovo,Gaming,16GB,1TB,tren_60tr
lap_trinh_vien,49.2,34,HP,8GB,do_hoa_ky_thuat,1,10,4,Asus,Workstation_Creative,32GB,1TB,tren_60tr
gamer_streamer,24.1,18,MSI,8GB,gaming,1,5,2,MSI,Gaming,16GB,1TB,40tr_60tr
vp_ke_toan,8.9,30,Asus,32GB,van_phong_hoc_tap,2,11,4,Asus,Office_Student,8GB,512GB,duoi_15tr
ky_su,49.9,24,Dell,8GB,do_hoa_ky_thuat,2,12,4,Dell,Workstation_Creative,32GB,1TB,tren_60tr
quan_ly_doanh_nhan,86.1,37,Apple,8GB,doanh_nhan_di_dong,1,10,4,Apple,Ultrabook_Business,16GB,512GB,tren_60tr
sinh_vien,4.6,19,Apple,16GB,van_phong_hoc_tap,1,8,3,Asus,Office_Student,8GB,512GB,duoi_15tr
sinh_vien,3.9,18,Lenovo,16GB,van_phong_hoc_tap,2,4,2,Lenovo,Office_Student,8GB,512GB,duoi_15tr
quan_ly_doanh_nhan,55.7,38,Apple,16GB,doanh_nhan_di_dong,1,4,2,Asus,Ultrabook_Business,16GB,512GB,40tr_60tr
freelancer_creator,33.6,32,Asus,8GB,do_hoa_ky_thuat,1,3,1,Asus,Workstation_Creative,16GB,1TB,40tr_60tr
giao_vien,9.3,34,Lenovo,8GB,van_phong_hoc_tap,1,8,3,Lenovo,Office_Student,8GB,512GB,duoi_15tr
sinh_vien,3.4,19,Dell,16GB,van_phong_hoc_tap,3,8,3,Lenovo,Office_Student,8GB,512GB,duoi_15tr
designer,39.4,25,HP,8GB,do_hoa_ky_thuat,1,10,4,Lenovo,Workstation_Creative,32GB,1TB,40tr_60tr
gamer_streamer,28.4,28,Acer,32GB,gaming,3,2,1,Lenovo,Gaming,32GB,1TB,40tr_60tr
designer,19.6,31,Dell,8GB,do_hoa_ky_thuat,3,8,3,Lenovo,Gaming,32GB,1TB,25tr_40tr
sinh_vien,6.4,21,HP,16GB,van_phong_hoc_tap,1,3,1,HP,Office_Student,8GB,512GB,duoi_15tr
vp_ke_toan,13.7,31,HP,16GB,van_phong_hoc_tap,2,11,4,Acer,Office_Student,16GB,512GB,15tr_25tr
designer,40.0,22,Apple,8GB,do_hoa_ky_thuat,2,11,4,Apple,Workstation_Creative,16GB,1TB,tren_60tr
quan_ly_doanh_nhan,47.4,37,Dell,16GB,doanh_nhan_di_dong,1,10,4,Dell,Ultrabook_Business,16GB,512GB,40tr_60tr
lap_trinh_vien,43.0,32,Lenovo,16GB,do_hoa_ky_thuat,1,5,2,Lenovo,Workstation_Creative,32GB,1TB,tren_60tr
giao_vien,9.2,25,HP,16GB,van_phong_hoc_tap,1,10,4,HP,Office_Student,8GB,512GB,duoi_15tr
sinh_vien,3.5,22,MSI,8GB,gaming,2,11,4,Asus,Gaming,8GB,512GB,duoi_15tr
vp_ke_toan,13.8,25,Acer,16GB,van_phong_hoc_tap,1,7,3,Acer,Office_Student,16GB,512GB,15tr_25tr
gamer_streamer,33.5,29,Asus,8GB,gaming,2,4,2,Asus,Gaming,32GB,1TB,40tr_60tr
lap_trinh_vien,15.1,23,Apple,16GB,do_hoa_ky_thuat,2,6,2,Acer,Gaming,16GB,1TB,25tr_40tr
lap_trinh_vien,15.7,22,Dell,8GB,do_hoa_ky_thuat,3,1,1,Asus,Gaming,32GB,1TB,25tr_40tr
giao_vien,18.0,26,Dell,8GB,van_phong_hoc_tap,1,9,3,Dell,Office_Student,16GB,512GB,15tr_25tr
designer,19.1,23,Apple,16GB,do_hoa_ky_thuat,1,12,4,Asus,Gaming,32GB,1TB,25tr_40tr
ky_su,44.0,35,Lenovo,8GB,do_hoa_ky_thuat,1,2,1,Lenovo,Workstation_Creative,32GB,1TB,tren_60tr
sinh_vien,6.9,19,Asus,8GB,gaming,1,3,1,Asus,Gaming,16GB,512GB,15tr_25tr
sinh_vien,3.5,21,Asus,8GB,van_phong_hoc_tap,1,7,3,Asus,Office_Student,8GB,512GB,duoi_15tr
lap_trinh_vien,39.2,30,Lenovo,16GB,do_hoa_ky_thuat,1,12,4,Lenovo,Workstation_Creative,32GB,1TB,40tr_60tr
sinh_vien,7.1,20,Acer,8GB,van_phong_hoc_tap,1,5,2,Dell,Office_Student,8GB,512GB,duoi_15tr
lap_trinh_vien,37.7,23,Acer,16GB,do_hoa_ky_thuat,1,2,1,Asus,Workstation_Creative,32GB,1TB,40tr_60tr
sinh_vien,6.6,19,MSI,16GB,gaming,2,7,3,MSI,Gaming,16GB,512GB,duoi_15tr
ky_su,30.9,36,Dell,16GB,do_hoa_ky_thuat,1,1,1,Asus,Workstation_Creative,32GB,1TB,40tr_60tr
sinh_vien,5.1,18,Lenovo,16GB,van_phong_hoc_tap,2,5,2,Lenovo,Office_Student,8GB,512GB,duoi_15tr
vp_ke_toan,19.4,23,HP,16GB,van_phong_hoc_tap,1,4,2,HP,Office_Student,16GB,512GB,15tr_25tr
lap_trinh_vien,16.0,26,Dell,16GB,do_hoa_ky_thuat,1,5,2,Asus,Gaming,32GB,1TB,25tr_40tr
quan_ly_doanh_nhan,51.9,53,Apple,8GB,doanh_nhan_di_dong,1,9,3,Apple,Ultrabook_Business,16GB,512GB,40tr_60tr
designer,19.3,26,Dell,16GB,do_hoa_ky_thuat,1,3,1,MSI,Gaming,16GB,1TB,25tr_40tr
vp_ke_toan,9.9,29,HP,8GB,van_phong_hoc_tap,3,3,1,HP,Office_Student,8GB,512GB,duoi_15tr
freelancer_creator,18.3,34,Lenovo,16GB,do_hoa_ky_thuat,3,6,2,Lenovo,Gaming,32GB,1TB,25tr_40tr
sinh_vien,3.2,18,Lenovo,16GB,van_phong_hoc_tap,2,10,4,HP,Office_Student,8GB,512GB,duoi_15tr
quan_ly_doanh_nhan,93.4,48,Apple,8GB,doanh_nhan_di_dong,2,4,2,Dell,Ultrabook_Business,16GB,512GB,tren_60tr
sinh_vien,4.1,20,HP,8GB,gaming,1,2,1,Acer,Gaming,16GB,512GB,duoi_15tr
lap_trinh_vien,47.4,36,Apple,8GB,do_hoa_ky_thuat,1,2,1,Asus,Workstation_Creative,32GB,1TB,tren_60tr
gamer_streamer,51.5,29,Acer,8GB,gaming,2,5,2,Acer,Gaming,16GB,1TB,tren_60tr
sinh_vien,6.4,21,Asus,8GB,gaming,2,3,1,Asus,Gaming,8GB,512GB,duoi_15tr
sinh_vien,3.6,20,MSI,8GB,gaming,1,11,4,MSI,Gaming,8GB,512GB,duoi_15tr
vp_ke_toan,8.7,24,Dell,16GB,van_phong_hoc_tap,4,9,3,Dell,Office_Student,8GB,512GB,duoi_15tr
quan_ly_doanh_nhan,38.1,52,HP,16GB,doanh_nhan_di_dong,2,11,4,Dell,Ultrabook_Business,16GB,512GB,40tr_60tr
vp_ke_toan,10.0,40,Dell,32GB,van_phong_hoc_tap,1,3,1,Dell,Office_Student,16GB,512GB,15tr_25tr
designer,18.5,26,Asus,16GB,do_hoa_ky_thuat,4,1,1,Asus,Gaming,16GB,1TB,25tr_40tr
lap_trinh_vien,32.9,34,Lenovo,16GB,do_hoa_ky_thuat,2,10,4,Lenovo,Workstation_Creative,16GB,1TB,40tr_60tr
quan_ly_doanh_nhan,66.4,36,HP,16GB,doanh_nhan_di_dong,2,3,1,HP,Ultrabook_Business,16GB,512GB,tren_60tr
ky_su,20.9,38,Asus,8GB,do_hoa_ky_thuat,1,12,4,Asus,Workstation_Creative,16GB,1TB,25tr_40tr
designer,20.3,23,HP,16GB,do_hoa_ky_thuat,1,11,4,Apple,Workstation_Creative,32GB,1TB,25tr_40tr
lap_trinh_vien,41.6,22,Apple,16GB,do_hoa_ky_thuat,1,11,4,Apple,Workstation_Creative,32GB,1TB,tren_60tr
designer,35.5,28,Apple,16GB,do_hoa_ky_thuat,2,1,1,Apple,Workstation_Creative,32GB,1TB,40tr_60tr
sinh_vien,6.0,20,HP,16GB,van_phong_hoc_tap,2,6,2,HP,Office_Student,8GB,512GB,duoi_15tr
vp_ke_toan,11.8,36,Asus,8GB,van_phong_hoc_tap,1,6,2,Dell,Office_Student,16GB,512GB,15tr_25tr
sinh_vien,6.0,19,Dell,16GB,van_phong_hoc_tap,2,3,1,Dell,Office_Student,8GB,512GB,duoi_15tr
sinh_vien,3.7,19,Asus,16GB,gaming,1,8,3,Asus,Gaming,8GB,512GB,duoi_15tr
sinh_vien,6.6,19,Asus,16GB,van_phong_hoc_tap,3,3,1,Asus,Office_Student,8GB,512GB,duoi_15tr
designer,24.3,24,Dell,8GB,do_hoa_ky_thuat,1,8,3,Apple,Workstation_Creative,16GB,1TB,40tr_60tr
lap_trinh_vien,29.7,23,Apple,8GB,do_hoa_ky_thuat,1,3,1,Apple,Workstation_Creative,32GB,1TB,40tr_60tr
freelancer_creator,23.6,27,Lenovo,32GB,do_hoa_ky_thuat,2,6,2,Lenovo,Workstation_Creative,16GB,1TB,40tr_60tr
sinh_vien,5.0,21,Apple,8GB,van_phong_hoc_tap,2,7,3,HP,Office_Student,8GB,512GB,duoi_15tr
quan_ly_doanh_nhan,89.8,37,Acer,8GB,doanh_nhan_di_dong,1,10,4,Apple,Ultrabook_Business,16GB,512GB,tren_60tr
sinh_vien,7.3,21,HP,32GB,van_phong_hoc_tap,3,11,4,Acer,Office_Student,8GB,512GB,duoi_15tr
vp_ke_toan,13.5,30,HP,16GB,van_phong_hoc_tap,4,4,2,HP,Office_Student,16GB,512GB,15tr_25tr
vp_ke_toan,14.7,37,Dell,8GB,van_phong_hoc_tap,2,3,1,Dell,Office_Student,16GB,512GB,15tr_25tr
vp_ke_toan,8.8,44,Dell,8GB,van_phong_hoc_tap,2,7,3,Dell,Office_Student,8GB,512GB,duoi_15tr
designer,35.7,23,Acer,8GB,do_hoa_ky_thuat,1,2,1,Lenovo,Workstation_Creative,32GB,1TB,40tr_60tr
sinh_vien,5.8,22,MSI,8GB,gaming,2,10,4,Acer,Gaming,16GB,512GB,duoi_15tr
vp_ke_toan,14.3,24,HP,16GB,van_phong_hoc_tap,1,10,4,Acer,Office_Student,16GB,512GB,15tr_25tr
sinh_vien,5.5,20,Lenovo,32GB,gaming,2,6,2,Lenovo,Gaming,16GB,512GB,duoi_15tr
gamer_streamer,25.5,27,Lenovo,16GB,gaming,1,7,3,Lenovo,Gaming,32GB,1TB,40tr_60tr
sinh_vien,4.5,19,Dell,16GB,van_phong_hoc_tap,4,11,4,Dell,Office_Student,8GB,512GB,duoi_15tr
quan_ly_doanh_nhan,72.7,53,HP,16GB,doanh_nhan_di_dong,2,3,1,HP,Ultrabook_Business,16GB,512GB,tren_60tr
sinh_vien,3.4,19,HP,16GB,van_phong_hoc_tap,1,10,4,HP,Office_Student,8GB,512GB,duoi_15tr
sinh_vien,7.5,21,Dell,8GB,van_phong_hoc_tap,2,12,4,Dell,Office_Student,8GB,512GB,duoi_15tr
gamer_streamer,52.9,20,Lenovo,16GB,gaming,3,8,3,Lenovo,Gaming,32GB,1TB,tren_60tr
freelancer_creator,38.3,29,HP,8GB,do_hoa_ky_thuat,1,5,2,Dell,Workstation_Creative,16GB,1TB,40tr_60tr
gamer_streamer,29.1,21,Lenovo,16GB,gaming,2,6,2,Lenovo,Gaming,32GB,1TB,40tr_60tr
gamer_streamer,53.3,26,MSI,16GB,gaming,3,11,4,MSI,Gaming,32GB,1TB,tren_60tr
vp_ke_toan,12.9,35,Acer,16GB,van_phong_hoc_tap,1,5,2,Acer,Office_Student,16GB,512GB,15tr_25tr
ky_su,31.5,26,HP,16GB,do_hoa_ky_thuat,2,11,4,Asus,Workstation_Creative,32GB,1TB,40tr_60tr
sinh_vien,7.2,21,Asus,16GB,van_phong_hoc_tap,3,7,3,Asus,Office_Student,8GB,512GB,duoi_15tr
giao_vien,11.6,36,Dell,16GB,van_phong_hoc_tap,1,9,3,Acer,Office_Student,16GB,512GB,15tr_25tr
designer,22.3,31,Lenovo,32GB,do_hoa_ky_thuat,2,2,1,Lenovo,Workstation_Creative,16GB,1TB,25tr_40tr
vp_ke_toan,8.0,44,Asus,8GB,van_phong_hoc_tap,1,6,2,Asus,Office_Student,8GB,512GB,duoi_15tr
vp_ke_toan,18.8,41,Dell,16GB,van_phong_hoc_tap,1,1,1,Dell,Office_Student,16GB,512GB,15tr_25tr
designer,33.4,34,Asus,8GB,do_hoa_ky_thuat,1,3,1,Asus,Workstation_Creative,16GB,1TB,40tr_60tr
quan_ly_doanh_nhan,46.1,35,Dell,16GB,doanh_nhan_di_dong,1,2,1,Dell,Ultrabook_Business,16GB,512GB,40tr_60tr
quan_ly_doanh_nhan,64.8,39,Apple,8GB,doanh_nhan_di_dong,2,8,3,Apple,Ultrabook_Business,16GB,512GB,tren_60tr
sinh_vien,5.6,22,Asus,32GB,gaming,2,4,2,Asus,Gaming,8GB,512GB,duoi_15tr
sinh_vien,4.3,20,Asus,16GB,van_phong_hoc_tap,1,7,3,Asus,Office_Student,8GB,512GB,duoi_15tr
lap_trinh_vien,24.3,33,HP,8GB,do_hoa_ky_thuat,1,9,3,Asus,Workstation_Creative,16GB,1TB,40tr_60tr
lap_trinh_vien,47.2,24,HP,8GB,do_hoa_ky_thuat,1,4,2,Lenovo,Workstation_Creative,16GB,1TB,tren_60tr
sinh_vien,4.5,21,HP,16GB,van_phong_hoc_tap,1,8,3,HP,Office_Student,8GB,512GB,duoi_15tr
sinh_vien,4.2,19,Dell,16GB,van_phong_hoc_tap,2,4,2,Dell,Office_Student,8GB,512GB,duoi_15tr
sinh_vien,4.2,22,HP,32GB,van_phong_hoc_tap,1,12,4,Asus,Office_Student,8GB,512GB,duoi_15tr
gamer_streamer,33.3,26,Dell,16GB,gaming,1,3,1,MSI,Gaming,32GB,1TB,40tr_60tr
gamer_streamer,18.3,21,Asus,8GB,gaming,1,10,4,Asus,Gaming,32GB,1TB,25tr_40tr
sinh_vien,2.9,20,Dell,16GB,van_phong_hoc_tap,1,2,1,Dell,Office_Student,8GB,512GB,duoi_15tr
ky_su,20.1,26,HP,16GB,do_hoa_ky_thuat,2,2,1,Apple,Workstation_Creative,32GB,1TB,25tr_40tr
quan_ly_doanh_nhan,33.9,34,Dell,16GB,doanh_nhan_di_dong,2,4,2,Dell,Ultrabook_Business,16GB,512GB,25tr_40tr
sinh_vien,2.3,19,Lenovo,16GB,van_phong_hoc_tap,1,11,4,Lenovo,Office_Student,8GB,512GB,duoi_15tr
sinh_vien,7.1,21,HP,8GB,gaming,2,12,4,Lenovo,Gaming,8GB,512GB,15tr_25tr
sinh_vien,6.7,18,HP,8GB,van_phong_hoc_tap,2,12,4,HP,Office_Student,8GB,512GB,duoi_15tr
sinh_vien,2.2,18,Asus,16GB,van_phong_hoc_tap,1,6,2,Dell,Office_Student,8GB,512GB,duoi_15tr
designer,39.8,31,Apple,16GB,do_hoa_ky_thuat,3,12,4,Asus,Workstation_Creative,32GB,1TB,40tr_60tr
freelancer_creator,15.7,28,Asus,8GB,do_hoa_ky_thuat,4,9,3,Asus,Gaming,32GB,1TB,25tr_40tr
vp_ke_toan,12.3,26,Dell,16GB,van_phong_hoc_tap,2,1,1,Dell,Office_Student,16GB,512GB,15tr_25tr
designer,36.9,29,Dell,32GB,do_hoa_ky_thuat,1,7,3,Lenovo,Workstation_Creative,32GB,1TB,40tr_60tr
designer,31.1,22,Asus,8GB,do_hoa_ky_thuat,2,5,2,Asus,Workstation_Creative,32GB,1TB,40tr_60tr
sinh_vien,2.8,19,Asus,8GB,gaming,3,11,4,Asus,Gaming,8GB,512GB,duoi_15tr
lap_trinh_vien,17.0,34,Dell,16GB,do_hoa_ky_thuat,3,9,3,MSI,Gaming,32GB,1TB,25tr_40tr
designer,35.1,34,Apple,16GB,do_hoa_ky_thuat,2,11,4,Apple,Workstation_Creative,32GB,1TB,40tr_60tr
gamer_streamer,35.8,24,HP,16GB,gaming,1,9,3,HP,Gaming,16GB,1TB,40tr_60tr
lap_trinh_vien,48.8,25,Apple,8GB,do_hoa_ky_thuat,2,10,4,Apple,Workstation_Creative,32GB,1TB,tren_60tr
sinh_vien,2.9,22,HP,32GB,van_phong_hoc_tap,2,1,1,HP,Office_Student,8GB,512GB,duoi_15tr
vp_ke_toan,11.1,40,Dell,8GB,van_phong_hoc_tap,1,10,4,Samsung,Office_Student,16GB,512GB,15tr_25tr
vp_ke_toan,19.0,34,Apple,16GB,van_phong_hoc_tap,2,11,4,HP,Office_Student,16GB,512GB,15tr_25tr
vp_ke_toan,11.2,31,HP,16GB,van_phong_hoc_tap,1,11,4,HP,Office_Student,16GB,512GB,15tr_25tr
sinh_vien,4.5,20,Dell,8GB,van_phong_hoc_tap,1,3,1,Dell,Office_Student,8GB,512GB,duoi_15tr
gamer_streamer,48.3,19,Acer,16GB,gaming,1,2,1,Acer,Gaming,16GB,1TB,tren_60tr
lap_trinh_vien,22.6,29,Dell,16GB,do_hoa_ky_thuat,4,9,3,Dell,Workstation_Creative,32GB,1TB,25tr_40tr
sinh_vien,4.4,18,Acer,16GB,gaming,1,1,1,Dell,Gaming,8GB,512GB,duoi_15tr
lap_trinh_vien,31.5,33,Lenovo,8GB,do_hoa_ky_thuat,2,5,2,Lenovo,Workstation_Creative,32GB,1TB,40tr_60tr
vp_ke_toan,16.8,42,Asus,32GB,van_phong_hoc_tap,2,9,3,Asus,Office_Student,16GB,512GB,15tr_25tr
quan_ly_doanh_nhan,46.5,52,Apple,8GB,doanh_nhan_di_dong,1,8,3,Apple,Ultrabook_Business,16GB,512GB,40tr_60tr
giao_vien,19.6,25,Dell,16GB,van_phong_hoc_tap,2,6,2,Dell,Office_Student,16GB,512GB,15tr_25tr
vp_ke_toan,11.7,41,HP,16GB,van_phong_hoc_tap,1,4,2,HP,Office_Student,16GB,512GB,15tr_25tr
sinh_vien,5.6,19,Dell,16GB,van_phong_hoc_tap,2,12,4,Dell,Office_Student,8GB,512GB,duoi_15tr
vp_ke_toan,14.4,31,HP,8GB,van_phong_hoc_tap,1,6,2,Lenovo,Office_Student,16GB,512GB,15tr_25tr
quan_ly_doanh_nhan,73.3,52,Apple,16GB,doanh_nhan_di_dong,1,9,3,Apple,Ultrabook_Business,16GB,512GB,tren_60tr
lap_trinh_vien,25.2,22,Dell,8GB,do_hoa_ky_thuat,1,1,1,Dell,Workstation_Creative,16GB,1TB,40tr_60tr
gamer_streamer,27.6,27,Acer,8GB,gaming,1,8,3,Acer,Gaming,32GB,1TB,40tr_60tr
ky_su,26.4,35,HP,32GB,do_hoa_ky_thuat,1,1,1,Asus,Workstation_Creative,16GB,1TB,40tr_60tr
lap_trinh_vien,25.4,31,Dell,8GB,do_hoa_ky_thuat,2,9,3,Dell,Workstation_Creative,32GB,1TB,40tr_60tr
freelancer_creator,14.9,26,Dell,8GB,do_hoa_ky_thuat,2,11,4,Lenovo,Gaming,32GB,1TB,25tr_40tr
vp_ke_toan,16.2,27,HP,16GB,van_phong_hoc_tap,1,2,1,Lenovo,Office_Student,16GB,512GB,15tr_25tr
lap_trinh_vien,27.2,22,Apple,16GB,do_hoa_ky_thuat,2,4,2,Lenovo,Workstation_Creative,16GB,1TB,40tr_60tr
vp_ke_toan,13.6,38,Dell,8GB,van_phong_hoc_tap,1,6,2,Dell,Office_Student,16GB,512GB,15tr_25tr
vp_ke_toan,19.6,43,Dell,16GB,van_phong_hoc_tap,1,10,4,Dell,Office_Student,16GB,512GB,15tr_25tr
designer,17.8,32,Apple,8GB,do_hoa_ky_thuat,1,2,1,Asus,Gaming,32GB,1TB,25tr_40tr
vp_ke_toan,20.0,35,Apple,16GB,van_phong_hoc_tap,1,1,1,Asus,Office_Student,16GB,512GB,25tr_40tr
giao_vien,16.2,40,Apple,8GB,van_phong_hoc_tap,2,9,3,HP,Office_Student,16GB,512GB,15tr_25tr
vp_ke_toan,17.1,34,HP,32GB,van_phong_hoc_tap,1,1,1,HP,Office_Student,16GB,512GB,15tr_25tr
designer,18.2,23,Dell,16GB,do_hoa_ky_thuat,1,11,4,Asus,Gaming,32GB,1TB,25tr_40tr
designer,23.9,29,Apple,16GB,do_hoa_ky_thuat,2,4,2,Lenovo,Workstation_Creative,16GB,1TB,40tr_60tr
gamer_streamer,30.0,29,Dell,8GB,gaming,1,7,3,Asus,Gaming,16GB,1TB,40tr_60tr
sinh_vien,3.3,22,Apple,8GB,van_phong_hoc_tap,1,7,3,Asus,Office_Student,8GB,512GB,duoi_15tr
freelancer_creator,30.3,28,Lenovo,8GB,do_hoa_ky_thuat,1,5,2,Lenovo,Workstation_Creative,32GB,1TB,40tr_60tr
ky_su,39.1,34,HP,32GB,do_hoa_ky_thuat,1,4,2,Lenovo,Workstation_Creative,32GB,1TB,40tr_60tr
sinh_vien,4.0,21,Dell,8GB,van_phong_hoc_tap,1,9,3,Dell,Office_Student,8GB,512GB,duoi_15tr
designer,12.5,32,Dell,8GB,do_hoa_ky_thuat,4,3,1,Lenovo,Gaming,16GB,512GB,15tr_25tr
lap_trinh_vien,28.6,23,Acer,8GB,do_hoa_ky_thuat,1,1,1,Dell,Workstation_Creative,32GB,1TB,40tr_60tr
freelancer_creator,29.6,29,Dell,16GB,do_hoa_ky_thuat,1,1,1,Dell,Workstation_Creative,16GB,1TB,40tr_60tr
quan_ly_doanh_nhan,54.6,30,Acer,8GB,doanh_nhan_di_dong,2,7,3,Lenovo,Ultrabook_Business,16GB,512GB,40tr_60tr
gamer_streamer,11.6,27,Acer,16GB,gaming,1,8,3,Acer,Gaming,16GB,512GB,15tr_25tr
quan_ly_doanh_nhan,85.4,38,Apple,32GB,doanh_nhan_di_dong,1,6,2,Dell,Ultrabook_Business,16GB,512GB,tren_60tr
ky_su,37.7,23,HP,8GB,do_hoa_ky_thuat,1,10,4,Asus,Workstation_Creative,32GB,1TB,40tr_60tr
gamer_streamer,28.8,27,Asus,16GB,gaming,1,5,2,HP,Gaming,16GB,1TB,40tr_60tr
sinh_vien,2.9,20,Acer,16GB,gaming,1,12,4,Acer,Gaming,16GB,512GB,duoi_15tr
sinh_vien,7.7,21,HP,8GB,van_phong_hoc_tap,3,11,4,HP,Office_Student,8GB,512GB,duoi_15tr
sinh_vien,3.6,22,Dell,8GB,van_phong_hoc_tap,1,12,4,Dell,Office_Student,8GB,512GB,duoi_15tr
quan_ly_doanh_nhan,61.0,37,Apple,8GB,doanh_nhan_di_dong,4,3,1,Dell,Ultrabook_Business,16GB,512GB,tren_60tr
gamer_streamer,53.5,26,Dell,16GB,gaming,1,7,3,MSI,Gaming,32GB,1TB,tren_60tr
quan_ly_doanh_nhan,66.4,42,HP,16GB,doanh_nhan_di_dong,1,4,2,HP,Ultrabook_Business,16GB,512GB,tren_60tr
lap_trinh_vien,37.3,38,HP,16GB,do_hoa_ky_thuat,1,8,3,Lenovo,Workstation_Creative,16GB,1TB,40tr_60tr
freelancer_creator,29.7,30,Lenovo,8GB,do_hoa_ky_thuat,1,11,4,Lenovo,Workstation_Creative,32GB,1TB,40tr_60tr
vp_ke_toan,8.9,30,Dell,32GB,van_phong_hoc_tap,2,2,1,Dell,Office_Student,8GB,512GB,duoi_15tr
lap_trinh_vien,46.9,33,Dell,16GB,do_hoa_ky_thuat,2,4,2,Dell,Workstation_Creative,32GB,1TB,tren_60tr
sinh_vien,2.8,20,Lenovo,8GB,van_phong_hoc_tap,2,9,3,MSI,Office_Student,8GB,512GB,duoi_15tr
sinh_vien,2.9,21,Acer,8GB,gaming,1,6,2,Acer,Gaming,8GB,512GB,duoi_15tr
gamer_streamer,52.3,19,Acer,8GB,gaming,2,5,2,Acer,Gaming,32GB,1TB,tren_60tr
vp_ke_toan,13.8,37,Acer,16GB,van_phong_hoc_tap,1,6,2,HP,Office_Student,16GB,512GB,15tr_25tr
sinh_vien,5.4,19,HP,16GB,van_phong_hoc_tap,1,11,4,HP,Office_Student,8GB,512GB,duoi_15tr
quan_ly_doanh_nhan,76.5,50,Lenovo,16GB,doanh_nhan_di_dong,2,2,1,HP,Ultrabook_Business,16GB,512GB,tren_60tr
lap_trinh_vien,22.6,36,Lenovo,8GB,do_hoa_ky_thuat,1,4,2,Dell,Workstation_Creative,16GB,1TB,25tr_40tr
sinh_vien,2.9,21,Apple,8GB,van_phong_hoc_tap,3,8,3,HP,Office_Student,8GB,512GB,duoi_15tr
sinh_vien,7.0,20,Dell,32GB,van_phong_hoc_tap,2,12,4,Dell,Office_Student,8GB,512GB,duoi_15tr
quan_ly_doanh_nhan,48.3,53,Samsung,16GB,doanh_nhan_di_dong,2,3,1,Apple,Ultrabook_Business,16GB,512GB,40tr_60tr
designer,14.4,23,HP,8GB,do_hoa_ky_thuat,1,3,1,HP,Gaming,16GB,1TB,25tr_40tr
sinh_vien,2.2,19,Asus,16GB,van_phong_hoc_tap,2,11,4,Asus,Office_Student,8GB,512GB,duoi_15tr
quan_ly_doanh_nhan,90.4,43,Asus,8GB,doanh_nhan_di_dong,3,5,2,Asus,Ultrabook_Business,16GB,512GB,tren_60tr
lap_trinh_vien,19.5,26,Asus,8GB,do_hoa_ky_thuat,1,8,3,Asus,Gaming,32GB,1TB,25tr_40tr
lap_trinh_vien,33.7,23,HP,8GB,do_hoa_ky_thuat,3,7,3,Apple,Workstation_Creative,32GB,1TB,40tr_60tr
lap_trinh_vien,48.2,32,Dell,16GB,do_hoa_ky_thuat,1,4,2,Dell,Workstation_Creative,32GB,1TB,tren_60tr
lap_trinh_vien,23.7,30,Lenovo,8GB,do_hoa_ky_thuat,2,4,2,Asus,Workstation_Creative,16GB,1TB,40tr_60tr
gamer_streamer,29.7,24,HP,16GB,gaming,2,4,2,HP,Gaming,32GB,1TB,40tr_60tr
ky_su,35.7,22,HP,32GB,do_hoa_ky_thuat,1,11,4,HP,Workstation_Creative,16GB,1TB,40tr_60tr
ky_su,44.6,26,Asus,16GB,do_hoa_ky_thuat,1,3,1,Asus,Workstation_Creative,16GB,1TB,tren_60tr
sinh_vien,4.0,22,Dell,8GB,van_phong_hoc_tap,1,3,1,Dell,Office_Student,8GB,512GB,duoi_15tr
gamer_streamer,51.0,21,Dell,8GB,gaming,1,4,2,Lenovo,Gaming,16GB,1TB,tren_60tr
lap_trinh_vien,45.6,31,Lenovo,16GB,do_hoa_ky_thuat,2,10,4,Lenovo,Workstation_Creative,16GB,1TB,tren_60tr
vp_ke_toan,9.6,36,Acer,16GB,van_phong_hoc_tap,1,7,3,Lenovo,Office_Student,8GB,512GB,duoi_15tr
lap_trinh_vien,46.7,29,Dell,8GB,do_hoa_ky_thuat,2,6,2,Dell,Workstation_Creative,16GB,1TB,tren_60tr
vp_ke_toan,11.7,38,Dell,16GB,van_phong_hoc_tap,2,12,4,Dell,Office_Student,16GB,512GB,15tr_25tr
gamer_streamer,59.9,29,Asus,16GB,gaming,1,6,2,Asus,Gaming,32GB,1TB,tren_60tr
sinh_vien,6.4,22,Lenovo,32GB,gaming,1,2,1,Lenovo,Gaming,16GB,512GB,duoi_15tr
vp_ke_toan,14.6,28,Dell,8GB,van_phong_hoc_tap,1,9,3,Asus,Office_Student,16GB,512GB,15tr_25tr
vp_ke_toan,19.0,44,Dell,16GB,van_phong_hoc_tap,2,4,2,Acer,Office_Student,16GB,512GB,15tr_25tr
lap_trinh_vien,28.6,34,Dell,16GB,do_hoa_ky_thuat,1,2,1,Dell,Workstation_Creative,32GB,1TB,40tr_60tr
lap_trinh_vien,47.0,24,Asus,8GB,do_hoa_ky_thuat,1,7,3,Apple,Workstation_Creative,32GB,1TB,tren_60tr
designer,38.6,22,Apple,16GB,do_hoa_ky_thuat,3,5,2,Apple,Workstation_Creative,32GB,1TB,40tr_60tr
designer,12.5,22,Lenovo,8GB,do_hoa_ky_thuat,1,6,2,Lenovo,Gaming,8GB,512GB,15tr_25tr
sinh_vien,3.3,22,Dell,8GB,van_phong_hoc_tap,2,4,2,HP,Office_Student,8GB,512GB,duoi_15tr
vp_ke_toan,11.2,29,Asus,16GB,van_phong_hoc_tap,3,10,4,Asus,Office_Student,16GB,512GB,15tr_25tr
designer,26.5,26,Samsung,8GB,do_hoa_ky_thuat,1,2,1,Apple,Workstation_Creative,32GB,1TB,40tr_60tr
lap_trinh_vien,21.7,38,Dell,16GB,do_hoa_ky_thuat,1,3,1,Dell,Workstation_Creative,32GB,1TB,25tr_40tr
designer,30.5,23,Asus,16GB,do_hoa_ky_thuat,1,9,3,Asus,Workstation_Creative,16GB,1TB,40tr_60tr
giao_vien,8.3,31,Apple,32GB,van_phong_hoc_tap,1,3,1,HP,Office_Student,8GB,512GB,duoi_15tr
vp_ke_toan,8.3,39,Dell,32GB,van_phong_hoc_tap,1,6,2,Asus,Office_Student,8GB,512GB,duoi_15tr
gamer_streamer,22.3,25,Acer,8GB,gaming,2,6,2,Acer,Gaming,32GB,1TB,25tr_40tr
sinh_vien,4.6,22,Dell,32GB,van_phong_hoc_tap,1,8,3,Acer,Office_Student,8GB,512GB,duoi_15tr
lap_trinh_vien,31.3,25,Asus,16GB,do_hoa_ky_thuat,1,11,4,Asus,Workstation_Creative,32GB,1TB,40tr_60tr
ky_su,31.9,33,Lenovo,8GB,do_hoa_ky_thuat,4,6,2,Lenovo,Workstation_Creative,16GB,1TB,40tr_60tr
sinh_vien,5.6,20,Asus,16GB,van_phong_hoc_tap,2,5,2,Acer,Office_Student,8GB,512GB,duoi_15tr
vp_ke_toan,14.1,41,HP,16GB,van_phong_hoc_tap,2,3,1,HP,Office_Student,16GB,512GB,15tr_25tr
gamer_streamer,50.0,26,Acer,16GB,gaming,2,9,3,Acer,Gaming,16GB,1TB,tren_60tr
freelancer_creator,39.2,23,Dell,8GB,do_hoa_ky_thuat,1,11,4,Dell,Workstation_Creative,32GB,1TB,40tr_60tr
quan_ly_doanh_nhan,44.7,53,Dell,16GB,doanh_nhan_di_dong,2,7,3,Dell,Ultrabook_Business,16GB,512GB,40tr_60tr
vp_ke_toan,16.5,44,Lenovo,8GB,van_phong_hoc_tap,4,7,3,Lenovo,Office_Student,16GB,512GB,15tr_25tr
freelancer_creator,33.5,22,Dell,32GB,do_hoa_ky_thuat,4,8,3,Dell,Workstation_Creative,16GB,1TB,40tr_60tr
ky_su,35.4,33,Asus,16GB,do_hoa_ky_thuat,1,6,2,Asus,Workstation_Creative,32GB,1TB,40tr_60tr
gamer_streamer,59.0,26,Asus,16GB,gaming,2,11,4,HP,Gaming,32GB,1TB,tren_60tr
quan_ly_doanh_nhan,80.9,45,HP,8GB,doanh_nhan_di_dong,2,7,3,HP,Ultrabook_Business,16GB,512GB,tren_60tr
vp_ke_toan,10.5,25,HP,8GB,van_phong_hoc_tap,1,3,1,HP,Office_Student,16GB,512GB,15tr_25tr
freelancer_creator,30.6,33,Lenovo,8GB,do_hoa_ky_thuat,3,3,1,Lenovo,Workstation_Creative,16GB,1TB,40tr_60tr
lap_trinh_vien,29.9,26,Dell,8GB,do_hoa_ky_thuat,1,10,4,Dell,Workstation_Creative,16GB,1TB,40tr_60tr
sinh_vien,6.0,18,Dell,32GB,van_phong_hoc_tap,3,3,1,Dell,Office_Student,8GB,512GB,duoi_15tr
giao_vien,13.7,42,Lenovo,8GB,van_phong_hoc_tap,2,8,3,Lenovo,Office_Student,16GB,512GB,15tr_25tr
freelancer_creator,16.4,31,HP,16GB,do_hoa_ky_thuat,1,2,1,Lenovo,Gaming,32GB,1TB,25tr_40tr
gamer_streamer,36.8,29,Acer,16GB,gaming,2,4,2,Acer,Gaming,16GB,1TB,40tr_60tr
vp_ke_toan,14.4,35,Asus,16GB,van_phong_hoc_tap,2,9,3,Asus,Office_Student,16GB,512GB,15tr_25tr
sinh_vien,5.8,22,Dell,32GB,van_phong_hoc_tap,2,12,4,Dell,Office_Student,8GB,512GB,duoi_15tr
vp_ke_toan,17.2,25,Asus,8GB,van_phong_hoc_tap,1,8,3,Asus,Office_Student,16GB,512GB,15tr_25tr
sinh_vien,7.2,22,Asus,16GB,gaming,2,2,1,HP,Gaming,16GB,512GB,15tr_25tr
quan_ly_doanh_nhan,91.1,32,Asus,16GB,doanh_nhan_di_dong,2,3,1,Asus,Ultrabook_Business,16GB,512GB,tren_60tr
freelancer_creator,23.2,34,Dell,16GB,do_hoa_ky_thuat,1,12,4,Apple,Workstation_Creative,16GB,1TB,25tr_40tr
ky_su,16.7,37,HP,8GB,do_hoa_ky_thuat,2,8,3,Apple,Gaming,32GB,1TB,25tr_40tr
vp_ke_toan,14.6,28,HP,8GB,van_phong_hoc_tap,2,2,1,HP,Office_Student,16GB,512GB,15tr_25tr
sinh_vien,5.4,20,Lenovo,8GB,van_phong_hoc_tap,1,5,2,Lenovo,Office_Student,8GB,512GB,duoi_15tr
quan_ly_doanh_nhan,54.4,54,Dell,16GB,doanh_nhan_di_dong,2,2,1,Lenovo,Ultrabook_Business,16GB,512GB,40tr_60tr
quan_ly_doanh_nhan,73.4,30,Samsung,16GB,doanh_nhan_di_dong,1,5,2,Asus,Ultrabook_Business,16GB,512GB,tren_60tr
quan_ly_doanh_nhan,64.2,30,Dell,8GB,doanh_nhan_di_dong,3,4,2,Dell,Ultrabook_Business,16GB,512GB,tren_60tr
vp_ke_toan,18.9,26,Asus,8GB,van_phong_hoc_tap,3,1,1,Asus,Office_Student,16GB,512GB,15tr_25tr
gamer_streamer,55.2,21,Dell,16GB,gaming,2,5,2,MSI,Gaming,32GB,1TB,tren_60tr
lap_trinh_vien,46.0,37,Asus,16GB,do_hoa_ky_thuat,3,3,1,Asus,Workstation_Creative,16GB,1TB,tren_60tr
vp_ke_toan,15.3,27,Lenovo,16GB,van_phong_hoc_tap,1,8,3,HP,Office_Student,16GB,512GB,15tr_25tr
sinh_vien,6.8,22,HP,16GB,van_phong_hoc_tap,1,7,3,HP,Office_Student,8GB,512GB,duoi_15tr
sinh_vien,3.9,20,Lenovo,16GB,gaming,2,12,4,Lenovo,Gaming,16GB,512GB,duoi_15tr
lap_trinh_vien,29.6,33,Lenovo,8GB,do_hoa_ky_thuat,2,4,2,Lenovo,Workstation_Creative,32GB,1TB,40tr_60tr
sinh_vien,2.2,21,Asus,32GB,van_phong_hoc_tap,1,11,4,HP,Office_Student,8GB,512GB,duoi_15tr
sinh_vien,3.3,19,Apple,16GB,van_phong_hoc_tap,4,5,2,Dell,Office_Student,8GB,512GB,duoi_15tr
sinh_vien,5.6,22,Asus,8GB,van_phong_hoc_tap,2,5,2,Asus,Office_Student,8GB,512GB,duoi_15tr
quan_ly_doanh_nhan,36.2,35,Apple,8GB,doanh_nhan_di_dong,1,11,4,Apple,Ultrabook_Business,16GB,512GB,40tr_60tr
designer,31.6,28,Dell,16GB,do_hoa_ky_thuat,1,10,4,Lenovo,Workstation_Creative,32GB,1TB,40tr_60tr
sinh_vien,7.3,21,Dell,16GB,gaming,1,10,4,MSI,Gaming,8GB,512GB,15tr_25tr
sinh_vien,3.1,20,Apple,16GB,van_phong_hoc_tap,1,3,1,Dell,Office_Student,8GB,512GB,duoi_15tr
giao_vien,16.8,39,Asus,16GB,van_phong_hoc_tap,3,7,3,Dell,Office_Student,16GB,512GB,15tr_25tr
freelancer_creator,14.5,28,HP,8GB,do_hoa_ky_thuat,2,3,1,HP,Gaming,32GB,1TB,25tr_40tr
vp_ke_toan,10.7,27,Dell,16GB,van_phong_hoc_tap,2,4,2,Dell,Office_Student,16GB,512GB,15tr_25tr
vp_ke_toan,19.1,23,Asus,16GB,van_phong_hoc_tap,3,6,2,Asus,Office_Student,16GB,512GB,15tr_25tr
ky_su,21.0,26,Acer,8GB,do_hoa_ky_thuat,1,7,3,Asus,Workstation_Creative,32GB,1TB,25tr_40tr
quan_ly_doanh_nhan,59.1,49,Apple,8GB,doanh_nhan_di_dong,1,11,4,Apple,Ultrabook_Business,16GB,512GB,40tr_60tr
quan_ly_doanh_nhan,73.2,43,Lenovo,8GB,doanh_nhan_di_dong,1,3,1,Lenovo,Ultrabook_Business,16GB,512GB,tren_60tr
lap_trinh_vien,36.1,26,Apple,32GB,do_hoa_ky_thuat,1,8,3,Dell,Workstation_Creative,32GB,1TB,40tr_60tr
giao_vien,12.2,25,Asus,8GB,van_phong_hoc_tap,2,5,2,Asus,Office_Student,16GB,512GB,15tr_25tr
sinh_vien,4.9,21,Apple,16GB,van_phong_hoc_tap,2,12,4,HP,Office_Student,8GB,512GB,duoi_15tr
quan_ly_doanh_nhan,77.9,34,Lenovo,16GB,doanh_nhan_di_dong,2,2,1,Dell,Ultrabook_Business,16GB,512GB,tren_60tr
lap_trinh_vien,48.7,28,Apple,16GB,do_hoa_ky_thuat,2,3,1,Apple,Workstation_Creative,16GB,1TB,tren_60tr
freelancer_creator,39.1,25,Lenovo,16GB,do_hoa_ky_thuat,4,1,1,Lenovo,Workstation_Creative,32GB,1TB,40tr_60tr
vp_ke_toan,15.0,24,Lenovo,32GB,van_phong_hoc_tap,4,5,2,Acer,Office_Student,16GB,512GB,15tr_25tr
vp_ke_toan,15.9,23,Dell,16GB,van_phong_hoc_tap,1,12,4,Acer,Office_Student,16GB,512GB,15tr_25tr
lap_trinh_vien,30.5,35,Lenovo,16GB,do_hoa_ky_thuat,1,1,1,Lenovo,Workstation_Creative,16GB,1TB,40tr_60tr
quan_ly_doanh_nhan,59.2,36,Apple,32GB,doanh_nhan_di_dong,1,9,3,Apple,Ultrabook_Business,16GB,512GB,40tr_60tr
quan_ly_doanh_nhan,78.9,41,Lenovo,8GB,doanh_nhan_di_dong,3,10,4,Lenovo,Ultrabook_Business,16GB,512GB,tren_60tr
ky_su,33.5,33,Dell,16GB,do_hoa_ky_thuat,1,1,1,Dell,Workstation_Creative,16GB,1TB,40tr_60tr
quan_ly_doanh_nhan,43.8,51,HP,16GB,doanh_nhan_di_dong,2,9,3,HP,Ultrabook_Business,16GB,512GB,40tr_60tr
vp_ke_toan,8.4,38,Dell,16GB,van_phong_hoc_tap,1,9,3,Asus,Office_Student,8GB,512GB,duoi_15tr
designer,16.8,26,Acer,16GB,do_hoa_ky_thuat,3,2,1,Asus,Gaming,32GB,1TB,25tr_40tr
quan_ly_doanh_nhan,85.9,31,Apple,16GB,doanh_nhan_di_dong,1,7,3,HP,Ultrabook_Business,16GB,512GB,tren_60tr
sinh_vien,4.6,20,Asus,8GB,van_phong_hoc_tap,1,3,1,Asus,Office_Student,8GB,512GB,duoi_15tr
gamer_streamer,30.5,28,Acer,32GB,gaming,2,2,1,Acer,Gaming,16GB,1TB,40tr_60tr
designer,14.2,26,Apple,16GB,do_hoa_ky_thuat,2,7,3,MSI,Gaming,32GB,1TB,25tr_40tr
vp_ke_toan,11.4,43,Lenovo,16GB,van_phong_hoc_tap,2,2,1,Lenovo,Office_Student,16GB,512GB,15tr_25tr
lap_trinh_vien,22.1,34,Lenovo,32GB,do_hoa_ky_thuat,2,3,1,Lenovo,Workstation_Creative,16GB,1TB,25tr_40tr
sinh_vien,6.7,21,Dell,32GB,van_phong_hoc_tap,1,4,2,Dell,Office_Student,8GB,512GB,duoi_15tr
designer,37.3,28,Lenovo,16GB,do_hoa_ky_thuat,3,2,1,Lenovo,Workstation_Creative,32GB,1TB,40tr_60tr
vp_ke_toan,12.7,31,Lenovo,8GB,van_phong_hoc_tap,1,1,1,Lenovo,Office_Student,16GB,512GB,15tr_25tr
ky_su,15.7,27,Asus,8GB,do_hoa_ky_thuat,1,12,4,Asus,Gaming,16GB,1TB,25tr_40tr
lap_trinh_vien,26.0,27,Lenovo,32GB,do_hoa_ky_thuat,1,7,3,Apple,Workstation_Creative,32GB,1TB,40tr_60tr
vp_ke_toan,12.4,37,Asus,8GB,van_phong_hoc_tap,3,4,2,Asus,Office_Student,16GB,512GB,15tr_25tr
giao_vien,12.3,36,Asus,16GB,van_phong_hoc_tap,1,8,3,Dell,Office_Student,16GB,512GB,15tr_25tr
vp_ke_toan,17.6,32,Dell,32GB,van_phong_hoc_tap,2,5,2,Dell,Office_Student,16GB,512GB,15tr_25tr
gamer_streamer,53.1,18,MSI,8GB,gaming,2,9,3,MSI,Gaming,32GB,1TB,tren_60tr
sinh_vien,3.7,18,Asus,16GB,van_phong_hoc_tap,1,11,4,Asus,Office_Student,8GB,512GB,duoi_15tr
sinh_vien,6.5,18,Dell,32GB,van_phong_hoc_tap,2,8,3,Acer,Office_Student,8GB,512GB,duoi_15tr
lap_trinh_vien,25.4,30,Lenovo,32GB,do_hoa_ky_thuat,3,9,3,Dell,Workstation_Creative,32GB,1TB,40tr_60tr
lap_trinh_vien,43.5,23,Apple,16GB,do_hoa_ky_thuat,1,4,2,Asus,Workstation_Creative,16GB,1TB,tren_60tr
sinh_vien,6.5,19,MSI,8GB,gaming,1,6,2,MSI,Gaming,8GB,512GB,duoi_15tr
gamer_streamer,29.7,18,Acer,16GB,gaming,1,5,2,Acer,Gaming,32GB,1TB,40tr_60tr
giao_vien,17.7,29,Dell,16GB,van_phong_hoc_tap,4,12,4,Acer,Office_Student,16GB,512GB,15tr_25tr
lap_trinh_vien,36.5,34,Apple,8GB,do_hoa_ky_thuat,1,5,2,Dell,Workstation_Creative,32GB,1TB,40tr_60tr
vp_ke_toan,13.2,40,Dell,8GB,van_phong_hoc_tap,2,5,2,Dell,Office_Student,16GB,512GB,15tr_25tr
vp_ke_toan,8.3,33,HP,8GB,van_phong_hoc_tap,2,9,3,Dell,Office_Student,8GB,512GB,duoi_15tr
designer,15.0,27,Dell,32GB,do_hoa_ky_thuat,1,1,1,Lenovo,Gaming,32GB,1TB,25tr_40tr
sinh_vien,6.3,20,MSI,16GB,gaming,1,5,2,Lenovo,Gaming,16GB,512GB,duoi_15tr
designer,32.8,24,Apple,16GB,do_hoa_ky_thuat,1,9,3,Apple,Workstation_Creative,32GB,1TB,40tr_60tr
designer,18.8,24,Apple,8GB,do_hoa_ky_thuat,2,5,2,Asus,Gaming,32GB,1TB,25tr_40tr
giao_vien,18.7,32,Acer,16GB,van_phong_hoc_tap,1,9,3,Acer,Office_Student,16GB,512GB,15tr_25tr
vp_ke_toan,10.9,41,Asus,16GB,van_phong_hoc_tap,4,7,3,HP,Office_Student,16GB,512GB,15tr_25tr
lap_trinh_vien,48.3,25,Dell,16GB,do_hoa_ky_thuat,1,12,4,Dell,Workstation_Creative,32GB,1TB,tren_60tr
designer,35.0,28,Asus,8GB,do_hoa_ky_thuat,2,10,4,Asus,Workstation_Creative,16GB,1TB,40tr_60tr
quan_ly_doanh_nhan,79.4,37,Samsung,16GB,doanh_nhan_di_dong,2,1,1,Lenovo,Ultrabook_Business,16GB,512GB,tren_60tr
vp_ke_toan,17.6,25,Dell,8GB,van_phong_hoc_tap,2,2,1,Acer,Office_Student,16GB,512GB,15tr_25tr
gamer_streamer,53.1,24,Asus,8GB,gaming,3,7,3,Asus,Gaming,16GB,1TB,tren_60tr
vp_ke_toan,15.8,42,Acer,8GB,van_phong_hoc_tap,2,3,1,Acer,Office_Student,16GB,512GB,15tr_25tr
lap_trinh_vien,41.7,30,Acer,16GB,do_hoa_ky_thuat,1,10,4,Asus,Workstation_Creative,32GB,1TB,tren_60tr
sinh_vien,4.8,22,Dell,16GB,van_phong_hoc_tap,2,12,4,Asus,Office_Student,8GB,512GB,duoi_15tr
freelancer_creator,30.3,33,Asus,16GB,do_hoa_ky_thuat,2,12,4,Asus,Workstation_Creative,32GB,1TB,40tr_60tr
freelancer_creator,16.7,22,Dell,16GB,do_hoa_ky_thuat,1,3,1,Asus,Gaming,32GB,1TB,25tr_40tr
designer,23.0,31,Lenovo,32GB,do_hoa_ky_thuat,3,8,3,Lenovo,Workstation_Creative,16GB,1TB,25tr_40tr
sinh_vien,5.5,19,Lenovo,16GB,van_phong_hoc_tap,1,1,1,Lenovo,Office_Student,8GB,512GB,duoi_15tr
lap_trinh_vien,35.8,39,Asus,16GB,do_hoa_ky_thuat,1,9,3,Asus,Workstation_Creative,32GB,1TB,40tr_60tr
lap_trinh_vien,40.2,30,HP,16GB,do_hoa_ky_thuat,2,4,2,Asus,Workstation_Creative,32GB,1TB,tren_60tr
sinh_vien,8.0,19,HP,16GB,van_phong_hoc_tap,2,2,1,HP,Office_Student,8GB,512GB,duoi_15tr
vp_ke_toan,13.6,28,Asus,8GB,van_phong_hoc_tap,1,6,2,Acer,Office_Student,16GB,512GB,15tr_25tr
ky_su,25.1,34,Dell,32GB,do_hoa_ky_thuat,2,5,2,Dell,Workstation_Creative,16GB,1TB,40tr_60tr
designer,25.3,32,HP,16GB,do_hoa_ky_thuat,1,7,3,Lenovo,Workstation_Creative,16GB,1TB,40tr_60tr
giao_vien,10.8,43,HP,32GB,van_phong_hoc_tap,1,3,1,HP,Office_Student,16GB,512GB,15tr_25tr
sinh_vien,7.8,19,Lenovo,32GB,van_phong_hoc_tap,1,5,2,Lenovo,Office_Student,8GB,512GB,duoi_15tr
vp_ke_toan,13.9,24,Dell,8GB,van_phong_hoc_tap,2,2,1,Lenovo,Office_Student,16GB,512GB,15tr_25tr
vp_ke_toan,18.4,37,Dell,16GB,van_phong_hoc_tap,1,3,1,Acer,Office_Student,16GB,512GB,15tr_25tr
sinh_vien,2.4,20,Dell,8GB,van_phong_hoc_tap,1,8,3,Asus,Office_Student,8GB,512GB,duoi_15tr
lap_trinh_vien,42.9,32,Lenovo,16GB,do_hoa_ky_thuat,1,10,4,Lenovo,Workstation_Creative,16GB,1TB,tren_60tr
sinh_vien,2.2,20,Asus,16GB,van_phong_hoc_tap,2,5,2,Dell,Office_Student,8GB,512GB,duoi_15tr
lap_trinh_vien,44.9,24,Dell,32GB,do_hoa_ky_thuat,1,5,2,Dell,Workstation_Creative,16GB,1TB,tren_60tr
ky_su,17.7,25,Asus,16GB,do_hoa_ky_thuat,1,6,2,Asus,Gaming,16GB,1TB,25tr_40tr
freelancer_creator,19.9,27,Dell,16GB,do_hoa_ky_thuat,2,5,2,MSI,Gaming,16GB,1TB,25tr_40tr
gamer_streamer,17.8,22,MSI,16GB,gaming,1,2,1,MSI,Gaming,32GB,1TB,25tr_40tr
lap_trinh_vien,41.7,22,Apple,8GB,do_hoa_ky_thuat,2,5,2,Apple,Workstation_Creative,32GB,1TB,tren_60tr
vp_ke_toan,19.1,23,Asus,16GB,van_phong_hoc_tap,4,8,3,Asus,Office_Student,16GB,512GB,15tr_25tr
lap_trinh_vien,19.1,25,Dell,8GB,do_hoa_ky_thuat,2,6,2,Asus,Gaming,32GB,1TB,25tr_40tr
sinh_vien,7.7,21,Asus,16GB,gaming,2,4,2,HP,Gaming,8GB,512GB,15tr_25tr
vp_ke_toan,9.0,35,Dell,16GB,van_phong_hoc_tap,2,11,4,Dell,Office_Student,8GB,512GB,duoi_15tr
designer,12.8,34,Asus,8GB,do_hoa_ky_thuat,2,8,3,Asus,Gaming,8GB,512GB,15tr_25tr
lap_trinh_vien,29.7,26,Dell,8GB,do_hoa_ky_thuat,3,3,1,Dell,Workstation_Creative,32GB,1TB,40tr_60tr
sinh_vien,5.0,19,Acer,8GB,van_phong_hoc_tap,2,7,3,Acer,Office_Student,8GB,512GB,duoi_15tr
giao_vien,16.4,27,HP,8GB,van_phong_hoc_tap,1,2,1,HP,Office_Student,16GB,512GB,15tr_25tr
gamer_streamer,15.4,28,Asus,16GB,gaming,3,4,2,Asus,Gaming,32GB,1TB,25tr_40tr
quan_ly_doanh_nhan,60.4,33,Lenovo,16GB,doanh_nhan_di_dong,2,12,4,Apple,Ultrabook_Business,16GB,512GB,tren_60tr
sinh_vien,3.2,18,HP,16GB,van_phong_hoc_tap,3,1,1,HP,Office_Student,8GB,512GB,duoi_15tr
sinh_vien,2.6,21,HP,16GB,van_phong_hoc_tap,3,1,1,HP,Office_Student,8GB,512GB,duoi_15tr
vp_ke_toan,17.6,43,Dell,8GB,van_phong_hoc_tap,3,5,2,Dell,Office_Student,16GB,512GB,15tr_25tr
lap_trinh_vien,20.0,38,Lenovo,16GB,do_hoa_ky_thuat,1,8,3,Lenovo,Gaming,16GB,1TB,25tr_40tr
quan_ly_doanh_nhan,32.4,52,HP,16GB,doanh_nhan_di_dong,2,6,2,Apple,Ultrabook_Business,16GB,512GB,25tr_40tr
designer,14.8,24,Asus,8GB,do_hoa_ky_thuat,1,3,1,Asus,Gaming,32GB,1TB,25tr_40tr
sinh_vien,4.5,22,HP,8GB,gaming,3,1,1,HP,Gaming,16GB,512GB,duoi_15tr
sinh_vien,5.8,19,Lenovo,8GB,gaming,1,4,2,Lenovo,Gaming,16GB,512GB,duoi_15tr
designer,28.0,34,Apple,16GB,do_hoa_ky_thuat,1,2,1,Apple,Workstation_Creative,32GB,1TB,40tr_60tr
designer,39.8,30,Acer,8GB,do_hoa_ky_thuat,1,1,1,Dell,Workstation_Creative,32GB,1TB,40tr_60tr
sinh_vien,6.4,22,Dell,16GB,van_phong_hoc_tap,1,10,4,Asus,Office_Student,8GB,512GB,duoi_15tr
vp_ke_toan,8.1,44,Acer,32GB,van_phong_hoc_tap,2,1,1,Acer,Office_Student,8GB,512GB,duoi_15tr
lap_trinh_vien,34.2,36,Apple,8GB,do_hoa_ky_thuat,1,2,1,Apple,Workstation_Creative,16GB,1TB,40tr_60tr
vp_ke_toan,11.3,35,Apple,16GB,van_phong_hoc_tap,2,12,4,Dell,Office_Student,16GB,512GB,15tr_25tr
sinh_vien,2.7,21,Dell,16GB,van_phong_hoc_tap,1,10,4,Dell,Office_Student,8GB,512GB,duoi_15tr
gamer_streamer,57.0,19,Asus,8GB,gaming,2,8,3,Asus,Gaming,32GB,1TB,tren_60tr
vp_ke_toan,15.6,38,Dell,8GB,van_phong_hoc_tap,3,5,2,Dell,Office_Student,16GB,512GB,15tr_25tr
quan_ly_doanh_nhan,43.4,38,HP,8GB,doanh_nhan_di_dong,1,10,4,HP,Ultrabook_Business,16GB,512GB,40tr_60tr
vp_ke_toan,19.5,37,Dell,8GB,van_phong_hoc_tap,2,2,1,Lenovo,Office_Student,16GB,512GB,15tr_25tr
sinh_vien,6.1,18,Dell,16GB,van_phong_hoc_tap,2,12,4,Dell,Office_Student,8GB,512GB,duoi_15tr
giao_vien,10.9,26,Asus,16GB,van_phong_hoc_tap,1,10,4,Asus,Office_Student,16GB,512GB,15tr_25tr
vp_ke_toan,8.7,39,Asus,8GB,van_phong_hoc_tap,2,5,2,Acer,Office_Student,8GB,512GB,duoi_15tr
sinh_vien,7.5,19,Dell,16GB,van_phong_hoc_tap,1,12,4,Dell,Office_Student,8GB,512GB,duoi_15tr
sinh_vien,3.8,21,Apple,32GB,van_phong_hoc_tap,2,9,3,HP,Office_Student,8GB,512GB,duoi_15tr
quan_ly_doanh_nhan,89.1,54,Lenovo,8GB,doanh_nhan_di_dong,2,11,4,Lenovo,Ultrabook_Business,16GB,512GB,tren_60tr
sinh_vien,4.3,21,Apple,32GB,van_phong_hoc_tap,2,10,4,Dell,Office_Student,8GB,512GB,duoi_15tr
sinh_vien,4.5,18,HP,8GB,van_phong_hoc_tap,1,7,3,Lenovo,Office_Student,8GB,512GB,duoi_15tr
designer,35.6,28,Dell,16GB,do_hoa_ky_thuat,1,3,1,Dell,Workstation_Creative,32GB,1TB,40tr_60tr
lap_trinh_vien,39.1,36,Lenovo,16GB,do_hoa_ky_thuat,4,12,4,Lenovo,Workstation_Creative,16GB,1TB,40tr_60tr
lap_trinh_vien,26.7,34,Dell,8GB,do_hoa_ky_thuat,2,8,3,Lenovo,Workstation_Creative,16GB,1TB,40tr_60tr
vp_ke_toan,17.2,29,Asus,16GB,van_phong_hoc_tap,3,6,2,Lenovo,Office_Student,16GB,512GB,15tr_25tr
lap_trinh_vien,18.3,24,Lenovo,8GB,do_hoa_ky_thuat,1,10,4,Lenovo,Gaming,32GB,1TB,25tr_40tr
ky_su,16.6,36,Dell,8GB,do_hoa_ky_thuat,1,8,3,MSI,Gaming,32GB,1TB,25tr_40tr
designer,19.1,28,HP,8GB,do_hoa_ky_thuat,3,12,4,Lenovo,Gaming,32GB,1TB,25tr_40tr
lap_trinh_vien,16.8,34,Asus,8GB,do_hoa_ky_thuat,2,4,2,Asus,Gaming,32GB,1TB,25tr_40tr
vp_ke_toan,10.2,24,Dell,8GB,van_phong_hoc_tap,1,4,2,Lenovo,Office_Student,16GB,512GB,15tr_25tr
gamer_streamer,22.6,22,MSI,8GB,gaming,1,12,4,MSI,Gaming,32GB,1TB,25tr_40tr
vp_ke_toan,12.7,42,HP,8GB,van_phong_hoc_tap,2,9,3,HP,Office_Student,16GB,512GB,15tr_25tr
vp_ke_toan,11.0,43,HP,16GB,van_phong_hoc_tap,1,10,4,Apple,Office_Student,16GB,512GB,15tr_25tr
vp_ke_toan,10.1,28,HP,16GB,van_phong_hoc_tap,1,2,1,Acer,Office_Student,16GB,512GB,15tr_25tr
sinh_vien,7.7,21,HP,8GB,gaming,1,11,4,HP,Gaming,16GB,512GB,15tr_25tr
vp_ke_toan,16.9,34,HP,16GB,van_phong_hoc_tap,1,5,2,HP,Office_Student,16GB,512GB,15tr_25tr
gamer_streamer,11.0,26,Asus,8GB,gaming,1,11,4,Asus,Gaming,8GB,512GB,15tr_25tr
sinh_vien,4.1,18,Dell,8GB,van_phong_hoc_tap,1,5,2,HP,Office_Student,8GB,512GB,duoi_15tr
sinh_vien,2.9,18,HP,16GB,van_phong_hoc_tap,1,11,4,HP,Office_Student,8GB,512GB,duoi_15tr
sinh_vien,3.4,19,Acer,8GB,gaming,4,9,3,Acer,Gaming,16GB,512GB,duoi_15tr
sinh_vien,7.6,19,Dell,16GB,gaming,1,1,1,Asus,Gaming,16GB,512GB,15tr_25tr
quan_ly_doanh_nhan,90.1,48,Lenovo,16GB,doanh_nhan_di_dong,2,9,3,Asus,Ultrabook_Business,16GB,512GB,tren_60tr
designer,37.3,24,Asus,32GB,do_hoa_ky_thuat,1,2,1,Asus,Workstation_Creative,16GB,1TB,40tr_60tr
lap_trinh_vien,25.4,26,HP,8GB,do_hoa_ky_thuat,1,4,2,Apple,Workstation_Creative,16GB,1TB,40tr_60tr
lap_trinh_vien,21.3,32,Apple,8GB,do_hoa_ky_thuat,2,12,4,Lenovo,Workstation_Creative,32GB,1TB,25tr_40tr
quan_ly_doanh_nhan,43.4,46,Asus,32GB,doanh_nhan_di_dong,1,7,3,Asus,Ultrabook_Business,16GB,512GB,40tr_60tr
sinh_vien,4.0,20,Asus,16GB,gaming,2,9,3,Lenovo,Gaming,16GB,512GB,duoi_15tr
gamer_streamer,56.0,20,Acer,8GB,gaming,1,10,4,Acer,Gaming,16GB,1TB,tren_60tr
designer,34.2,34,Lenovo,32GB,do_hoa_ky_thuat,1,6,2,Lenovo,Workstation_Creative,32GB,1TB,40tr_60tr
designer,17.9,29,Asus,8GB,do_hoa_ky_thuat,2,6,2,Asus,Gaming,32GB,1TB,25tr_40tr
giao_vien,9.7,34,Dell,8GB,van_phong_hoc_tap,3,12,4,Acer,Office_Student,8GB,512GB,duoi_15tr
gamer_streamer,16.4,22,Asus,32GB,gaming,4,8,3,Asus,Gaming,32GB,1TB,25tr_40tr
sinh_vien,5.4,21,Asus,8GB,van_phong_hoc_tap,1,12,4,Asus,Office_Student,8GB,512GB,duoi_15tr
quan_ly_doanh_nhan,73.1,31,HP,8GB,doanh_nhan_di_dong,1,8,3,HP,Ultrabook_Business,16GB,512GB,tren_60tr
sinh_vien,5.9,20,Dell,16GB,van_phong_hoc_tap,2,9,3,Lenovo,Office_Student,8GB,512GB,duoi_15tr
lap_trinh_vien,17.9,22,Dell,16GB,do_hoa_ky_thuat,1,10,4,Asus,Gaming,32GB,1TB,25tr_40tr
lap_trinh_vien,18.0,36,Asus,32GB,do_hoa_ky_thuat,2,3,1,Asus,Gaming,16GB,1TB,25tr_40tr
lap_trinh_vien,23.3,29,Apple,16GB,do_hoa_ky_thuat,2,7,3,Apple,Workstation_Creative,16GB,1TB,25tr_40tr
lap_trinh_vien,20.9,23,Dell,16GB,do_hoa_ky_thuat,1,1,1,Dell,Workstation_Creative,32GB,1TB,25tr_40tr
freelancer_creator,20.9,32,Lenovo,32GB,do_hoa_ky_thuat,2,8,3,Lenovo,Workstation_Creative,32GB,1TB,25tr_40tr
gamer_streamer,57.9,20,MSI,16GB,gaming,2,12,4,Acer,Gaming,32GB,1TB,tren_60tr
sinh_vien,3.9,22,MSI,16GB,gaming,2,10,4,MSI,Gaming,16GB,512GB,duoi_15tr
gamer_streamer,33.8,18,Acer,32GB,gaming,3,9,3,Acer,Gaming,16GB,1TB,40tr_60tr
gamer_streamer,48.4,19,MSI,8GB,gaming,1,8,3,MSI,Gaming,16GB,1TB,tren_60tr
vp_ke_toan,15.8,30,HP,16GB,van_phong_hoc_tap,1,12,4,Dell,Office_Student,16GB,512GB,15tr_25tr
sinh_vien,5.2,18,Asus,8GB,van_phong_hoc_tap,1,12,4,Asus,Office_Student,8GB,512GB,duoi_15tr
vp_ke_toan,18.8,24,HP,8GB,van_phong_hoc_tap,1,6,2,HP,Office_Student,16GB,512GB,15tr_25tr
lap_trinh_vien,47.5,34,Apple,16GB,do_hoa_ky_thuat,3,12,4,Apple,Workstation_Creative,32GB,1TB,tren_60tr
gamer_streamer,56.1,28,Dell,8GB,gaming,1,1,1,Lenovo,Gaming,16GB,1TB,tren_60tr
lap_trinh_vien,33.8,38,Dell,32GB,do_hoa_ky_thuat,2,2,1,Dell,Workstation_Creative,32GB,1TB,40tr_60tr
gamer_streamer,26.1,25,HP,16GB,gaming,2,6,2,HP,Gaming,32GB,1TB,40tr_60tr
gamer_streamer,56.4,26,Acer,16GB,gaming,2,4,2,HP,Gaming,32GB,1TB,tren_60tr
vp_ke_toan,19.2,33,Dell,8GB,van_phong_hoc_tap,1,7,3,Dell,Office_Student,16GB,512GB,15tr_25tr
gamer_streamer,43.6,26,MSI,8GB,gaming,2,3,1,Lenovo,Gaming,32GB,1TB,tren_60tr
sinh_vien,5.6,19,Dell,8GB,van_phong_hoc_tap,2,7,3,Dell,Office_Student,8GB,512GB,duoi_15tr
vp_ke_toan,9.3,26,Asus,8GB,van_phong_hoc_tap,3,11,4,HP,Office_Student,8GB,512GB,duoi_15tr
giao_vien,11.8,27,Dell,16GB,van_phong_hoc_tap,4,10,4,Dell,Office_Student,16GB,512GB,15tr_25tr
vp_ke_toan,11.4,39,Lenovo,16GB,van_phong_hoc_tap,1,2,1,Lenovo,Office_Student,16GB,512GB,15tr_25tr
vp_ke_toan,14.8,28,Apple,16GB,van_phong_hoc_tap,1,5,2,HP,Office_Student,16GB,512GB,15tr_25tr
vp_ke_toan,11.0,28,HP,8GB,van_phong_hoc_tap,1,10,4,HP,Office_Student,16GB,512GB,15tr_25tr
vp_ke_toan,11.3,42,Asus,16GB,van_phong_hoc_tap,1,5,2,Asus,Office_Student,16GB,512GB,15tr_25tr
giao_vien,8.2,41,Dell,8GB,van_phong_hoc_tap,1,8,3,Dell,Office_Student,8GB,512GB,duoi_15tr
sinh_vien,7.3,18,HP,32GB,van_phong_hoc_tap,1,1,1,HP,Office_Student,8GB,512GB,duoi_15tr
quan_ly_doanh_nhan,59.0,41,Dell,16GB,doanh_nhan_di_dong,3,3,1,Dell,Ultrabook_Business,16GB,512GB,40tr_60tr
vp_ke_toan,19.8,44,Asus,32GB,van_phong_hoc_tap,2,5,2,Asus,Office_Student,16GB,512GB,15tr_25tr
quan_ly_doanh_nhan,75.3,33,Samsung,8GB,doanh_nhan_di_dong,2,2,1,Asus,Ultrabook_Business,16GB,512GB,tren_60tr
designer,37.9,24,Asus,16GB,do_hoa_ky_thuat,1,5,2,Asus,Workstation_Creative,32GB,1TB,40tr_60tr
gamer_streamer,31.8,26,MSI,16GB,gaming,3,6,2,MSI,Gaming,16GB,1TB,40tr_60tr
freelancer_creator,31.5,23,Dell,16GB,do_hoa_ky_thuat,2,4,2,Dell,Workstation_Creative,32GB,1TB,40tr_60tr
quan_ly_doanh_nhan,69.8,41,Apple,16GB,doanh_nhan_di_dong,2,5,2,Apple,Ultrabook_Business,16GB,512GB,tren_60tr
designer,22.4,33,HP,16GB,do_hoa_ky_thuat,3,3,1,Dell,Workstation_Creative,32GB,1TB,25tr_40tr
gamer_streamer,20.2,21,MSI,16GB,gaming,1,2,1,MSI,Gaming,32GB,1TB,25tr_40tr
vp_ke_toan,8.7,35,HP,32GB,van_phong_hoc_tap,1,11,4,Asus,Office_Student,8GB,512GB,duoi_15tr
sinh_vien,3.8,22,Dell,8GB,van_phong_hoc_tap,1,5,2,Dell,Office_Student,8GB,512GB,duoi_15tr
vp_ke_toan,8.9,37,HP,16GB,van_phong_hoc_tap,1,4,2,HP,Office_Student,8GB,512GB,duoi_15tr
vp_ke_toan,9.5,31,Asus,16GB,van_phong_hoc_tap,3,11,4,Asus,Office_Student,8GB,512GB,duoi_15tr
sinh_vien,2.9,20,HP,16GB,van_phong_hoc_tap,4,7,3,Asus,Office_Student,8GB,512GB,duoi_15tr
sinh_vien,2.5,22,Lenovo,16GB,van_phong_hoc_tap,1,12,4,HP,Office_Student,8GB,512GB,duoi_15tr
vp_ke_toan,16.9,24,Asus,8GB,van_phong_hoc_tap,3,3,1,Asus,Office_Student,16GB,512GB,15tr_25tr
ky_su,27.9,34,Lenovo,16GB,do_hoa_ky_thuat,2,11,4,Lenovo,Workstation_Creative,32GB,1TB,40tr_60tr
sinh_vien,7.0,20,MSI,16GB,gaming,1,6,2,MSI,Gaming,16GB,512GB,15tr_25tr
sinh_vien,4.2,22,HP,16GB,van_phong_hoc_tap,2,11,4,Dell,Office_Student,8GB,512GB,duoi_15tr
giao_vien,14.4,38,Asus,16GB,van_phong_hoc_tap,1,3,1,Asus,Office_Student,16GB,512GB,15tr_25tr
lap_trinh_vien,40.7,35,Apple,8GB,do_hoa_ky_thuat,3,7,3,Apple,Workstation_Creative,16GB,1TB,tren_60tr
vp_ke_toan,17.0,30,Dell,16GB,van_phong_hoc_tap,2,6,2,Acer,Office_Student,16GB,512GB,15tr_25tr
vp_ke_toan,12.5,37,Asus,16GB,van_phong_hoc_tap,2,6,2,Asus,Office_Student,16GB,512GB,15tr_25tr
designer,35.0,30,Lenovo,16GB,do_hoa_ky_thuat,4,3,1,Lenovo,Workstation_Creative,32GB,1TB,40tr_60tr
vp_ke_toan,17.7,43,Lenovo,8GB,van_phong_hoc_tap,1,10,4,Lenovo,Office_Student,16GB,512GB,15tr_25tr
designer,14.1,28,Dell,8GB,do_hoa_ky_thuat,1,3,1,Asus,Gaming,32GB,1TB,25tr_40tr
freelancer_creator,13.7,33,HP,8GB,do_hoa_ky_thuat,1,8,3,Lenovo,Gaming,32GB,1TB,25tr_40tr
lap_trinh_vien,26.9,31,Asus,16GB,do_hoa_ky_thuat,1,4,2,Lenovo,Workstation_Creative,16GB,1TB,40tr_60tr
designer,20.6,33,Apple,8GB,do_hoa_ky_thuat,3,1,1,Apple,Workstation_Creative,32GB,1TB,25tr_40tr
quan_ly_doanh_nhan,46.5,51,Samsung,16GB,doanh_nhan_di_dong,3,9,3,Lenovo,Ultrabook_Business,16GB,512GB,40tr_60tr
vp_ke_toan,9.6,25,Dell,16GB,van_phong_hoc_tap,1,11,4,Dell,Office_Student,8GB,512GB,duoi_15tr
sinh_vien,3.2,18,Dell,16GB,van_phong_hoc_tap,2,1,1,Dell,Office_Student,8GB,512GB,duoi_15tr
lap_trinh_vien,30.2,23,Dell,8GB,do_hoa_ky_thuat,3,10,4,Dell,Workstation_Creative,16GB,1TB,40tr_60tr
sinh_vien,5.5,22,Dell,8GB,van_phong_hoc_tap,2,1,1,Dell,Office_Student,8GB,512GB,duoi_15tr
gamer_streamer,41.7,20,Asus,16GB,gaming,2,12,4,Acer,Gaming,16GB,1TB,tren_60tr
vp_ke_toan,13.4,43,Lenovo,8GB,van_phong_hoc_tap,2,9,3,Lenovo,Office_Student,16GB,512GB,15tr_25tr
quan_ly_doanh_nhan,78.3,51,Apple,16GB,doanh_nhan_di_dong,1,10,4,Apple,Ultrabook_Business,16GB,512GB,tren_60tr
gamer_streamer,36.1,19,Lenovo,16GB,gaming,1,11,4,Lenovo,Gaming,16GB,1TB,40tr_60tr
sinh_vien,7.5,21,Asus,16GB,van_phong_hoc_tap,1,2,1,Asus,Office_Student,8GB,512GB,duoi_15tr
ky_su,46.5,33,Dell,16GB,do_hoa_ky_thuat,1,3,1,Dell,Workstation_Creative,16GB,1TB,tren_60tr
sinh_vien,5.8,19,Dell,32GB,van_phong_hoc_tap,2,10,4,Dell,Office_Student,8GB,512GB,duoi_15tr
lap_trinh_vien,26.3,22,Apple,16GB,do_hoa_ky_thuat,2,2,1,Lenovo,Workstation_Creative,32GB,1TB,40tr_60tr
gamer_streamer,14.5,20,HP,8GB,gaming,1,2,1,HP,Gaming,32GB,1TB,25tr_40tr
giao_vien,10.5,30,Dell,32GB,van_phong_hoc_tap,4,1,1,Dell,Office_Student,16GB,512GB,15tr_25tr
sinh_vien,3.5,21,Dell,16GB,gaming,4,2,1,Asus,Gaming,16GB,512GB,duoi_15tr
vp_ke_toan,9.0,37,Lenovo,32GB,van_phong_hoc_tap,3,12,4,Lenovo,Office_Student,8GB,512GB,duoi_15tr
lap_trinh_vien,24.6,23,Apple,16GB,do_hoa_ky_thuat,1,8,3,Apple,Workstation_Creative,16GB,1TB,40tr_60tr
designer,32.5,32,HP,16GB,do_hoa_ky_thuat,2,4,2,Lenovo,Workstation_Creative,32GB,1TB,40tr_60tr
designer,23.2,26,Dell,16GB,do_hoa_ky_thuat,1,7,3,Dell,Workstation_Creative,16GB,1TB,25tr_40tr
sinh_vien,5.9,20,Asus,32GB,gaming,1,6,2,Asus,Gaming,16GB,512GB,duoi_15tr
sinh_vien,4.8,21,Dell,8GB,van_phong_hoc_tap,3,5,2,Asus,Office_Student,8GB,512GB,duoi_15tr
lap_trinh_vien,35.9,24,Lenovo,16GB,do_hoa_ky_thuat,1,10,4,Acer,Workstation_Creative,32GB,1TB,40tr_60tr
sinh_vien,7.4,22,Dell,8GB,van_phong_hoc_tap,1,4,2,Dell,Office_Student,8GB,512GB,duoi_15tr
sinh_vien,2.3,22,Lenovo,8GB,van_phong_hoc_tap,2,11,4,Lenovo,Office_Student,8GB,512GB,duoi_15tr
sinh_vien,7.6,20,Dell,8GB,van_phong_hoc_tap,4,2,1,Lenovo,Office_Student,8GB,512GB,duoi_15tr
lap_trinh_vien,44.8,26,Dell,8GB,do_hoa_ky_thuat,2,10,4,Dell,Workstation_Creative,32GB,1TB,tren_60tr
gamer_streamer,40.3,22,Asus,16GB,gaming,1,11,4,MSI,Gaming,32GB,1TB,tren_60tr
quan_ly_doanh_nhan,98.4,38,Apple,32GB,doanh_nhan_di_dong,1,8,3,Apple,Ultrabook_Business,16GB,512GB,tren_60tr
sinh_vien,6.4,21,HP,16GB,van_phong_hoc_tap,2,11,4,MSI,Office_Student,8GB,512GB,duoi_15tr
gamer_streamer,35.9,20,Acer,16GB,gaming,1,7,3,Acer,Gaming,16GB,1TB,40tr_60tr
gamer_streamer,42.4,18,HP,8GB,gaming,2,2,1,HP,Gaming,32GB,1TB,tren_60tr
lap_trinh_vien,16.9,32,Acer,16GB,do_hoa_ky_thuat,1,10,4,Acer,Gaming,32GB,1TB,25tr_40tr
lap_trinh_vien,34.3,31,Apple,8GB,do_hoa_ky_thuat,3,10,4,Dell,Workstation_Creative,16GB,1TB,40tr_60tr
sinh_vien,6.8,20,Lenovo,16GB,van_phong_hoc_tap,1,4,2,Lenovo,Office_Student,8GB,512GB,duoi_15tr
vp_ke_toan,10.0,26,Asus,16GB,van_phong_hoc_tap,1,10,4,Asus,Office_Student,16GB,512GB,15tr_25tr
ky_su,30.9,35,HP,8GB,do_hoa_ky_thuat,1,8,3,Lenovo,Workstation_Creative,16GB,1TB,40tr_60tr
vp_ke_toan,16.6,25,Acer,8GB,van_phong_hoc_tap,3,12,4,Acer,Office_Student,16GB,512GB,15tr_25tr
designer,37.2,32,Dell,16GB,do_hoa_ky_thuat,1,7,3,HP,Workstation_Creative,32GB,1TB,40tr_60tr
quan_ly_doanh_nhan,69.5,36,Lenovo,16GB,doanh_nhan_di_dong,1,4,2,Lenovo,Ultrabook_Business,16GB,512GB,tren_60tr
giao_vien,17.0,33,Asus,16GB,van_phong_hoc_tap,3,9,3,Asus,Office_Student,16GB,512GB,15tr_25tr
sinh_vien,4.7,19,HP,16GB,van_phong_hoc_tap,1,10,4,HP,Office_Student,8GB,512GB,duoi_15tr
gamer_streamer,13.0,22,Asus,16GB,gaming,2,5,2,Asus,Gaming,16GB,512GB,15tr_25tr
sinh_vien,2.9,19,Dell,16GB,gaming,2,12,4,MSI,Gaming,16GB,512GB,duoi_15tr
vp_ke_toan,12.6,24,Lenovo,8GB,van_phong_hoc_tap,1,5,2,Lenovo,Office_Student,16GB,512GB,15tr_25tr
lap_trinh_vien,35.8,22,Apple,16GB,do_hoa_ky_thuat,2,7,3,Apple,Workstation_Creative,32GB,1TB,40tr_60tr
sinh_vien,6.7,20,Lenovo,8GB,van_phong_hoc_tap,1,4,2,Asus,Office_Student,8GB,512GB,duoi_15tr
vp_ke_toan,17.2,40,Asus,8GB,van_phong_hoc_tap,2,11,4,Asus,Office_Student,16GB,512GB,15tr_25tr
lap_trinh_vien,21.0,25,Lenovo,8GB,do_hoa_ky_thuat,1,10,4,Asus,Workstation_Creative,32GB,1TB,25tr_40tr
freelancer_creator,24.6,28,Asus,16GB,do_hoa_ky_thuat,1,12,4,Asus,Workstation_Creative,16GB,1TB,40tr_60tr
sinh_vien,6.2,21,Dell,16GB,van_phong_hoc_tap,3,5,2,Acer,Office_Student,8GB,512GB,duoi_15tr
quan_ly_doanh_nhan,49.4,47,HP,16GB,doanh_nhan_di_dong,1,9,3,HP,Ultrabook_Business,16GB,512GB,40tr_60tr
designer,16.1,27,Acer,16GB,do_hoa_ky_thuat,2,11,4,Acer,Gaming,32GB,1TB,25tr_40tr
giao_vien,15.1,28,Dell,32GB,van_phong_hoc_tap,3,11,4,Dell,Office_Student,16GB,512GB,15tr_25tr
lap_trinh_vien,42.1,36,Acer,16GB,do_hoa_ky_thuat,1,8,3,Asus,Workstation_Creative,16GB,1TB,tren_60tr
freelancer_creator,14.2,23,HP,16GB,do_hoa_ky_thuat,3,7,3,HP,Gaming,16GB,1TB,25tr_40tr
vp_ke_toan,17.1,30,Dell,8GB,van_phong_hoc_tap,3,11,4,Dell,Office_Student,16GB,512GB,15tr_25tr
sinh_vien,7.5,20,Acer,16GB,van_phong_hoc_tap,3,5,2,Acer,Office_Student,8GB,512GB,duoi_15tr
vp_ke_toan,8.4,42,Apple,32GB,van_phong_hoc_tap,1,2,1,HP,Office_Student,8GB,512GB,duoi_15tr
sinh_vien,3.8,19,Asus,16GB,van_phong_hoc_tap,2,1,1,Asus,Office_Student,8GB,512GB,duoi_15tr
vp_ke_toan,8.1,28,Asus,16GB,van_phong_hoc_tap,1,10,4,Asus,Office_Student,8GB,512GB,duoi_15tr
lap_trinh_vien,17.9,36,HP,16GB,do_hoa_ky_thuat,1,10,4,HP,Gaming,32GB,1TB,25tr_40tr
giao_vien,16.7,43,Lenovo,16GB,van_phong_hoc_tap,2,10,4,Lenovo,Office_Student,16GB,512GB,15tr_25tr
vp_ke_toan,18.3,39,Lenovo,16GB,van_phong_hoc_tap,2,6,2,Samsung,Office_Student,16GB,512GB,15tr_25tr
sinh_vien,5.8,21,Dell,32GB,van_phong_hoc_tap,2,12,4,Dell,Office_Student,8GB,512GB,duoi_15tr
sinh_vien,6.1,20,Dell,8GB,van_phong_hoc_tap,3,8,3,Acer,Office_Student,8GB,512GB,duoi_15tr
designer,20.6,29,Samsung,32GB,do_hoa_ky_thuat,2,2,1,Lenovo,Workstation_Creative,32GB,1TB,25tr_40tr
gamer_streamer,27.7,26,MSI,8GB,gaming,2,9,3,MSI,Gaming,16GB,1TB,40tr_60tr
quan_ly_doanh_nhan,59.7,52,Lenovo,16GB,doanh_nhan_di_dong,2,8,3,Lenovo,Ultrabook_Business,16GB,512GB,40tr_60tr
ky_su,21.0,23,HP,16GB,do_hoa_ky_thuat,2,8,3,Asus,Workstation_Creative,32GB,1TB,25tr_40tr
giao_vien,16.0,36,Dell,8GB,van_phong_hoc_tap,2,8,3,Asus,Office_Student,16GB,512GB,15tr_25tr
freelancer_creator,37.6,29,Asus,16GB,do_hoa_ky_thuat,2,12,4,Lenovo,Workstation_Creative,32GB,1TB,40tr_60tr
sinh_vien,4.1,22,Dell,8GB,van_phong_hoc_tap,1,8,3,Dell,Office_Student,8GB,512GB,duoi_15tr
ky_su,42.8,33,Asus,8GB,do_hoa_ky_thuat,1,2,1,Asus,Workstation_Creative,16GB,1TB,tren_60tr
vp_ke_toan,13.6,27,HP,8GB,van_phong_hoc_tap,2,6,2,Asus,Office_Student,16GB,512GB,15tr_25tr
quan_ly_doanh_nhan,84.2,45,Apple,16GB,doanh_nhan_di_dong,2,9,3,Apple,Ultrabook_Business,16GB,512GB,tren_60tr
lap_trinh_vien,32.2,29,Apple,16GB,do_hoa_ky_thuat,1,11,4,Apple,Workstation_Creative,32GB,1TB,40tr_60tr
ky_su,24.7,39,Dell,8GB,do_hoa_ky_thuat,3,2,1,Dell,Workstation_Creative,16GB,1TB,40tr_60tr
giao_vien,8.7,38,HP,32GB,van_phong_hoc_tap,1,3,1,HP,Office_Student,8GB,512GB,duoi_15tr
gamer_streamer,59.8,20,Asus,32GB,gaming,1,3,1,Asus,Gaming,16GB,1TB,tren_60tr
gamer_streamer,11.8,26,Dell,8GB,gaming,1,2,1,Asus,Gaming,16GB,512GB,15tr_25tr
gamer_streamer,19.3,26,HP,8GB,gaming,1,6,2,HP,Gaming,32GB,1TB,25tr_40tr
quan_ly_doanh_nhan,56.6,36,Apple,16GB,doanh_nhan_di_dong,2,10,4,Apple,Ultrabook_Business,16GB,512GB,40tr_60tr
giao_vien,13.2,34,Lenovo,8GB,van_phong_hoc_tap,3,8,3,Dell,Office_Student,16GB,512GB,15tr_25tr
gamer_streamer,52.1,27,Asus,16GB,gaming,2,10,4,Asus,Gaming,32GB,1TB,tren_60tr
quan_ly_doanh_nhan,52.8,38,HP,16GB,doanh_nhan_di_dong,3,2,1,HP,Ultrabook_Business,16GB,512GB,40tr_60tr
sinh_vien,7.6,22,Acer,8GB,gaming,2,9,3,Acer,Gaming,16GB,512GB,15tr_25tr
lap_trinh_vien,48.5,27,Apple,16GB,do_hoa_ky_thuat,1,1,1,Apple,Workstation_Creative,32GB,1TB,tren_60tr
freelancer_creator,26.4,27,Lenovo,8GB,do_hoa_ky_thuat,1,1,1,Lenovo,Workstation_Creative,32GB,1TB,40tr_60tr
sinh_vien,4.7,22,HP,32GB,van_phong_hoc_tap,1,10,4,Asus,Office_Student,8GB,512GB,duoi_15tr
sinh_vien,5.2,19,Asus,16GB,gaming,4,8,3,Asus,Gaming,16GB,512GB,duoi_15tr
designer,20.1,31,HP,16GB,do_hoa_ky_thuat,1,2,1,Apple,Workstation_Creative,32GB,1TB,25tr_40tr
vp_ke_toan,10.8,34,Lenovo,8GB,van_phong_hoc_tap,1,2,1,Dell,Office_Student,16GB,512GB,15tr_25tr
sinh_vien,3.0,18,Lenovo,16GB,gaming,2,5,2,MSI,Gaming,16GB,512GB,duoi_15tr
vp_ke_toan,11.0,43,Acer,8GB,van_phong_hoc_tap,1,11,4,Samsung,Office_Student,16GB,512GB,15tr_25tr
gamer_streamer,20.3,19,HP,16GB,gaming,2,1,1,HP,Gaming,16GB,1TB,25tr_40tr
giao_vien,17.3,25,Dell,16GB,van_phong_hoc_tap,1,10,4,Dell,Office_Student,16GB,512GB,15tr_25tr
vp_ke_toan,18.8,29,Acer,16GB,van_phong_hoc_tap,3,10,4,Acer,Office_Student,16GB,512GB,15tr_25tr
designer,28.3,34,Apple,16GB,do_hoa_ky_thuat,1,1,1,Apple,Workstation_Creative,16GB,1TB,40tr_60tr
lap_trinh_vien,34.6,38,Dell,8GB,do_hoa_ky_thuat,2,4,2,Dell,Workstation_Creative,16GB,1TB,40tr_60tr
vp_ke_toan,15.9,26,HP,8GB,van_phong_hoc_tap,4,5,2,HP,Office_Student,16GB,512GB,15tr_25tr
vp_ke_toan,12.1,42,Asus,8GB,van_phong_hoc_tap,2,1,1,Asus,Office_Student,16GB,512GB,15tr_25tr
sinh_vien,3.1,18,Lenovo,8GB,van_phong_hoc_tap,1,5,2,Lenovo,Office_Student,8GB,512GB,duoi_15tr
lap_trinh_vien,48.4,35,Apple,16GB,do_hoa_ky_thuat,3,8,3,Asus,Workstation_Creative,16GB,1TB,tren_60tr
vp_ke_toan,17.8,26,HP,16GB,van_phong_hoc_tap,2,7,3,Acer,Office_Student,16GB,512GB,15tr_25tr
quan_ly_doanh_nhan,41.3,44,Apple,16GB,doanh_nhan_di_dong,2,11,4,Apple,Ultrabook_Business,16GB,512GB,40tr_60tr
vp_ke_toan,19.8,23,Dell,8GB,van_phong_hoc_tap,1,9,3,Dell,Office_Student,16GB,512GB,15tr_25tr
vp_ke_toan,17.3,29,Dell,8GB,van_phong_hoc_tap,4,4,2,Dell,Office_Student,16GB,512GB,15tr_25tr
vp_ke_toan,9.1,41,Dell,16GB,van_phong_hoc_tap,2,10,4,Dell,Office_Student,8GB,512GB,duoi_15tr
ky_su,15.7,31,HP,16GB,do_hoa_ky_thuat,2,7,3,HP,Gaming,32GB,1TB,25tr_40tr
sinh_vien,5.7,19,HP,16GB,van_phong_hoc_tap,1,12,4,HP,Office_Student,8GB,512GB,duoi_15tr
designer,24.9,25,HP,8GB,do_hoa_ky_thuat,3,8,3,Apple,Workstation_Creative,32GB,1TB,40tr_60tr
ky_su,18.5,23,Dell,16GB,do_hoa_ky_thuat,3,7,3,Lenovo,Gaming,16GB,1TB,25tr_40tr
gamer_streamer,18.5,24,MSI,16GB,gaming,2,9,3,MSI,Gaming,32GB,1TB,25tr_40tr
sinh_vien,7.6,21,HP,32GB,van_phong_hoc_tap,3,1,1,HP,Office_Student,8GB,512GB,duoi_15tr
quan_ly_doanh_nhan,70.5,54,Apple,16GB,doanh_nhan_di_dong,3,5,2,Lenovo,Ultrabook_Business,16GB,512GB,tren_60tr
vp_ke_toan,12.5,32,Dell,8GB,van_phong_hoc_tap,3,5,2,Dell,Office_Student,16GB,512GB,15tr_25tr
sinh_vien,2.4,18,HP,16GB,van_phong_hoc_tap,1,6,2,HP,Office_Student,8GB,512GB,duoi_15tr
gamer_streamer,46.4,22,MSI,8GB,gaming,2,3,1,Lenovo,Gaming,16GB,1TB,tren_60tr
quan_ly_doanh_nhan,72.8,31,Dell,8GB,doanh_nhan_di_dong,2,3,1,HP,Ultrabook_Business,16GB,512GB,tren_60tr
lap_trinh_vien,29.3,22,HP,8GB,do_hoa_ky_thuat,3,7,3,Lenovo,Workstation_Creative,16GB,1TB,40tr_60tr
sinh_vien,5.5,22,Asus,16GB,van_phong_hoc_tap,1,12,4,Asus,Office_Student,8GB,512GB,duoi_15tr
quan_ly_doanh_nhan,63.8,42,HP,16GB,doanh_nhan_di_dong,1,11,4,Dell,Ultrabook_Business,16GB,512GB,tren_60tr
freelancer_creator,27.6,23,Dell,32GB,do_hoa_ky_thuat,1,7,3,Dell,Workstation_Creative,32GB,1TB,40tr_60tr
sinh_vien,2.4,21,Asus,8GB,gaming,2,10,4,Asus,Gaming,16GB,512GB,duoi_15tr
sinh_vien,7.7,20,HP,16GB,van_phong_hoc_tap,1,1,1,HP,Office_Student,8GB,512GB,duoi_15tr
vp_ke_toan,14.7,31,HP,32GB,van_phong_hoc_tap,3,10,4,HP,Office_Student,16GB,512GB,15tr_25tr
gamer_streamer,51.9,20,Asus,32GB,gaming,1,3,1,Asus,Gaming,32GB,1TB,tren_60tr
sinh_vien,7.6,19,Asus,8GB,van_phong_hoc_tap,2,1,1,Lenovo,Office_Student,8GB,512GB,duoi_15tr
quan_ly_doanh_nhan,79.9,42,Asus,32GB,doanh_nhan_di_dong,2,9,3,Asus,Ultrabook_Business,16GB,512GB,tren_60tr
gamer_streamer,57.3,29,Acer,32GB,gaming,1,2,1,Acer,Gaming,32GB,1TB,tren_60tr
lap_trinh_vien,37.1,37,Asus,8GB,do_hoa_ky_thuat,2,9,3,Asus,Workstation_Creative,16GB,1TB,40tr_60tr
gamer_streamer,31.9,26,HP,16GB,gaming,3,6,2,HP,Gaming,32GB,1TB,40tr_60tr
sinh_vien,4.9,21,Acer,16GB,gaming,1,9,3,Acer,Gaming,16GB,512GB,duoi_15tr
sinh_vien,5.7,20,Asus,32GB,van_phong_hoc_tap,1,8,3,Asus,Office_Student,8GB,512GB,duoi_15tr
lap_trinh_vien,44.5,35,Asus,8GB,do_hoa_ky_thuat,2,10,4,Asus,Workstation_Creative,32GB,1TB,tren_60tr
designer,23.2,30,Acer,32GB,do_hoa_ky_thuat,4,6,2,Lenovo,Workstation_Creative,16GB,1TB,25tr_40tr
vp_ke_toan,11.1,35,HP,16GB,van_phong_hoc_tap,3,11,4,HP,Office_Student,16GB,512GB,15tr_25tr
vp_ke_toan,17.6,34,HP,32GB,van_phong_hoc_tap,2,8,3,HP,Office_Student,16GB,512GB,15tr_25tr
vp_ke_toan,14.9,23,Dell,8GB,van_phong_hoc_tap,2,4,2,Dell,Office_Student,16GB,512GB,15tr_25tr
gamer_streamer,49.9,26,Acer,16GB,gaming,1,5,2,Acer,Gaming,32GB,1TB,tren_60tr
vp_ke_toan,16.1,27,Asus,16GB,van_phong_hoc_tap,1,7,3,Asus,Office_Student,16GB,512GB,15tr_25tr
sinh_vien,5.9,18,HP,32GB,van_phong_hoc_tap,3,9,3,HP,Office_Student,8GB,512GB,duoi_15tr
lap_trinh_vien,42.1,30,Lenovo,16GB,do_hoa_ky_thuat,1,5,2,Lenovo,Workstation_Creative,32GB,1TB,tren_60tr
ky_su,36.8,33,Dell,16GB,do_hoa_ky_thuat,2,12,4,Dell,Workstation_Creative,16GB,1TB,40tr_60tr
sinh_vien,4.3,18,Dell,8GB,van_phong_hoc_tap,2,2,1,Dell,Office_Student,8GB,512GB,duoi_15tr
vp_ke_toan,19.1,42,Apple,16GB,van_phong_hoc_tap,2,8,3,HP,Office_Student,16GB,512GB,15tr_25tr
vp_ke_toan,15.0,44,Asus,8GB,van_phong_hoc_tap,1,1,1,Asus,Office_Student,16GB,512GB,15tr_25tr
vp_ke_toan,15.8,43,Asus,16GB,van_phong_hoc_tap,1,2,1,Asus,Office_Student,16GB,512GB,15tr_25tr
lap_trinh_vien,26.5,27,Apple,8GB,do_hoa_ky_thuat,1,9,3,Lenovo,Workstation_Creative,32GB,1TB,40tr_60tr
sinh_vien,2.1,21,Lenovo,8GB,van_phong_hoc_tap,1,8,3,Lenovo,Office_Student,8GB,512GB,duoi_15tr
designer,27.7,22,Apple,8GB,do_hoa_ky_thuat,1,3,1,Apple,Workstation_Creative,16GB,1TB,40tr_60tr
lap_trinh_vien,40.4,30,Apple,16GB,do_hoa_ky_thuat,1,11,4,Apple,Workstation_Creative,32GB,1TB,tren_60tr
vp_ke_toan,9.2,32,Dell,8GB,van_phong_hoc_tap,1,12,4,Dell,Office_Student,8GB,512GB,duoi_15tr
sinh_vien,6.3,19,MSI,8GB,gaming,2,12,4,MSI,Gaming,16GB,512GB,duoi_15tr
freelancer_creator,32.0,26,Lenovo,8GB,do_hoa_ky_thuat,2,1,1,Lenovo,Workstation_Creative,16GB,1TB,40tr_60tr
vp_ke_toan,16.8,25,HP,16GB,van_phong_hoc_tap,3,12,4,HP,Office_Student,16GB,512GB,15tr_25tr
lap_trinh_vien,17.4,27,Lenovo,8GB,do_hoa_ky_thuat,1,9,3,Lenovo,Gaming,32GB,1TB,25tr_40tr
designer,32.6,32,Apple,16GB,do_hoa_ky_thuat,1,3,1,Apple,Workstation_Creative,32GB,1TB,40tr_60tr
gamer_streamer,48.4,26,MSI,16GB,gaming,2,5,2,HP,Gaming,16GB,1TB,tren_60tr
giao_vien,15.8,42,Lenovo,32GB,van_phong_hoc_tap,1,11,4,Lenovo,Office_Student,16GB,512GB,15tr_25tr
quan_ly_doanh_nhan,52.4,36,Samsung,8GB,doanh_nhan_di_dong,2,10,4,Lenovo,Ultrabook_Business,16GB,512GB,40tr_60tr
ky_su,17.0,39,Asus,8GB,do_hoa_ky_thuat,1,6,2,Asus,Gaming,16GB,1TB,25tr_40tr
sinh_vien,4.0,22,Lenovo,8GB,van_phong_hoc_tap,1,2,1,Lenovo,Office_Student,8GB,512GB,duoi_15tr
quan_ly_doanh_nhan,95.8,35,Apple,16GB,doanh_nhan_di_dong,2,10,4,Apple,Ultrabook_Business,16GB,512GB,tren_60tr
ky_su,29.1,31,Dell,16GB,do_hoa_ky_thuat,2,6,2,Dell,Workstation_Creative,16GB,1TB,40tr_60tr
vp_ke_toan,15.2,40,HP,8GB,van_phong_hoc_tap,4,10,4,Asus,Office_Student,16GB,512GB,15tr_25tr
freelancer_creator,31.1,33,HP,8GB,do_hoa_ky_thuat,1,11,4,Lenovo,Workstation_Creative,32GB,1TB,40tr_60tr
designer,39.8,34,Dell,16GB,do_hoa_ky_thuat,1,9,3,Dell,Workstation_Creative,16GB,1TB,40tr_60tr
ky_su,34.8,38,Dell,16GB,do_hoa_ky_thuat,3,4,2,Dell,Workstation_Creative,32GB,1TB,40tr_60tr
sinh_vien,5.6,21,Lenovo,8GB,gaming,1,12,4,Lenovo,Gaming,8GB,512GB,duoi_15tr
designer,35.5,28,Apple,16GB,do_hoa_ky_thuat,1,12,4,Asus,Workstation_Creative,16GB,1TB,40tr_60tr
ky_su,24.6,32,HP,8GB,do_hoa_ky_thuat,1,4,2,Apple,Workstation_Creative,16GB,1TB,40tr_60tr
designer,13.3,25,Apple,8GB,do_hoa_ky_thuat,3,8,3,Lenovo,Gaming,16GB,512GB,15tr_25tr
sinh_vien,7.7,20,Dell,8GB,van_phong_hoc_tap,1,6,2,Dell,Office_Student,8GB,512GB,duoi_15tr
gamer_streamer,13.1,26,MSI,8GB,gaming,2,3,1,MSI,Gaming,16GB,512GB,15tr_25tr
lap_trinh_vien,38.9,24,HP,8GB,do_hoa_ky_thuat,2,1,1,Lenovo,Workstation_Creative,32GB,1TB,40tr_60tr
sinh_vien,3.1,19,MSI,8GB,gaming,3,10,4,MSI,Gaming,8GB,512GB,duoi_15tr
lap_trinh_vien,27.4,36,Lenovo,8GB,do_hoa_ky_thuat,2,4,2,Apple,Workstation_Creative,16GB,1TB,40tr_60tr
vp_ke_toan,12.0,29,Asus,16GB,van_phong_hoc_tap,2,6,2,Asus,Office_Student,16GB,512GB,15tr_25tr
sinh_vien,4.0,19,Asus,32GB,van_phong_hoc_tap,2,4,2,HP,Office_Student,8GB,512GB,duoi_15tr
designer,30.0,34,Dell,8GB,do_hoa_ky_thuat,2,6,2,Apple,Workstation_Creative,32GB,1TB,40tr_60tr
sinh_vien,6.0,21,Dell,16GB,van_phong_hoc_tap,1,1,1,Dell,Office_Student,8GB,512GB,duoi_15tr
quan_ly_doanh_nhan,93.0,54,Apple,16GB,doanh_nhan_di_dong,3,11,4,Apple,Ultrabook_Business,16GB,512GB,tren_60tr
quan_ly_doanh_nhan,80.7,50,Asus,8GB,doanh_nhan_di_dong,1,5,2,Asus,Ultrabook_Business,16GB,512GB,tren_60tr
freelancer_creator,17.5,27,Asus,16GB,do_hoa_ky_thuat,1,2,1,Samsung,Gaming,32GB,1TB,25tr_40tr
lap_trinh_vien,42.7,32,Lenovo,8GB,do_hoa_ky_thuat,2,12,4,Lenovo,Workstation_Creative,32GB,1TB,tren_60tr
vp_ke_toan,12.1,30,HP,16GB,van_phong_hoc_tap,1,8,3,HP,Office_Student,16GB,512GB,15tr_25tr
quan_ly_doanh_nhan,95.5,52,Apple,8GB,doanh_nhan_di_dong,2,3,1,HP,Ultrabook_Business,16GB,512GB,tren_60tr
lap_trinh_vien,23.6,31,Acer,16GB,do_hoa_ky_thuat,1,8,3,Apple,Workstation_Creative,16GB,1TB,40tr_60tr
giao_vien,13.8,35,Asus,8GB,van_phong_hoc_tap,1,11,4,Asus,Office_Student,16GB,512GB,15tr_25tr
gamer_streamer,24.2,24,Asus,16GB,gaming,3,12,4,Acer,Gaming,16GB,1TB,40tr_60tr
giao_vien,11.1,36,Asus,8GB,van_phong_hoc_tap,1,3,1,Asus,Office_Student,16GB,512GB,15tr_25tr
sinh_vien,4.2,22,Acer,16GB,van_phong_hoc_tap,1,12,4,Acer,Office_Student,8GB,512GB,duoi_15tr
lap_trinh_vien,48.7,34,Apple,8GB,do_hoa_ky_thuat,3,3,1,Apple,Workstation_Creative,16GB,1TB,tren_60tr
sinh_vien,4.5,22,HP,32GB,van_phong_hoc_tap,2,12,4,HP,Office_Student,8GB,512GB,duoi_15tr
freelancer_creator,34.1,28,Dell,16GB,do_hoa_ky_thuat,1,10,4,Dell,Workstation_Creative,32GB,1TB,40tr_60tr
vp_ke_toan,10.0,41,Dell,16GB,van_phong_hoc_tap,1,11,4,Dell,Office_Student,16GB,512GB,15tr_25tr
vp_ke_toan,11.7,42,Dell,8GB,van_phong_hoc_tap,2,12,4,Dell,Office_Student,16GB,512GB,15tr_25tr
sinh_vien,4.1,21,HP,16GB,gaming,1,9,3,Asus,Gaming,8GB,512GB,duoi_15tr
freelancer_creator,13.7,31,HP,32GB,do_hoa_ky_thuat,3,10,4,HP,Gaming,32GB,1TB,25tr_40tr
giao_vien,17.9,28,Asus,16GB,van_phong_hoc_tap,2,1,1,Asus,Office_Student,16GB,512GB,15tr_25tr
gamer_streamer,20.9,21,MSI,16GB,gaming,1,6,2,MSI,Gaming,32GB,1TB,25tr_40tr
designer,19.1,28,Apple,16GB,do_hoa_ky_thuat,1,5,2,Asus,Gaming,16GB,1TB,25tr_40tr
sinh_vien,7.2,20,Lenovo,8GB,van_phong_hoc_tap,1,7,3,Lenovo,Office_Student,8GB,512GB,duoi_15tr
designer,21.2,26,Asus,16GB,do_hoa_ky_thuat,2,6,2,Lenovo,Workstation_Creative,16GB,1TB,25tr_40tr
lap_trinh_vien,46.0,24,Apple,8GB,do_hoa_ky_thuat,1,10,4,Apple,Workstation_Creative,32GB,1TB,tren_60tr
freelancer_creator,27.4,34,Dell,16GB,do_hoa_ky_thuat,1,7,3,Dell,Workstation_Creative,32GB,1TB,40tr_60tr
freelancer_creator,20.5,22,Dell,8GB,do_hoa_ky_thuat,2,8,3,Dell,Workstation_Creative,16GB,1TB,25tr_40tr
freelancer_creator,24.5,31,HP,16GB,do_hoa_ky_thuat,3,5,2,Dell,Workstation_Creative,32GB,1TB,40tr_60tr
quan_ly_doanh_nhan,79.9,53,Dell,32GB,doanh_nhan_di_dong,1,12,4,Dell,Ultrabook_Business,16GB,512GB,tren_60tr
freelancer_creator,23.0,31,Dell,16GB,do_hoa_ky_thuat,1,10,4,Apple,Workstation_Creative,32GB,1TB,25tr_40tr
sinh_vien,4.4,19,HP,16GB,gaming,2,6,2,MSI,Gaming,16GB,512GB,duoi_15tr
gamer_streamer,46.4,27,HP,16GB,gaming,1,5,2,HP,Gaming,32GB,1TB,tren_60tr
designer,13.9,25,Apple,8GB,do_hoa_ky_thuat,2,9,3,MSI,Gaming,16GB,1TB,25tr_40tr
vp_ke_toan,14.4,34,HP,8GB,van_phong_hoc_tap,3,10,4,HP,Office_Student,16GB,512GB,15tr_25tr
quan_ly_doanh_nhan,69.5,43,Apple,8GB,doanh_nhan_di_dong,2,5,2,HP,Ultrabook_Business,16GB,512GB,tren_60tr
vp_ke_toan,16.5,26,Acer,8GB,van_phong_hoc_tap,1,9,3,Acer,Office_Student,16GB,512GB,15tr_25tr
sinh_vien,5.0,19,MSI,8GB,gaming,1,10,4,Dell,Gaming,16GB,512GB,duoi_15tr
designer,25.5,33,HP,16GB,do_hoa_ky_thuat,2,7,3,Asus,Workstation_Creative,32GB,1TB,40tr_60tr
gamer_streamer,46.7,20,Asus,8GB,gaming,1,4,2,Asus,Gaming,32GB,1TB,tren_60tr
ky_su,46.8,36,HP,16GB,do_hoa_ky_thuat,2,4,2,Dell,Workstation_Creative,32GB,1TB,tren_60tr
vp_ke_toan,8.7,24,HP,32GB,van_phong_hoc_tap,1,3,1,Acer,Office_Student,8GB,512GB,duoi_15tr
vp_ke_toan,11.6,37,Dell,16GB,van_phong_hoc_tap,1,1,1,Acer,Office_Student,16GB,512GB,15tr_25tr
lap_trinh_vien,16.2,38,Acer,16GB,do_hoa_ky_thuat,1,9,3,Acer,Gaming,32GB,1TB,25tr_40tr
designer,18.3,29,Apple,8GB,do_hoa_ky_thuat,1,12,4,MSI,Gaming,32GB,1TB,25tr_40tr
giao_vien,19.4,40,HP,8GB,van_phong_hoc_tap,1,10,4,HP,Office_Student,16GB,512GB,15tr_25tr
sinh_vien,2.4,19,Lenovo,8GB,van_phong_hoc_tap,1,1,1,Lenovo,Office_Student,8GB,512GB,duoi_15tr
quan_ly_doanh_nhan,63.4,34,Acer,16GB,doanh_nhan_di_dong,2,10,4,Dell,Ultrabook_Business,16GB,512GB,tren_60tr
vp_ke_toan,12.1,29,Asus,32GB,van_phong_hoc_tap,3,9,3,Lenovo,Office_Student,16GB,512GB,15tr_25tr
vp_ke_toan,17.9,37,Dell,8GB,van_phong_hoc_tap,1,11,4,Dell,Office_Student,16GB,512GB,15tr_25tr
quan_ly_doanh_nhan,29.8,46,Lenovo,16GB,doanh_nhan_di_dong,2,12,4,Lenovo,Ultrabook_Business,16GB,512GB,25tr_40tr
quan_ly_doanh_nhan,91.6,34,Apple,8GB,doanh_nhan_di_dong,1,10,4,HP,Ultrabook_Business,16GB,512GB,tren_60tr
quan_ly_doanh_nhan,51.5,44,Dell,8GB,doanh_nhan_di_dong,2,11,4,HP,Ultrabook_Business,16GB,512GB,40tr_60tr
designer,13.5,22,Apple,32GB,do_hoa_ky_thuat,1,1,1,Lenovo,Gaming,32GB,1TB,25tr_40tr
vp_ke_toan,11.7,38,Apple,8GB,van_phong_hoc_tap,1,5,2,HP,Office_Student,16GB,512GB,15tr_25tr
vp_ke_toan,9.2,30,Asus,16GB,van_phong_hoc_tap,1,11,4,Asus,Office_Student,8GB,512GB,duoi_15tr
giao_vien,15.7,38,HP,32GB,van_phong_hoc_tap,1,2,1,HP,Office_Student,16GB,512GB,15tr_25tr
vp_ke_toan,16.1,41,HP,8GB,van_phong_hoc_tap,1,6,2,HP,Office_Student,16GB,512GB,15tr_25tr
gamer_streamer,56.3,20,MSI,8GB,gaming,1,11,4,MSI,Gaming,16GB,1TB,tren_60tr
vp_ke_toan,15.8,34,Dell,8GB,van_phong_hoc_tap,1,5,2,Acer,Office_Student,16GB,512GB,15tr_25tr
freelancer_creator,28.8,22,HP,16GB,do_hoa_ky_thuat,1,9,3,Asus,Workstation_Creative,16GB,1TB,40tr_60tr
lap_trinh_vien,40.0,35,Lenovo,8GB,do_hoa_ky_thuat,2,2,1,Asus,Workstation_Creative,32GB,1TB,tren_60tr
sinh_vien,3.9,21,HP,8GB,van_phong_hoc_tap,2,11,4,HP,Office_Student,8GB,512GB,duoi_15tr
freelancer_creator,13.7,34,Dell,16GB,do_hoa_ky_thuat,1,8,3,MSI,Gaming,32GB,1TB,25tr_40tr
vp_ke_toan,19.1,29,Lenovo,16GB,van_phong_hoc_tap,1,4,2,Lenovo,Office_Student,16GB,512GB,15tr_25tr
designer,23.4,27,Apple,8GB,do_hoa_ky_thuat,1,6,2,Apple,Workstation_Creative,32GB,1TB,40tr_60tr
designer,13.6,32,HP,16GB,do_hoa_ky_thuat,1,10,4,HP,Gaming,32GB,1TB,25tr_40tr
gamer_streamer,46.6,19,Lenovo,8GB,gaming,1,11,4,Lenovo,Gaming,32GB,1TB,tren_60tr
lap_trinh_vien,41.3,33,Asus,16GB,do_hoa_ky_thuat,2,2,1,Asus,Workstation_Creative,16GB,1TB,tren_60tr
designer,19.7,28,Lenovo,8GB,do_hoa_ky_thuat,2,8,3,Lenovo,Gaming,16GB,1TB,25tr_40tr
freelancer_creator,23.0,33,Lenovo,16GB,do_hoa_ky_thuat,2,11,4,Lenovo,Workstation_Creative,32GB,1TB,25tr_40tr
sinh_vien,6.9,18,Dell,16GB,van_phong_hoc_tap,2,6,2,Dell,Office_Student,8GB,512GB,duoi_15tr
sinh_vien,6.6,20,HP,8GB,van_phong_hoc_tap,3,3,1,HP,Office_Student,8GB,512GB,duoi_15tr
sinh_vien,3.5,18,Acer,16GB,van_phong_hoc_tap,1,12,4,Acer,Office_Student,8GB,512GB,duoi_15tr
designer,23.0,33,Apple,16GB,do_hoa_ky_thuat,1,10,4,Apple,Workstation_Creative,32GB,1TB,25tr_40tr
designer,38.9,29,Apple,8GB,do_hoa_ky_thuat,1,1,1,Apple,Workstation_Creative,16GB,1TB,40tr_60tr
designer,38.7,26,Dell,16GB,do_hoa_ky_thuat,1,9,3,Asus,Workstation_Creative,32GB,1TB,40tr_60tr
vp_ke_toan,14.9,31,Dell,8GB,van_phong_hoc_tap,1,9,3,Lenovo,Office_Student,16GB,512GB,15tr_25tr
vp_ke_toan,12.7,29,Lenovo,16GB,van_phong_hoc_tap,1,6,2,Lenovo,Office_Student,16GB,512GB,15tr_25tr
vp_ke_toan,19.0,32,Dell,16GB,van_phong_hoc_tap,2,2,1,Dell,Office_Student,16GB,512GB,15tr_25tr
quan_ly_doanh_nhan,50.8,42,Samsung,16GB,doanh_nhan_di_dong,1,7,3,Lenovo,Ultrabook_Business,16GB,512GB,40tr_60tr
vp_ke_toan,16.5,43,Asus,16GB,van_phong_hoc_tap,2,5,2,Asus,Office_Student,16GB,512GB,15tr_25tr
quan_ly_doanh_nhan,52.1,42,HP,8GB,doanh_nhan_di_dong,2,2,1,HP,Ultrabook_Business,16GB,512GB,40tr_60tr
sinh_vien,2.1,19,Apple,32GB,van_phong_hoc_tap,1,5,2,HP,Office_Student,8GB,512GB,duoi_15tr
ky_su,38.7,25,Asus,16GB,do_hoa_ky_thuat,1,6,2,Asus,Workstation_Creative,32GB,1TB,40tr_60tr
designer,27.5,27,HP,16GB,do_hoa_ky_thuat,2,5,2,Lenovo,Workstation_Creative,32GB,1TB,40tr_60tr
gamer_streamer,52.5,24,Lenovo,16GB,gaming,1,12,4,Lenovo,Gaming,32GB,1TB,tren_60tr
giao_vien,17.1,31,Acer,8GB,van_phong_hoc_tap,1,12,4,Acer,Office_Student,16GB,512GB,15tr_25tr
freelancer_creator,18.5,24,HP,8GB,do_hoa_ky_thuat,4,10,4,HP,Gaming,16GB,1TB,25tr_40tr
lap_trinh_vien,26.4,36,HP,16GB,do_hoa_ky_thuat,2,11,4,Asus,Workstation_Creative,32GB,1TB,40tr_60tr
sinh_vien,2.9,20,Lenovo,16GB,van_phong_hoc_tap,2,1,1,Samsung,Office_Student,8GB,512GB,duoi_15tr
freelancer_creator,36.1,23,HP,16GB,do_hoa_ky_thuat,1,2,1,Lenovo,Workstation_Creative,16GB,1TB,40tr_60tr
vp_ke_toan,9.1,29,HP,8GB,van_phong_hoc_tap,4,5,2,HP,Office_Student,8GB,512GB,duoi_15tr
sinh_vien,7.1,22,Lenovo,16GB,van_phong_hoc_tap,2,11,4,Lenovo,Office_Student,8GB,512GB,duoi_15tr
ky_su,47.3,32,HP,8GB,do_hoa_ky_thuat,2,11,4,Dell,Workstation_Creative,16GB,1TB,tren_60tr
lap_trinh_vien,35.9,28,Apple,8GB,do_hoa_ky_thuat,2,5,2,Apple,Workstation_Creative,16GB,1TB,40tr_60tr
ky_su,31.7,23,HP,8GB,do_hoa_ky_thuat,1,4,2,Asus,Workstation_Creative,32GB,1TB,40tr_60tr
vp_ke_toan,12.2,34,HP,16GB,van_phong_hoc_tap,2,1,1,HP,Office_Student,16GB,512GB,15tr_25tr
freelancer_creator,16.1,25,Acer,16GB,do_hoa_ky_thuat,1,8,3,HP,Gaming,16GB,1TB,25tr_40tr
lap_trinh_vien,39.6,35,Apple,16GB,do_hoa_ky_thuat,1,11,4,Apple,Workstation_Creative,32GB,1TB,40tr_60tr
sinh_vien,6.9,19,Lenovo,8GB,van_phong_hoc_tap,2,8,3,Lenovo,Office_Student,8GB,512GB,duoi_15tr
lap_trinh_vien,37.7,36,Asus,8GB,do_hoa_ky_thuat,2,4,2,Asus,Workstation_Creative,32GB,1TB,40tr_60tr
ky_su,49.0,22,Dell,16GB,do_hoa_ky_thuat,1,6,2,Dell,Workstation_Creative,32GB,1TB,tren_60tr
lap_trinh_vien,46.9,39,Dell,8GB,do_hoa_ky_thuat,1,2,1,Asus,Workstation_Creative,16GB,1TB,tren_60tr
sinh_vien,4.3,19,Lenovo,16GB,van_phong_hoc_tap,2,6,2,Lenovo,Office_Student,8GB,512GB,duoi_15tr
lap_trinh_vien,23.0,30,Apple,16GB,do_hoa_ky_thuat,1,10,4,Apple,Workstation_Creative,32GB,1TB,25tr_40tr
designer,22.4,23,Apple,16GB,do_hoa_ky_thuat,3,11,4,Apple,Workstation_Creative,16GB,1TB,25tr_40tr
gamer_streamer,32.8,25,MSI,8GB,gaming,1,9,3,MSI,Gaming,32GB,1TB,40tr_60tr
freelancer_creator,19.0,33,Dell,32GB,do_hoa_ky_thuat,1,10,4,MSI,Gaming,32GB,1TB,25tr_40tr
freelancer_creator,26.7,23,Dell,16GB,do_hoa_ky_thuat,3,4,2,Dell,Workstation_Creative,32GB,1TB,40tr_60tr
designer,33.1,28,Dell,8GB,do_hoa_ky_thuat,1,3,1,Dell,Workstation_Creative,32GB,1TB,40tr_60tr
vp_ke_toan,17.3,37,Asus,8GB,van_phong_hoc_tap,2,4,2,Asus,Office_Student,16GB,512GB,15tr_25tr
sinh_vien,2.6,22,MSI,16GB,gaming,1,6,2,Lenovo,Gaming,8GB,512GB,duoi_15tr
sinh_vien,6.2,22,Dell,16GB,van_phong_hoc_tap,2,7,3,Dell,Office_Student,8GB,512GB,duoi_15tr
sinh_vien,2.4,20,Apple,32GB,van_phong_hoc_tap,2,7,3,HP,Office_Student,8GB,512GB,duoi_15tr
lap_trinh_vien,36.1,38,Asus,32GB,do_hoa_ky_thuat,3,12,4,Asus,Workstation_Creative,16GB,1TB,40tr_60tr
lap_trinh_vien,18.6,36,Dell,16GB,do_hoa_ky_thuat,2,9,3,MSI,Gaming,32GB,1TB,25tr_40tr
gamer_streamer,37.4,25,HP,16GB,gaming,2,5,2,Asus,Gaming,32GB,1TB,40tr_60tr
lap_trinh_vien,19.5,27,Lenovo,32GB,do_hoa_ky_thuat,1,7,3,Lenovo,Gaming,32GB,1TB,25tr_40tr
sinh_vien,6.7,18,Dell,16GB,van_phong_hoc_tap,1,4,2,Dell,Office_Student,8GB,512GB,duoi_15tr
quan_ly_doanh_nhan,54.0,43,Apple,16GB,doanh_nhan_di_dong,1,1,1,Asus,Ultrabook_Business,16GB,512GB,40tr_60tr
ky_su,23.5,28,Dell,8GB,do_hoa_ky_thuat,1,10,4,Dell,Workstation_Creative,16GB,1TB,40tr_60tr
quan_ly_doanh_nhan,68.3,52,Apple,32GB,doanh_nhan_di_dong,2,3,1,HP,Ultrabook_Business,16GB,512GB,tren_60tr
ky_su,27.7,31,HP,16GB,do_hoa_ky_thuat,2,3,1,Dell,Workstation_Creative,32GB,1TB,40tr_60tr
vp_ke_toan,17.7,28,Dell,16GB,van_phong_hoc_tap,2,8,3,Lenovo,Office_Student,16GB,512GB,15tr_25tr
sinh_vien,2.7,22,Apple,8GB,van_phong_hoc_tap,2,6,2,Dell,Office_Student,8GB,512GB,duoi_15tr
designer,26.0,30,Apple,8GB,do_hoa_ky_thuat,2,10,4,Dell,Workstation_Creative,16GB,1TB,40tr_60tr
sinh_vien,6.0,20,Asus,16GB,van_phong_hoc_tap,4,4,2,Asus,Office_Student,8GB,512GB,duoi_15tr
gamer_streamer,27.2,20,MSI,8GB,gaming,1,10,4,MSI,Gaming,32GB,1TB,40tr_60tr
quan_ly_doanh_nhan,73.9,34,Apple,16GB,doanh_nhan_di_dong,1,11,4,Apple,Ultrabook_Business,16GB,512GB,tren_60tr
lap_trinh_vien,33.4,34,Lenovo,16GB,do_hoa_ky_thuat,2,9,3,Lenovo,Workstation_Creative,16GB,1TB,40tr_60tr
vp_ke_toan,16.4,42,Dell,16GB,van_phong_hoc_tap,2,9,3,Dell,Office_Student,16GB,512GB,15tr_25tr
sinh_vien,8.0,18,Asus,32GB,van_phong_hoc_tap,1,10,4,Asus,Office_Student,8GB,512GB,duoi_15tr
vp_ke_toan,15.1,27,Lenovo,16GB,van_phong_hoc_tap,1,4,2,Lenovo,Office_Student,16GB,512GB,15tr_25tr
sinh_vien,5.9,19,Acer,8GB,gaming,2,7,3,Acer,Gaming,8GB,512GB,duoi_15tr
vp_ke_toan,19.1,28,Acer,8GB,van_phong_hoc_tap,3,9,3,Acer,Office_Student,16GB,512GB,15tr_25tr
freelancer_creator,23.0,24,Dell,32GB,do_hoa_ky_thuat,4,6,2,Dell,Workstation_Creative,32GB,1TB,25tr_40tr
quan_ly_doanh_nhan,91.9,42,Dell,8GB,doanh_nhan_di_dong,1,12,4,Dell,Ultrabook_Business,16GB,512GB,tren_60tr
giao_vien,16.0,34,HP,16GB,van_phong_hoc_tap,2,5,2,HP,Office_Student,16GB,512GB,15tr_25tr
designer,27.4,30,Dell,16GB,do_hoa_ky_thuat,3,9,3,Dell,Workstation_Creative,16GB,1TB,40tr_60tr
sinh_vien,5.6,22,Asus,8GB,van_phong_hoc_tap,2,6,2,Asus,Office_Student,8GB,512GB,duoi_15tr
sinh_vien,3.8,22,Dell,16GB,van_phong_hoc_tap,1,4,2,Dell,Office_Student,8GB,512GB,duoi_15tr
lap_trinh_vien,24.1,34,Acer,16GB,do_hoa_ky_thuat,4,2,1,Apple,Workstation_Creative,16GB,1TB,40tr_60tr
gamer_streamer,16.5,19,Lenovo,16GB,gaming,1,2,1,Lenovo,Gaming,32GB,1TB,25tr_40tr
lap_trinh_vien,26.1,33,Apple,16GB,do_hoa_ky_thuat,3,4,2,Apple,Workstation_Creative,32GB,1TB,40tr_60tr
lap_trinh_vien,42.5,38,Dell,16GB,do_hoa_ky_thuat,2,8,3,Asus,Workstation_Creative,16GB,1TB,tren_60tr
lap_trinh_vien,19.7,32,HP,16GB,do_hoa_ky_thuat,3,11,4,HP,Gaming,16GB,1TB,25tr_40tr
sinh_vien,6.5,21,Asus,8GB,van_phong_hoc_tap,1,4,2,Asus,Office_Student,8GB,512GB,duoi_15tr
gamer_streamer,44.1,22,Dell,8GB,gaming,1,1,1,Lenovo,Gaming,32GB,1TB,tren_60tr
vp_ke_toan,16.8,32,HP,16GB,van_phong_hoc_tap,1,5,2,HP,Office_Student,16GB,512GB,15tr_25tr
gamer_streamer,36.6,25,Lenovo,8GB,gaming,3,4,2,Lenovo,Gaming,16GB,1TB,40tr_60tr
gamer_streamer,12.8,20,Acer,16GB,gaming,2,4,2,Acer,Gaming,8GB,512GB,15tr_25tr
ky_su,28.5,30,Dell,16GB,do_hoa_ky_thuat,1,2,1,Lenovo,Workstation_Creative,32GB,1TB,40tr_60tr
gamer_streamer,43.1,20,MSI,16GB,gaming,1,11,4,MSI,Gaming,16GB,1TB,tren_60tr
vp_ke_toan,9.2,38,Asus,16GB,van_phong_hoc_tap,1,3,1,Asus,Office_Student,8GB,512GB,duoi_15tr
designer,37.9,29,Acer,8GB,do_hoa_ky_thuat,2,12,4,Lenovo,Workstation_Creative,32GB,1TB,40tr_60tr
designer,38.9,29,Apple,16GB,do_hoa_ky_thuat,2,5,2,Asus,Workstation_Creative,32GB,1TB,40tr_60tr
gamer_streamer,14.7,27,Acer,16GB,gaming,1,9,3,Acer,Gaming,16GB,1TB,25tr_40tr
lap_trinh_vien,30.5,38,HP,32GB,do_hoa_ky_thuat,1,9,3,Dell,Workstation_Creative,32GB,1TB,40tr_60tr
designer,33.1,34,HP,8GB,do_hoa_ky_thuat,1,1,1,Apple,Workstation_Creative,32GB,1TB,40tr_60tr
sinh_vien,6.5,22,Asus,8GB,van_phong_hoc_tap,2,9,3,Asus,Office_Student,8GB,512GB,duoi_15tr
giao_vien,9.7,27,Lenovo,16GB,van_phong_hoc_tap,2,10,4,Asus,Office_Student,8GB,512GB,duoi_15tr
gamer_streamer,23.7,18,Acer,8GB,gaming,1,4,2,Lenovo,Gaming,32GB,1TB,40tr_60tr
sinh_vien,6.7,22,Dell,16GB,van_phong_hoc_tap,2,10,4,Dell,Office_Student,8GB,512GB,duoi_15tr
sinh_vien,2.9,20,HP,8GB,van_phong_hoc_tap,3,7,3,HP,Office_Student,8GB,512GB,duoi_15tr
quan_ly_doanh_nhan,98.6,49,Apple,16GB,doanh_nhan_di_dong,2,2,1,Apple,Ultrabook_Business,16GB,512GB,tren_60tr
designer,29.8,29,Samsung,16GB,do_hoa_ky_thuat,3,12,4,Dell,Workstation_Creative,32GB,1TB,40tr_60tr
quan_ly_doanh_nhan,87.3,38,Apple,8GB,doanh_nhan_di_dong,1,10,4,Apple,Ultrabook_Business,16GB,512GB,tren_60tr
designer,19.9,23,Apple,16GB,do_hoa_ky_thuat,2,1,1,Asus,Gaming,16GB,1TB,25tr_40tr
designer,30.8,26,HP,8GB,do_hoa_ky_thuat,2,1,1,Lenovo,Workstation_Creative,32GB,1TB,40tr_60tr
ky_su,48.5,28,Asus,16GB,do_hoa_ky_thuat,2,8,3,Asus,Workstation_Creative,16GB,1TB,tren_60tr
vp_ke_toan,8.9,36,Asus,32GB,van_phong_hoc_tap,1,5,2,Asus,Office_Student,8GB,512GB,duoi_15tr
vp_ke_toan,17.8,33,Lenovo,8GB,van_phong_hoc_tap,2,6,2,Acer,Office_Student,16GB,512GB,15tr_25tr
sinh_vien,2.8,19,Apple,8GB,van_phong_hoc_tap,1,1,1,Dell,Office_Student,8GB,512GB,duoi_15tr
ky_su,30.1,38,Asus,8GB,do_hoa_ky_thuat,1,3,1,Dell,Workstation_Creative,32GB,1TB,40tr_60tr
quan_ly_doanh_nhan,69.4,32,Apple,8GB,doanh_nhan_di_dong,2,3,1,Apple,Ultrabook_Business,16GB,512GB,tren_60tr
sinh_vien,3.9,19,Dell,8GB,van_phong_hoc_tap,1,9,3,Dell,Office_Student,8GB,512GB,duoi_15tr
designer,14.0,34,Lenovo,16GB,do_hoa_ky_thuat,2,12,4,Lenovo,Gaming,32GB,1TB,25tr_40tr
quan_ly_doanh_nhan,41.2,41,Apple,8GB,doanh_nhan_di_dong,1,8,3,Apple,Ultrabook_Business,16GB,512GB,40tr_60tr
gamer_streamer,53.2,24,Dell,16GB,gaming,1,2,1,MSI,Gaming,32GB,1TB,tren_60tr
gamer_streamer,16.5,25,Acer,16GB,gaming,1,9,3,Acer,Gaming,32GB,1TB,25tr_40tr
quan_ly_doanh_nhan,35.4,42,Apple,16GB,doanh_nhan_di_dong,2,4,2,Asus,Ultrabook_Business,16GB,512GB,40tr_60tr
sinh_vien,2.2,18,HP,8GB,van_phong_hoc_tap,2,9,3,HP,Office_Student,8GB,512GB,duoi_15tr
sinh_vien,2.7,22,Dell,8GB,van_phong_hoc_tap,2,10,4,Dell,Office_Student,8GB,512GB,duoi_15tr
sinh_vien,3.9,20,Dell,16GB,van_phong_hoc_tap,1,9,3,Dell,Office_Student,8GB,512GB,duoi_15tr
sinh_vien,2.4,19,Dell,16GB,van_phong_hoc_tap,3,5,2,Asus,Office_Student,8GB,512GB,duoi_15tr
designer,31.6,22,Samsung,16GB,do_hoa_ky_thuat,1,2,1,Lenovo,Workstation_Creative,32GB,1TB,40tr_60tr
sinh_vien,5.9,22,Dell,16GB,van_phong_hoc_tap,1,4,2,Dell,Office_Student,8GB,512GB,duoi_15tr
sinh_vien,5.9,19,HP,8GB,van_phong_hoc_tap,3,7,3,HP,Office_Student,8GB,512GB,duoi_15tr
lap_trinh_vien,43.6,22,Dell,32GB,do_hoa_ky_thuat,2,6,2,Lenovo,Workstation_Creative,32GB,1TB,tren_60tr
sinh_vien,7.2,18,Asus,16GB,van_phong_hoc_tap,1,5,2,Acer,Office_Student,8GB,512GB,duoi_15tr
gamer_streamer,56.8,28,Lenovo,16GB,gaming,1,11,4,HP,Gaming,32GB,1TB,tren_60tr
designer,28.3,32,Lenovo,8GB,do_hoa_ky_thuat,1,8,3,Dell,Workstation_Creative,32GB,1TB,40tr_60tr
designer,21.1,23,HP,16GB,do_hoa_ky_thuat,1,6,2,Asus,Workstation_Creative,32GB,1TB,25tr_40tr
sinh_vien,4.3,19,Dell,8GB,van_phong_hoc_tap,4,8,3,Dell,Office_Student,8GB,512GB,duoi_15tr
sinh_vien,6.1,22,Dell,16GB,van_phong_hoc_tap,1,2,1,Acer,Office_Student,8GB,512GB,duoi_15tr
gamer_streamer,41.8,29,MSI,8GB,gaming,1,4,2,Lenovo,Gaming,32GB,1TB,tren_60tr
lap_trinh_vien,47.1,34,Lenovo,16GB,do_hoa_ky_thuat,2,4,2,Lenovo,Workstation_Creative,32GB,1TB,tren_60tr
lap_trinh_vien,42.4,36,Apple,16GB,do_hoa_ky_thuat,2,6,2,Apple,Workstation_Creative,32GB,1TB,tren_60tr
vp_ke_toan,14.3,40,HP,16GB,van_phong_hoc_tap,1,4,2,HP,Office_Student,16GB,512GB,15tr_25tr
designer,15.8,22,HP,8GB,do_hoa_ky_thuat,1,2,1,HP,Gaming,32GB,1TB,25tr_40tr
designer,26.5,29,Apple,16GB,do_hoa_ky_thuat,1,7,3,Apple,Workstation_Creative,16GB,1TB,40tr_60tr
sinh_vien,3.9,22,Dell,16GB,van_phong_hoc_tap,2,11,4,Asus,Office_Student,8GB,512GB,duoi_15tr
sinh_vien,3.8,19,Asus,8GB,van_phong_hoc_tap,2,2,1,Asus,Office_Student,8GB,512GB,duoi_15tr
gamer_streamer,58.9,26,Asus,8GB,gaming,2,3,1,Asus,Gaming,16GB,1TB,tren_60tr
gamer_streamer,20.9,28,Lenovo,16GB,gaming,2,6,2,Lenovo,Gaming,32GB,1TB,25tr_40tr
sinh_vien,2.8,19,Dell,8GB,van_phong_hoc_tap,1,12,4,Dell,Office_Student,8GB,512GB,duoi_15tr
sinh_vien,2.9,20,Asus,16GB,gaming,3,9,3,Asus,Gaming,16GB,512GB,duoi_15tr
gamer_streamer,28.9,20,Acer,16GB,gaming,1,1,1,Acer,Gaming,32GB,1TB,40tr_60tr
sinh_vien,4.5,18,Dell,16GB,van_phong_hoc_tap,2,8,3,HP,Office_Student,8GB,512GB,duoi_15tr
lap_trinh_vien,30.3,34,Dell,16GB,do_hoa_ky_thuat,4,11,4,Dell,Workstation_Creative,32GB,1TB,40tr_60tr
vp_ke_toan,12.6,33,Dell,16GB,van_phong_hoc_tap,1,7,3,Dell,Office_Student,16GB,512GB,15tr_25tr
vp_ke_toan,14.7,28,HP,32GB,van_phong_hoc_tap,2,1,1,Acer,Office_Student,16GB,512GB,15tr_25tr
designer,26.8,23,Apple,16GB,do_hoa_ky_thuat,2,7,3,Apple,Workstation_Creative,32GB,1TB,40tr_60tr
quan_ly_doanh_nhan,88.2,46,Lenovo,16GB,doanh_nhan_di_dong,2,5,2,Samsung,Ultrabook_Business,16GB,512GB,tren_60tr
designer,18.2,30,HP,16GB,do_hoa_ky_thuat,1,9,3,MSI,Gaming,16GB,1TB,25tr_40tr
vp_ke_toan,16.3,33,Lenovo,16GB,van_phong_hoc_tap,2,12,4,Dell,Office_Student,16GB,512GB,15tr_25tr
ky_su,40.7,37,Asus,8GB,do_hoa_ky_thuat,1,12,4,Lenovo,Workstation_Creative,32GB,1TB,tren_60tr
lap_trinh_vien,41.0,24,Dell,16GB,do_hoa_ky_thuat,2,2,1,Apple,Workstation_Creative,32GB,1TB,tren_60tr
lap_trinh_vien,41.2,33,Apple,8GB,do_hoa_ky_thuat,1,2,1,Apple,Workstation_Creative,32GB,1TB,tren_60tr
freelancer_creator,15.3,22,HP,16GB,do_hoa_ky_thuat,2,4,2,HP,Gaming,16GB,1TB,25tr_40tr
quan_ly_doanh_nhan,53.2,39,HP,16GB,doanh_nhan_di_dong,1,8,3,HP,Ultrabook_Business,16GB,512GB,40tr_60tr
sinh_vien,3.3,18,HP,8GB,gaming,1,7,3,HP,Gaming,16GB,512GB,duoi_15tr
sinh_vien,3.5,18,Apple,16GB,van_phong_hoc_tap,1,2,1,Asus,Office_Student,8GB,512GB,duoi_15tr
vp_ke_toan,16.5,34,HP,16GB,van_phong_hoc_tap,3,10,4,HP,Office_Student,16GB,512GB,15tr_25tr
sinh_vien,3.2,20,HP,16GB,van_phong_hoc_tap,1,8,3,HP,Office_Student,8GB,512GB,duoi_15tr
giao_vien,12.5,25,Dell,8GB,van_phong_hoc_tap,2,5,2,Asus,Office_Student,16GB,512GB,15tr_25tr
vp_ke_toan,8.4,24,HP,16GB,van_phong_hoc_tap,3,12,4,HP,Office_Student,8GB,512GB,duoi_15tr
quan_ly_doanh_nhan,72.9,45,Apple,16GB,doanh_nhan_di_dong,4,9,3,Dell,Ultrabook_Business,16GB,512GB,tren_60tr
lap_trinh_vien,21.5,36,Apple,8GB,do_hoa_ky_thuat,4,6,2,Apple,Workstation_Creative,32GB,1TB,25tr_40tr
lap_trinh_vien,19.9,27,Lenovo,16GB,do_hoa_ky_thuat,1,11,4,Lenovo,Gaming,32GB,1TB,25tr_40tr
vp_ke_toan,17.7,39,Lenovo,16GB,van_phong_hoc_tap,1,3,1,Lenovo,Office_Student,16GB,512GB,15tr_25tr
vp_ke_toan,17.9,25,Asus,16GB,van_phong_hoc_tap,1,6,2,Asus,Office_Student,16GB,512GB,15tr_25tr
lap_trinh_vien,41.5,33,Apple,16GB,do_hoa_ky_thuat,1,7,3,Dell,Workstation_Creative,32GB,1TB,tren_60tr
lap_trinh_vien,18.6,36,Apple,32GB,do_hoa_ky_thuat,1,7,3,Asus,Gaming,16GB,1TB,25tr_40tr
sinh_vien,4.7,18,MSI,16GB,gaming,3,8,3,HP,Gaming,16GB,512GB,duoi_15tr
lap_trinh_vien,33.0,30,Lenovo,16GB,do_hoa_ky_thuat,2,11,4,Lenovo,Workstation_Creative,32GB,1TB,40tr_60tr
ky_su,29.9,36,HP,16GB,do_hoa_ky_thuat,1,3,1,Dell,Workstation_Creative,16GB,1TB,40tr_60tr
freelancer_creator,13.7,31,Asus,8GB,do_hoa_ky_thuat,1,4,2,Asus,Gaming,32GB,1TB,25tr_40tr
lap_trinh_vien,47.4,23,Dell,16GB,do_hoa_ky_thuat,1,11,4,Dell,Workstation_Creative,16GB,1TB,tren_60tr
lap_trinh_vien,42.3,26,Dell,16GB,do_hoa_ky_thuat,2,5,2,Dell,Workstation_Creative,32GB,1TB,tren_60tr
freelancer_creator,29.1,31,Lenovo,16GB,do_hoa_ky_thuat,3,1,1,Asus,Workstation_Creative,16GB,1TB,40tr_60tr
quan_ly_doanh_nhan,94.4,46,Dell,8GB,doanh_nhan_di_dong,1,8,3,Dell,Ultrabook_Business,16GB,512GB,tren_60tr
sinh_vien,3.2,20,MSI,16GB,gaming,1,11,4,MSI,Gaming,16GB,512GB,duoi_15tr
quan_ly_doanh_nhan,44.9,35,Dell,16GB,doanh_nhan_di_dong,2,8,3,Dell,Ultrabook_Business,16GB,512GB,40tr_60tr
quan_ly_doanh_nhan,91.6,36,Asus,16GB,doanh_nhan_di_dong,3,8,3,Asus,Ultrabook_Business,16GB,512GB,tren_60tr
gamer_streamer,40.7,23,Asus,8GB,gaming,3,11,4,Lenovo,Gaming,32GB,1TB,tren_60tr
gamer_streamer,31.9,19,MSI,32GB,gaming,1,8,3,HP,Gaming,32GB,1TB,40tr_60tr
quan_ly_doanh_nhan,38.5,40,HP,8GB,doanh_nhan_di_dong,1,8,3,HP,Ultrabook_Business,16GB,512GB,40tr_60tr
vp_ke_toan,11.4,29,Dell,8GB,van_phong_hoc_tap,1,12,4,Asus,Office_Student,16GB,512GB,15tr_25tr
designer,16.1,23,Dell,8GB,do_hoa_ky_thuat,1,4,2,Asus,Gaming,16GB,1TB,25tr_40tr
sinh_vien,2.7,19,Asus,16GB,van_phong_hoc_tap,2,10,4,Asus,Office_Student,8GB,512GB,duoi_15tr
sinh_vien,6.1,19,Asus,16GB,van_phong_hoc_tap,1,9,3,Asus,Office_Student,8GB,512GB,duoi_15tr
vp_ke_toan,13.6,40,Lenovo,8GB,van_phong_hoc_tap,2,8,3,HP,Office_Student,16GB,512GB,15tr_25tr
sinh_vien,6.0,18,Acer,16GB,gaming,1,2,1,Acer,Gaming,16GB,512GB,duoi_15tr
lap_trinh_vien,44.5,31,HP,16GB,do_hoa_ky_thuat,2,8,3,Dell,Workstation_Creative,32GB,1TB,tren_60tr
vp_ke_toan,13.1,40,Asus,16GB,van_phong_hoc_tap,4,1,1,Asus,Office_Student,16GB,512GB,15tr_25tr
lap_trinh_vien,29.3,33,Lenovo,16GB,do_hoa_ky_thuat,2,10,4,Lenovo,Workstation_Creative,32GB,1TB,40tr_60tr
quan_ly_doanh_nhan,54.5,52,Apple,16GB,doanh_nhan_di_dong,1,6,2,Dell,Ultrabook_Business,16GB,512GB,40tr_60tr
ky_su,23.2,36,HP,16GB,do_hoa_ky_thuat,1,11,4,Lenovo,Workstation_Creative,32GB,1TB,25tr_40tr
gamer_streamer,20.8,20,MSI,8GB,gaming,3,7,3,MSI,Gaming,32GB,1TB,25tr_40tr
designer,21.7,26,Lenovo,16GB,do_hoa_ky_thuat,3,11,4,Lenovo,Workstation_Creative,16GB,1TB,25tr_40tr
designer,37.9,34,HP,16GB,do_hoa_ky_thuat,2,4,2,Asus,Workstation_Creative,16GB,1TB,40tr_60tr
gamer_streamer,59.0,23,MSI,16GB,gaming,1,7,3,MSI,Gaming,32GB,1TB,tren_60tr
ky_su,46.4,35,Dell,16GB,do_hoa_ky_thuat,1,10,4,Dell,Workstation_Creative,16GB,1TB,tren_60tr
gamer_streamer,15.0,28,Acer,16GB,gaming,1,3,1,Acer,Gaming,32GB,1TB,25tr_40tr
giao_vien,17.8,24,Lenovo,16GB,van_phong_hoc_tap,1,7,3,Lenovo,Office_Student,16GB,512GB,15tr_25tr
lap_trinh_vien,20.6,39,Lenovo,16GB,do_hoa_ky_thuat,2,12,4,Lenovo,Workstation_Creative,32GB,1TB,25tr_40tr
vp_ke_toan,18.1,26,HP,16GB,van_phong_hoc_tap,2,6,2,HP,Office_Student,16GB,512GB,15tr_25tr
quan_ly_doanh_nhan,42.2,41,Asus,16GB,doanh_nhan_di_dong,3,4,2,Apple,Ultrabook_Business,16GB,512GB,40tr_60tr
quan_ly_doanh_nhan,35.1,36,Dell,8GB,doanh_nhan_di_dong,3,3,1,Dell,Ultrabook_Business,16GB,512GB,40tr_60tr
sinh_vien,2.1,20,HP,8GB,van_phong_hoc_tap,2,6,2,HP,Office_Student,8GB,512GB,duoi_15tr
sinh_vien,5.4,22,Dell,8GB,van_phong_hoc_tap,3,2,1,Dell,Office_Student,8GB,512GB,duoi_15tr
gamer_streamer,17.5,27,Lenovo,32GB,gaming,2,10,4,Lenovo,Gaming,16GB,1TB,25tr_40tr
lap_trinh_vien,27.1,27,Dell,16GB,do_hoa_ky_thuat,1,5,2,Dell,Workstation_Creative,32GB,1TB,40tr_60tr
